stem	class	kind	evidence
अँगाल	V	C	14
अंगाल	V	C	10
अघाउ	V	U	0
अङ्गाल	V	C	7
अटाउ	V	U	11
अडि	V	V	10
अड्काउ	V	U	6
अड्कि	V	V	11
अतालि	V	V	5
अत्तालि	V	V	9
अपनाउ	V	U	23
अप्नाउ	V	U	7
अर्जाप	V	C	0
अलग्गि	V	V	8
अलग्याउ	V	U	7
अलमलि	V	V	10
अल्झि	V	V	13
अल्मलि	V	V	8
असुल	V	C	16
अस्ताउ	V	U	13
अह्राउ	V	U	7
अाउ	V	U	10
आईपुग	V	C	11
आईसक	V	C	7
आउ	V	U	26
आत्ति	V	V	12
उईंति	V	V	0
उकास	V	C	13
उकिल	V	C	0
उक्लि	V	V	11
उक्साउ	V	U	11
उखेल	V	C	9
उघ्रि	V	V	0
उचाल	V	C	15
उठ	V	C	19
उठाइ	V	V	10
उठाउ	V	U	27
उड	V	C	13
उडाउ	V	U	20
उतार	V	C	20
उत्रि	V	V	14
उदाउ	V	U	16
उफ्रि	V	V	11
उब्जि	V	V	9
उभि	V	V	17
उभ्याउ	V	U	15
उमार	V	C	8
उल्टाउ	V	U	8
एक्लि	V	V	9
ओकल	V	C	11
ओगट	V	C	12
ओर्लि	V	V	13
ओसार	V	C	12
औँल्याउ	V	U	13
औंल्याउ	V	U	13
औल्याउ	V	U	11
कटाउ	V	U	14
कमाउ	V	U	28
कराउ	V	U	18
कस	V	C	10
काँप	V	C	0
काट	V	C	25
काटि	V	V	14
काढ	V	C	8
किन	V	C	29
कुट	V	C	17
कुटि	V	V	9
कुद	V	C	15
कुदाउ	V	U	11
कुर	V	C	18
कुल्चि	V	V	10
केलाउ	V	U	12
कोट्याउ	V	U	10
कोर	V	C	19
कोरि	V	V	9
खट	V	C	12
खटाउ	V	U	15
खटि	V	V	16
खन	V	C	14
खनि	V	V	13
खन्याउ	V	U	13
खर्चि	V	V	14
खस	V	C	14
खसाउ	V	U	7
खसाल	V	C	16
खस्कि	V	V	12
खा	V	V	29
खाप	V	C	0
खिच	V	C	20
खियाउ	V	U	5
खुम्चि	V	V	12
खुम्च्याउ	V	U	10
खुल	V	C	22
खुलाउ	V	U	16
खुवाउ	V	U	22
खेद	V	C	9
खेप	V	C	12
खेल	V	C	34
खेलाउ	V	U	17
खोक	V	C	10
खोज	V	C	34
खोजि	V	V	14
खोतल	V	C	9
खोप	V	C	10
खोल	V	C	27
खोलि	V	V	10
खोस	V	C	19
खोसि	V	V	11
गइहाल	V	C	6
गन	V	C	10
गर	V	C	47
गराइ	V	V	16
गराई	V	V	8
गराउ	V	U	33
गरि	V	V	24
गरी	V	V	11
गर्दि	V	V	9
गर्नसक	V	C	14
गर्र	V	C	12
गल	V	C	0
गाँस	V	C	14
गाँसि	V	V	8
गाउ	V	U	23
गाड	V	C	16
गाड़	V	C	0
गाभ	V	C	12
गाभि	V	V	10
गाल	V	C	0
गिर	V	C	12
गिराउ	V	U	7
गुजार	V	C	9
गुज्रि	V	V	12
गुड	V	C	16
गुडाउ	V	U	8
गुम	V	C	15
गुमाउ	V	U	18
गुम्सि	V	V	0
गुहार	V	C	11
घट	V	C	17
घटाइ	V	V	8
घटाउ	V	U	24
घस	V	C	0
घस्रि	V	V	0
घुम	V	C	20
घुमाउ	V	U	18
घुसाउ	V	U	10
घेर	V	C	15
घोत्लि	V	V	10
घोप्टी	V	V	0
चढ	V	C	15
चढाउ	V	U	20
चपाउ	V	U	8
चराउ	V	U	9
चर्काउ	V	U	9
चल	V	C	19
चलाइ	V	V	10
चलाउ	V	U	33
चहार	V	C	9
चाख	V	C	10
चाल	V	C	20
चाहि	V	V	15
चिच्याउ	V	U	12
चिताउ	V	U	6
चिन	V	C	32
चिनाउ	V	U	16
चिनि	V	V	16
चिम्लि	V	V	8
चिर	V	C	12
चुक	V	C	17
चुकाउ	V	U	10
चुन	V	C	19
चुनि	V	V	13
चुलि	V	V	13
चुस	V	C	11
चुहाउ	V	U	8
चोखि	V	V	0
चोर	V	C	15
च्यात	V	C	15
च्याति	V	V	9
च्याप	V	C	16
छ	V	C	0
छटपटाउ	V	U	7
छटपटि	V	V	6
छट्पटाउ	V	U	8
छर	V	C	11
छल	V	C	7
छाउ	V	U	14
छाड	V	C	30
छान	V	C	23
छानि	V	V	12
छाप	V	C	18
छापि	V	V	12
छाम	V	C	11
छिचोल	V	C	10
छिन	V	C	9
छिर	V	C	20
छिराउ	V	U	9
छु	V	V	9
छुट	V	C	24
छुटाउ	V	U	16
छुटि	V	V	8
छुट्टाउ	V	U	8
छुट्टि	V	V	12
छुट्ट्याउ	V	U	10
छुट्याइ	V	V	6
छुट्याउ	V	U	18
छेक	V	C	16
छेड	V	C	13
छोट्याउ	V	U	9
छोड	V	C	31
छोडि	V	V	12
छोप	V	C	18
जँच	V	C	0
जगाउ	V	U	12
जनाउ	V	U	23
जन्माउ	V	U	16
जन्मि	V	V	14
जम	V	C	9
जमाउ	V	U	14
जल	V	C	11
जलाउ	V	U	16
जा	V	V	25
जाँच	V	C	13
जाग	V	C	15
जान	V	C	42
जिउ	V	U	12
जित	V	C	30
जिताउ	V	U	13
जिस्क्याउ	V	U	11
जुट	V	C	16
जुटाउ	V	U	16
जुध	V	C	12
जुधाउ	V	U	8
जुर्मुराउ	V	U	9
जोगाउ	V	U	18
जोगि	V	V	13
जोड	V	C	23
जोडि	V	V	17
जोत	V	C	14
जोति	V	V	6
झपार	V	C	0
झर	V	C	15
झस्कि	V	V	9
झार	V	C	18
झिक	V	C	16
झिकाउ	V	U	9
झुक	V	C	15
झुकाउ	V	U	10
झुक्याउ	V	U	11
झुण्ड्याउ	V	U	10
झेल	V	C	13
टर	V	C	0
टाँस	V	C	16
टाँसि	V	V	10
टाढि	V	V	12
टार	V	C	15
टाल	V	C	9
टिक	V	C	16
टिप	V	C	18
टुंग्याउ	V	U	16
टुक्रि	V	V	10
टुङ्ग्याउ	V	U	11
टुट	V	C	13
टुटाउ	V	U	7
टुसाउ	V	U	0
टेक	V	C	16
टेर	V	C	9
टॉस	V	C	0
टोक	V	C	17
ठग	V	C	12
ठगि	V	V	12
ठड्याउ	V	U	13
ठहरि	V	V	11
ठहर्याउ	V	U	11
ठान	V	C	32
ठोक	V	C	18
ठोक्कि	V	V	13
डराउ	V	U	21
डाक	V	C	13
डुब	V	C	20
डुबाउ	V	U	13
डुल	V	C	13
डोर्याउ	V	U	10
ढल	V	C	12
ढाँट	V	C	11
ढाक	V	C	15
ढाल	V	C	17
ढोग	V	C	11
तताउ	V	U	12
तन्काउ	V	U	6
तर	V	C	6
तर्साउ	V	U	10
तर्सि	V	V	10
ताक	V	C	15
तात	V	C	17
ताति	V	V	10
तान	V	C	24
तानि	V	V	12
ताप	V	C	9
तिर	V	C	28
तुल्याउ	V	U	17
तोक	V	C	19
तोकि	V	V	12
तोड	V	C	22
तोडि	V	V	9
त्याग	V	C	15
थन्काउ	V	U	8
थन्कि	V	V	11
थन्क्याउ	V	U	10
थप	V	C	21
थपि	V	V	15
थमाउ	V	U	11
थर्काउ	V	U	9
थाक	V	C	16
थाप	V	C	17
थाल	V	C	27
थि	V	V	0
थिच	V	C	15
थिचि	V	V	7
थुक	V	C	11
थुन	V	C	17
थुनि	V	V	12
थुपार	V	C	12
थुप्रि	V	V	0
थेग	V	C	9
थोपर	V	C	13
दगुर	V	C	10
दबाउ	V	U	15
दर्शाउ	V	U	13
दल	V	C	9
दि	V	V	36
दिइ	V	V	17
दिई	V	V	9
दुख	V	C	17
दुखाउ	V	U	12
दुब्लाउ	V	U	7
देख	V	C	40
देखाइ	V	V	11
देखाउ	V	U	30
देखापर	V	C	12
देखि	V	V	30
दोहोरि	V	V	13
दोहोर्याउ	V	U	17
दौड	V	C	17
दौडाउ	V	U	9
दौडि	V	V	14
धकेल	V	C	17
धकेलि	V	V	12
धपाउ	V	U	11
धम्काउ	V	U	9
धम्क्याउ	V	U	10
धाउ	V	U	15
धान	V	C	20
धो	V	V	0
नकार	V	C	10
नचाउ	V	U	11
नजिकि	V	V	13
नाघ	V	C	13
नाच	V	C	20
नाप	V	C	15
निकाल	V	C	27
निकालि	V	V	12
निक्लि	V	V	8
निदाउ	V	U	14
निभाउ	V	U	16
निम्त्याउ	V	U	15
नियाल	V	C	15
निल	V	C	14
निस्कि	V	V	20
नुहाउ	V	U	13
पकाउ	V	U	19
पक्रि	V	V	0
पखाल	V	C	13
पग्लि	V	V	12
पचाउ	V	U	12
पछार	V	C	0
पछुताउ	V	U	7
पछ्याउ	V	U	17
पठाइ	V	V	12
पठाउ	V	U	29
पड्काउ	V	U	11
पढ	V	C	25
पढ़	V	C	0
पढाउ	V	U	22
पत्याउ	V	U	17
पन्छाउ	V	U	12
पन्छि	V	V	11
पर	V	C	32
पराउ	V	U	25
पर्खि	V	V	10
पलाउ	V	U	13
पल्टाउ	V	U	9
पल्टि	V	V	11
पस	V	C	15
पहिल्याउ	V	U	9
पा	V	V	0
पाइ	V	V	18
पाउ	V	U	41
पाक	V	C	15
पार	V	C	36
पारि	V	V	14
पाल	V	C	23
पिउ	V	U	13
पिट	V	C	17
पिलाउ	V	U	7
पिस	V	C	9
पुकार	V	C	11
पुग	V	C	38
पुछ	V	C	12
पुज	V	C	15
पुर	V	C	17
पुराउ	V	U	12
पुरि	V	V	13
पुर्याइ	V	V	9
पुर्याउ	V	U	26
पुऱ्याउ	V	U	9
पेल	V	C	12
पोख	V	C	22
पोखि	V	V	11
पोल	V	C	17
प्रष्ट्याउ	V	U	9
प्रस्ट्याउ	V	U	10
फकाउ	V	U	12
फर्काउ	V	U	19
फर्कि	V	V	24
फल	V	C	8
फलाउ	V	U	9
फस	V	C	11
फसाउ	V	U	14
फस्टाउ	V	U	13
फहराउ	V	U	13
फाल	V	C	23
फुक	V	C	12
फुकाउ	V	U	7
फुट	V	C	16
फुटाउ	V	U	16
फुत्कि	V	V	6
फुल	V	C	19
फेर	V	C	22
फेरि	V	V	17
फैलाउ	V	U	17
फैलि	V	V	16
फोर	V	C	8
फ्याँक	V	C	17
फ्याक	V	C	11
फ्याल	V	C	7
बग	V	C	13
बगाउ	V	U	18
बच	V	C	10
बचाउ	V	U	20
बज	V	C	13
बजाउ	V	U	22
बटुल	V	C	15
बढ	V	C	22
बढाइ	V	V	10
बढाउ	V	U	29
बता	V	V	10
बताउ	V	U	30
बदल	V	C	21
बदलि	V	V	16
बद्लि	V	V	9
बन	V	C	31
बनाइ	V	V	16
बनाई	V	V	10
बनाउ	V	U	36
बनि	V	V	11
बरालि	V	V	8
बस	V	C	35
बसाउ	V	U	16
बसाल	V	C	14
बहकि	V	V	8
बहुलाउ	V	U	0
बाँच	V	C	28
बाँड	V	C	22
बाँडि	V	V	11
बाँध	V	C	20
बाँधि	V	V	11
बाच	V	C	13
बाड	V	C	12
बाढ	V	C	9
बाध	V	C	10
बार	V	C	11
बाल	V	C	19
बास	V	C	8
बाहिरि	V	V	14
बिक	V	C	13
बिगार	V	C	15
बिग्रि	V	V	15
बित	V	C	17
बिताउ	V	U	20
बिराउ	V	U	10
बिर्सि	V	V	16
बुझ	V	C	38
बुझाउ	V	U	24
बुझि	V	V	13
बुन	V	C	19
बेच	V	C	28
बेचि	V	V	12
बेहोर	V	C	14
बोक	V	C	21
बोकाउ	V	U	9
बोल	V	C	41
बोलाउ	V	U	26
ब्यहोर	V	C	11
ब्युँताउ	V	U	7
भइदि	V	V	11
भइराख	V	C	9
भइसक	V	C	15
भइहाल	V	C	11
भईदि	V	V	6
भईसक	V	C	8
भक्कानि	V	V	10
भगाउ	V	U	9
भड्कि	V	V	11
भत्काउ	V	U	20
भत्कि	V	V	15
भन	V	C	40
भनि	V	V	19
भन्ठान	V	C	10
भन्दि	V	V	8
भर	V	C	20
भराउ	V	U	7
भरि	V	V	19
भाँच	V	C	15
भाँचि	V	V	12
भाग	V	C	21
भासि	V	V	14
भिज	V	C	15
भिजाउ	V	U	10
भिड	V	C	11
भित्राउ	V	U	11
भित्रि	V	V	15
भित्र्याउ	V	U	18
भुल	V	C	20
भेट	V	C	26
भेटाउ	V	U	11
भेटि	V	V	21
भेट्टाउ	V	U	16
भैसक	V	C	11
भोग	V	C	21
भौँतारि	V	V	8
भौतारि	V	V	10
भ्याउ	V	U	13
मगाउ	V	U	13
मच्चाउ	V	U	16
मनपराउ	V	U	12
मनाइ	V	V	11
मनाउ	V	U	24
मन्सि	V	V	0
मर	V	C	23
माग	V	C	28
माझ	V	C	12
मात्ति	V	V	7
मान	V	C	39
मानि	V	V	18
मार	V	C	29
मारि	V	V	12
मास	V	C	14
मासि	V	V	12
मिच	V	C	16
मिल	V	C	24
मिलाइ	V	V	7
मिलाउ	V	U	23
मिसाउ	V	U	16
मिसि	V	V	12
मुछ	V	C	12
मुछि	V	V	12
मुस्कुराउ	V	U	13
मेट	V	C	14
मेटाउ	V	U	12
मेटि	V	V	13
मोटाउ	V	U	9
मोड	V	C	14
मोडि	V	V	11
मोल	V	C	11
मौलाउ	V	U	12
याउ	V	U	25
रच	V	C	11
रमाउ	V	U	19
रह	V	C	8
राख	V	C	42
राखि	V	V	18
रिसाउ	V	U	19
रु	V	V	10
रुचाउ	V	U	21
रुझ	V	C	5
रुमलि	V	V	8
रुमल्लि	V	V	8
रुवाउ	V	U	10
रो	V	V	0
रोक	V	C	30
रोकि	V	V	20
रोज	V	C	20
रोप	V	C	20
लखेट	V	C	17
लखेटि	V	V	8
लग	V	C	17
लगा	V	V	12
लगाइ	V	V	15
लगाउ	V	U	31
लगि	V	V	11
लजाउ	V	U	10
लड	V	C	18
लडाउ	V	U	9
लत्याउ	V	U	11
लम्बि	V	V	12
लम्ब्याउ	V	U	12
ला	V	V	14
लाउ	V	U	24
लाग	V	C	39
लाद	V	C	14
लि	V	V	32
लिइ	V	V	13
लुक	V	C	14
लुकाउ	V	U	18
लुट	V	C	18
लुटि	V	V	13
लेख	V	C	34
लेखाउ	V	U	10
लेखि	V	V	16
लैजा	V	V	17
ल्याइ	V	V	15
ल्याई	V	V	7
ल्याउ	V	U	33
वढाउ	V	U	8
वताउ	V	U	15
वन	V	C	11
वनाउ	V	U	14
वस	V	C	9
वित	V	C	13
विताउ	V	U	11
विदेशि	V	V	10
वुझ	V	C	9
वुझाउ	V	U	8
व्यहोर	V	C	13
संगाल	V	C	8
सक	V	C	43
सकाउ	V	U	10
सकि	V	V	23
सघाउ	V	U	19
सच्चाउ	V	U	8
सच्चि	V	V	8
सच्याउ	V	U	17
सजाउ	V	U	12
सताउ	V	U	18
सप्रि	V	V	0
समाउ	V	U	14
समात	V	C	22
समाति	V	V	9
समाल	V	C	10
समेट	V	C	20
समेटि	V	V	11
सम्झाउ	V	U	19
सम्झि	V	V	21
सम्हाल	V	C	22
सम्हालि	V	V	11
सर	V	C	16
सराप	V	C	0
सल्काउ	V	U	7
साट	V	C	17
सार	V	C	23
सारि	V	V	11
सिक	V	C	26
सिकाइ	V	V	7
सिकाउ	V	U	24
सिध्याउ	V	U	13
सिलाउ	V	U	12
सुक	V	C	15
सुकाउ	V	U	13
सुझाउ	V	U	13
सुत	V	C	25
सुताउ	V	U	9
सुधार	V	C	15
सुध्रि	V	V	13
सुन	V	C	38
सुनाउ	V	U	24
सुनि	V	V	19
सुन्नि	V	V	8
सुम्पि	V	V	13
सुम्सुम्याउ	V	U	6
सुल्झाउ	V	U	8
सेलाउ	V	U	14
सोच	V	C	40
सोचि	V	V	6
सोध	V	C	30
स्विकार	V	C	19
स्वीकार	V	C	23
हँसाउ	V	U	11
हट	V	C	14
हटाइ	V	V	10
हटाउ	V	U	23
हतारि	V	V	9
हप्काउ	V	U	9
हराउ	V	U	26
हल्लाउ	V	U	13
हसाउ	V	U	9
हाँक	V	C	13
हाँस	V	C	21
हान	V	C	21
हार	V	C	24
हाल	V	C	31
हास	V	C	12
हिँड	V	C	26
हिँडाउ	V	U	6
हिंड	V	C	17
हिड	V	C	20
हिर्काउ	V	U	13
हु	V	V	26
हुर्काउ	V	U	15
हुर्कि	V	V	12
हुल	V	C	7
हुु	V	V	9
हेप	V	C	15
हेर	V	C	36
हेरि	V	V	15
हो	V	V	0
होमि	V	V	14
हौसि	V	V	10
अँगार	N		0
अँगाले	N		3
अँगालो	N		2
अँगुठी	N		0
अँध्यारो	N		7
अंक	N	S	12
अंकगणित	N		5
अंकल	N		4
अंकारा	N		2
अंकित	N		3
अंकिता	N		3
अंग	N	S	9
अंगदान	N		3
अंगरक्षक	N		3
अंगाले	N		2
अंगालो	N		2
अंगीकृत	N		2
अंगुर	N		2
अंग्रेज	N		8
अंग्रेजी	N		7
अंश	N	S	8
अंशबन्डा	N		2
अंशियार	N		3
अंशुवर्मा	N		3
अंसारी	N		3
अकबर	N		2
अकर्मण्यता	N		6
अकस्मात	N		0
अकाउन्ट	N		7
अकाल	N		2
अकास	N		0
अक्टुबर	N		4
अक्टोबर	N		6
अक्ष	N		2
अक्षता	N		3
अक्षमता	N		4
अक्षय	N		6
अक्षयकुमार	N		2
अक्षयकोष	N		6
अक्षर	N		9
अक्सन	N		4
अक्सफाम	N		2
अक्सफोर्ड	N		4
अक्सिजन	N		7
अक्सिमिटर	N		2
अखडा	N		6
अखण्डता	N		5
अखबार	N		8
अखवार	N		2
अखिल	N		5
अख्तर	N		3
अख्तियार	N		11
अख्तियारी	N		2
अगमवक्ता	N		2
अगमवाणी	N		3
अगष्ट	N		6
अगस्ट	N		7
अगस्त	N		5
अगाडि	N		6
अगाडी	N		6
अगावै	N		2
अगुल्टो	N		0
अगुवा	N	S	10
अगुवाई	N		2
अगेना	N		3
अगेनो	N		0
अग्नि	N		6
अग्निनियन्त्रक	N		2
अग्नी	N		2
अग्रगति	N		3
अग्रगमन	N		3
अग्रज	N		9
अग्रता	N		5
अग्रपंक्ति	N		4
अग्रवाल	N		6
अग्रसरता	N		6
अग्रहरी	N		3
अग्राधिकार	N		2
अघाए	N		2
अघि	N		7
अङ्क	N		8
अङ्कल	N		3
अङ्ग	N		9
अङ्गुर	N		2
अङ्ग्रेज	N		3
अङ्ग्रेजी	N		4
अचम्म	N		6
अचानो	N		2
अचार	N		5
अचार्य	N		3
अचेल	N		2
अच्चम	N		2
अछाम	N		8
अछामी	N		2
अछूत	N		2
अछेतो	N		0
अजय	N		4
अजरबैजान	N		5
अजिंगर	N		3
अजिज	N		3
अजित	N		4
अजिता	N		2
अजेन्डा	N		2
अज्ञात	N		2
अज्ञान	N		2
अज्ञानता	N		6
अझ	N		0
अञ्चल	N		6
अञ्जन	N		3
अञ्जना	N		2
अञ्जली	N		3
अञ्जु	N		4
अटाए	N		3
अटिजम	N		3
अटेरी	N		2
अटो	N		7
अटोमोबाइल	N		5
अटोमोबाइल्स	N		3
अटोरिक्सा	N		4
अट्याक	N		2
अठहत्तर	N		0
अठार	N		0
अठासी	N		0
अठोट	N		5
अठ्चालीस	N		0
अठ्ठाईस	N		0
अठ्ठीस	N		0
अड़डा	N		0
अडान	N	S	11
अडानी	N		2
अडिए	N		2
अडिट	N		6
अडिटर	N		2
अडिसन	N		5
अड्कलबाजी	N		2
अड्किए	N		2
अड्चन	N		6
अड्डा	N		8
अढ़ाइ	N		0
अणु	N		4
अण्डकोष	N		2
अण्डरवेयर	N		2
अण्डा	N		7
अण्डो	N		0
अतिक्रमण	N		7
अतिक्रमणकारी	N		2
अतित	N		5
अतिथि	N	S	9
अतिथी	N		5
अतिरिक्त	N		3
अतिवाद	N		5
अतिवादी	N		5
अतीत	N		6
अत्तरिया	N		9
अत्तरीया	N		3
अत्तालिए	N		2
अत्याचार	N		6
अथिति	N		6
अथिती	N		2
अथ्र्याए	N		2
अदातल	N		5
अदाल	N		3
अदालत	N	S	14
अदालतल	N		2
अदिती	N		3
अदुवा	N		5
अदूरदर्शिता	N		2
अद्यावधिक	N		4
अधिक	N		3
अधिकमास	N		3
अधिकाँश	N		2
अधिकांश	N		6
अधिकांस	N		4
अधिकार	N	S	12
अधिकारकर्मी	N		7
अधिकारवादी	N		4
अधिकारि	N		3
अधिकारी	N	S	13
अधिकाशं	N		2
अधिकृत	N	S	12
अधिकृतस्तर	N		3
अधिग्रहण	N		4
अधिनायकत्व	N		3
अधिनायकवाद	N		5
अधिबेशन	N		6
अधिबेसन	N		4
अधिराज्य	N		4
अधिवक्ता	N		6
अधिवेश	N		3
अधिवेशन	N	S	12
अधिवेसन	N		6
अधोगति	N		2
अध्यक्ष	N	S	14
अध्यक्षज्यू	N		4
अध्यक्षता	N		4
अध्यक्षद्धय	N		2
अध्यक्षद्वय	N		4
अध्यक्षमण्डल	N		3
अध्यन	N		5
अध्ययन	N	S	12
अध्यागमन	N		7
अध्यात्म	N		5
अध्यात्मवाद	N		4
अध्यादेश	N	S	9
अध्यापन	N		5
अध्याय	N		6
अध्यायन	N		3
अध्यारो	N		4
अध्येता	N		5
अन	N		6
अनजान	N		2
अनन्त	N		4
अनन्तता	N		2
अनन्या	N		2
अनमिन	N		3
अनमी	N		2
अनमोल	N		5
अनलाइन	N	S	10
अनलाइनखबर	N		7
अनलाईन	N		7
अनशन	N		8
अनसन	N		8
अनागरिक	N		3
अनाथालय	N		3
अनादर	N		2
अनामनगर	N		4
अनार	N		3
अनारमनी	N		5
अनावरण	N		2
अनाहक	N		2
अनिकाल	N		4
अनिच्छा	N		3
अनिता	N		4
अनिद्रा	N		3
अनियमितता	N		7
अनियमिता	N		3
अनिल	N		4
अनिशा	N		3
अनिश्चितकाल	N		3
अनिश्चितता	N		6
अनु	N		5
अनुकम्पा	N		2
अनुकुल	N		3
अनुकुलता	N		4
अनुकूल	N		3
अनुकूलता	N		5
अनुकूलन	N		4
अनुक्रम	N		2
अनुगमन	N		9
अनुग्रह	N		5
अनुच्छेद	N		4
अनुज	N		4
अनुजा	N		2
अनुदान	N	S	11
अनुप	N		5
अनुपम	N		3
अनुपस्थिति	N		6
अनुपस्थिती	N		2
अनुपा	N		2
अनुपात	N		5
अनुपालन	N		2
अनुप्रयोग	N	S	9
अनुबन्ध	N		3
अनुभब	N		3
अनुभव	N	S	10
अनुभवी	N		2
अनुभूति	N	S	9
अनुमगन	N		3
अनुमति	N		7
अनुमतिपत्र	N		4
अनुमान	N	S	10
अनुमोदन	N		5
अनुयायी	N		6
अनुराग	N		4
अनुरागी	N		2
अनुराधा	N		3
अनुरुप	N		4
अनुरूप	N		4
अनुरोध	N		7
अनुवाद	N		6
अनुवादक	N		4
अनुशन्धान	N		4
अनुशासन	N		7
अनुष्का	N		3
अनुष्ठान	N		6
अनुसन्धाता	N		3
अनुसन्धान	N	S	12
अनुसन्धानकर्ता	N		6
अनुसार	N		5
अनुसूची	N		5
अनुहार	N	S	12
अनुुसन्धान	N		2
अनेमसंघ	N		4
अनेरास्ववियु	N		8
अनेरास्ववियू	N		4
अनेसास	N		3
अनौठो	N		0
अन्जन	N		3
अन्जना	N		2
अन्जान	N		4
अन्जु	N		3
अन्टार्कटिका	N		2
अन्टी	N		2
अन्टुक	N		2
अन्ठाउन्न	N		0
अन्ठानब्बे	N		0
अन्डा	N		5
अन्त	N		6
अन्तःशुल्क	N		2
अन्तक्र्रिया	N		5
अन्तगर्त	N		2
अन्तर	N		6
अन्तरकलह	N		2
अन्तरक्रिया	N	S	8
अन्तरगत	N		2
अन्तरगर्त	N		2
अन्तरघात	N		3
अन्तरनिर्भरता	N		2
अन्तरबार्ता	N		3
अन्तरराष्ट्रिय	N		2
अन्तरवस्तु	N		3
अन्तरवार्ता	N		5
अन्तरविरोध	N		7
अन्तरसंघर्ष	N		3
अन्तरसम्बन्ध	N		5
अन्तराल	N		5
अन्तराष्ट्रिय	N		2
अन्तरिक्ष	N		8
अन्तरिक्षयान	N		3
अन्तरीक्ष	N		2
अन्तर्क्रिया	N		4
अन्तर्गत	N		4
अन्तर्घात	N		3
अन्तर्दृष्टि	N		2
अन्तर्य	N		2
अन्तर्राष्ट्रिय	N		4
अन्तर्राष्ट्रियस्तर	N		6
अन्तर्वाता	N		3
अन्तर्वार्ता	N	S	8
अन्तर्विरोध	N		2
अन्तवार्ता	N		3
अन्तशुल्क	N		3
अन्तस्करण	N		3
अन्तिम	N		7
अन्त्य	N		9
अन्त्यष्टि	N		2
अन्त्येष्टि	N		3
अन्त्येष्टी	N		2
अन्दाज	N		2
अन्दोलन	N		2
अन्धकार	N		7
अन्धविश्वास	N		7
अन्धा	N		2
अन्धो	N		0
अन्न	N		8
अन्नपुर्ण	N		2
अन्नपूर्ण	N		7
अन्नपूर्णपोष्ट	N		2
अन्नबाली	N		6
अन्ना	N		2
अन्य	N	S	8
अन्यत्र	N		3
अन्याय	N		7
अन्योल	N		8
अन्योलता	N		5
अन्यौल	N		6
अन्यौलता	N		5
अन्र्तगत	N		2
अन्र्तवार्ता	N		2
अन्वेषक	N		2
अन्वेषण	N		5
अन्सारी	N		7
अप	N		6
अपग्रेड	N		3
अपचलन	N		3
अपजस	N		2
अपडेट	N		7
अपनत्व	N		4
अपनाइए	N		2
अपनाउन	N		2
अपनाए	N		5
अपमान	N		6
अपरहण	N		2
अपराध	N	S	10
अपराधि	N		3
अपराधी	N	S	9
अपरान्ह	N		5
अपराह्न	N		5
अपरिचित	N		5
अपरिहार्यता	N		3
अपरेटर	N		6
अपरेशन	N		7
अपरेसन	N		7
अपवाद	N		5
अपहरण	N		5
अपहरणकारी	N		4
अपहेलना	N		3
अपांग	N		3
अपांगता	N		3
अपाङ्ग	N		5
अपाङ्गता	N		4
अपार	N		2
अपार्टमेन्ट	N		7
अपिल	N		5
अपील	N		4
अपूर्णता	N		2
अपेक्षा	N	S	9
अपोइन्टमेन्ट	N		3
अप्टिमाइजेसन	N		2
अप्टेरो	N		0
अप्ठेरा	N		2
अप्ठेरो	N		3
अप्ठ्यारा	N		6
अप्ठ्यारो	N		5
अप्रिल	N		7
अप्रेल	N		2
अप्रेशन	N		3
अप्रेसन	N		5
अप्सन	N		4
अप्सरा	N		3
अफ	N		4
अफगानिस्तान	N		10
अफगानी	N		2
अफर	N	S	8
अफवाह	N		7
अफिज	N		2
अफिन	N		3
अफिम	N		2
अफिस	N	S	11
अफिसर	N		8
अफिसियल	N		5
अफेयर	N		4
अफेयर्स	N		2
अफ्गानिस्तान	N		3
अफ्रिका	N		11
अफ्रिदी	N		2
अफ्रीका	N		4
अब	N		4
अबधारणा	N		2
अबधि	N		2
अबरोध	N		2
अबलोकन	N		2
अबसर	N		6
अबस्था	N		6
अबिर	N		2
अबिरल	N		2
अबुधाबी	N		5
अबुधावी	N		2
अबेर	N		0
अब्दुल्लाह	N		4
अब्बास	N		2
अब्बासी	N		3
अब्राहम	N		4
अब्राहाम	N		2
अभाब	N		5
अभाव	N		10
अभि	N		3
अभिकर्ता	N		7
अभिनन्दन	N		5
अभिनय	N		9
अभिनेता	N	S	8
अभिनेत्री	N	S	8
अभिप्राय	N		6
अभिबृद्धि	N		3
अभिब्यक्ति	N		6
अभिभ	N		3
अभिभाबक	N		2
अभिभाव	N		3
अभिभावक	N	S	11
अभिभावकत्व	N		2
अभिमत	N		7
अभिमान	N		3
अभिमुखिकरण	N		2
अभिमुखीकरण	N		5
अभियन्ता	N	S	8
अभियान	N	S	13
अभियानकर्ता	N		4
अभियानकर्मी	N		3
अभियानीहरु	N		2
अभियान्ता	N		6
अभियुक्त	N	S	11
अभियोग	N		7
अभियोजक	N		2
अभियोजन	N		4
अभियोजनकर्ता	N		2
अभिरुचि	N		3
अभिलाषा	N		6
अभिलेख	N	S	8
अभिलेखालय	N		5
अभिलेखिकरण	N		2
अभिलेखीकरण	N		3
अभिवृद्धि	N		6
अभिव्यक्ति	N	S	11
अभिषेक	N		5
अभिसन्धि	N		3
अभ्यास	N	S	12
अभ्यासकर्ता	N		2
अमनचयन	N		3
अमर	N		3
अमरगढी	N		3
अमरसिंह	N		3
अमला	N		4
अमलाचौर	N		2
अमलेखगंज	N		2
अमलेखगञ्ज	N		5
अमलेखगन्ज	N		3
अमात्य	N		4
अमित	N		3
अमिताभ	N		6
अमिन	N		2
अमिना	N		3
अमिनी	N		2
अमिर	N		3
अमिलिया	N		3
अमिलो	N		0
अमीरात	N		2
अमृत	N		4
अमृतसर	N		2
अमृता	N		4
अमेजन	N		7
अमेरि	N		3
अमेरिक	N		3
अमेरिकन	N		4
अमेरिका	N		12
अमेरिकी	N	S	8
अमेरीका	N		5
अम्गाई	N		2
अम्पायर	N		3
अम्बक	N		0
अम्बा	N		4
अम्बाथान	N		4
अम्बानी	N		4
अम्बिका	N		3
अम्बिकाप्रसाद	N		2
अम्बेडकर	N		2
अम्रिसो	N		2
अयडी	N		3
अयोग	N		5
अयोग्य	N		2
अयोजना	N		3
अयोध्या	N		5
अयोध्यापुरी	N		2
अय्यूब	N		2
अरगरिया	N		3
अरनिको	N		3
अरब	N		8
अरबिया	N		2
अरव	N		4
अरविन्द	N		2
अरस्तु	N		2
अराजकता	N		6
अरिंगाल	N		4
अरिङ्गाल	N		3
अरु	N	S	9
अरुण	N		6
अरुणखोला	N		2
अरुणा	N		3
अरुणाचल	N		2
अरू	N	S	9
अरेबिया	N		7
अरेविया	N		4
अरोरा	N		3
अर्का	N		9
अर्काथरी	N		2
अर्काे	N		4
अर्किड	N		2
अर्की	N		0
अर्कै	N		6
अर्को	N		7
अर्गनाइजेशन	N		3
अर्गनाइजेसन	N		5
अर्गनाईजेशन	N		2
अर्गली	N		2
अर्घा	N		2
अर्घाखाँची	N		8
अर्घाखाची	N		3
अर्चना	N		4
अर्चले	N		2
अर्जुन	N		6
अर्जुनधारा	N		5
अर्जेन्टिना	N		8
अर्जेल	N		2
अर्डर	N	S	8
अर्थ	N	S	11
अर्थतन्त्र	N	S	10
अर्थनीति	N		5
अर्थमन्त्रालय	N		7
अर्थमन्त्री	N	S	10
अर्थमन्त्रीज्यू	N		2
अर्थराजनीति	N		3
अर्थविद	N		2
अर्थविद्हरु	N		2
अर्थविद्हरू	N		2
अर्थव्यवस्था	N		6
अर्थशास्त्र	N		5
अर्थशास्त्री	N		6
अर्थसचिव	N		3
अर्थोपार्जन	N		3
अर्थ्याए	N		2
अर्धशतक	N		2
अर्नब	N		3
अर्ना	N		4
अर्पण	N		5
अर्ब	N		8
अर्बपति	N		4
अर्बौं	N		2
अर्मन	N		3
अर्मेनिया	N		2
अर्याल	N		8
अर्व	N		2
अर्वाड	N		2
अलकायदा	N		4
अलगाव	N		2
अलग्गिए	N		2
अलजजिरा	N		3
अलमल	N		7
अलमलिए	N		2
अलमुताइरी	N		4
अलमुताईरी	N		2
अलमेडा	N		2
अलर्ट	N		3
अलाबामा	N		2
अलायन्स	N		2
अलार्म	N		2
अलास्का	N		2
अलि	N		3
अलिअलि	N		0
अलिक	N		0
अलिकति	N		0
अलिबाबा	N		3
अली	N		5
अलेप्पो	N		3
अलैँची	N		2
अलैंची	N		6
अलैची	N		2
अल्कोहल	N		2
अल्छी	N		0
अल्जाइमर्स	N		2
अल्जेरिया	N		4
अल्झिए	N		2
अल्टिच्युड	N		3
अल्टिमेटम	N		2
अल्ट्रा	N		2
अल्ट्रासाउन्ड	N		3
अल्डरसट	N		2
अल्पमत	N		6
अल्पसंख्यक	N		8
अल्पसङ्ख्यक	N		4
अल्पायु	N		2
अल्फाबेट	N		2
अल्फ्रेड	N		2
अल्बा	N		2
अल्बानिया	N		5
अल्मलिए	N		2
अल्मा	N		2
अल्मुताइरी	N		5
अल्लाह	N		5
अल्लो	N		4
अल्सर	N		2
अव	N		3
अवकाश	N		3
अवकास	N		3
अवचेतन	N		4
अवज्ञा	N		3
अवतरण	N		4
अवतार	N		6
अवधारण	N		4
अवधारणा	N	S	9
अवधारणापत्र	N		2
अवधि	N	S	11
अवधी	N		6
अवमूल्यन	N		2
अवयव	N		5
अवरुद्ध	N		2
अवरोध	N	S	9
अवरोह	N		6
अवलम्बन	N		3
अवलोकन	N		5
अवलोकनकर्ता	N		4
अवशर	N		2
अवशेष	N		6
अवशोषण	N		2
अवश्य	N		0
अवसर	N	S	11
अवसरवाद	N		5
अवसरवादी	N		5
अवसान	N		5
अवस्था	N	S	14
अवस्थिति	N		5
अवस्थी	N		4
अवहेलना	N		2
अवार्ड	N	S	10
अवाल	N		2
अवाले	N		3
अविनाश	N		3
अविभावक	N		4
अविर	N		2
अविरल	N		4
अविवाहित	N		2
अविश्वास	N		5
अवे	N		3
अव्यवस्था	N		4
अशक्त	N		5
अशक्तता	N		2
अशान्ति	N		5
अशिक्षा	N		3
अशिष्मा	N		2
अशोक	N		4
अश्रुग्यास	N		2
अश्शूर	N		3
अष्टमी	N		6
अष्टलक्ष्मी	N		2
अष्टावक्र	N		2
अष्टिन	N		2
अष्ट्रिया	N		7
अष्ट्रेलिया	N		11
असई	N		4
असक्षमता	N		4
असत्य	N		4
असद	N		3
असन	N		4
असन्तुलन	N		4
असन्तुष्ट	N		5
असन्तुष्टि	N	S	8
असन्तुष्टी	N		2
असन्तोष	N		2
असफलता	N		8
असम	N		4
असमझदारी	N		6
असमय	N		2
असमानता	N		7
असर	N	S	9
असल	N		3
असहजता	N		5
असहमति	N		7
असहयोग	N		3
असहाय	N		3
असाध्य	N		0
असान्ज	N		3
असाम	N		2
असार	N		9
असावधानी	N		2
असिना	N		4
असिनापानी	N		2
असिस्ट	N		2
असिस्टेन्ट	N		2
असी	N		0
असीम	N		2
असुरक्षा	N		6
असुली	N		4
असुले	N		2
असुविधा	N		6
असोज	N		8
अस्कर	N		2
अस्टिन	N		4
अस्ट्रिया	N		5
अस्ट्रेलिया	N		10
अस्ट्रेलीया	N		2
अस्तव्यस्तता	N		4
अस्ताए	N		2
अस्ताल	N		2
अस्ति	N		4
अस्तित्व	N		9
अस्त्र	N		7
अस्थित्व	N		2
अस्थिरता	N		7
अस्पतला	N		3
अस्पता	N		4
अस्पताल	N	S	14
अस्पत्ताल	N		2
अस्पष्टता	N		5
अस्पातल	N		4
अस्पाल	N		3
अस्प्ताल	N		2
अस्मिता	N		6
अस्वस्थता	N		3
अहंकार	N		6
अहङ्कार	N		2
अहमता	N		2
अहमद	N		4
अहमदाबाद	N		3
अहमदावाद	N		2
अहिंसा	N		3
अहिर	N		3
अहिराज	N		2
अहिल	N		2
अहिले	N		9
अहिल्या	N		2
अहेव	N		2
अह्राए	N		2
अाज	N		5
अान्दाेलन	N		2
अाफु	N		4
अामा	N		2
अायाेग	N		2
अोली	N		3
आँकडा	N		6
आँकलन	N		2
आँकुरो	N		0
आँखा	N	S	12
आँखै	N		2
आँगन	N		9
आँचल	N		5
आँट	N		4
आँटा	N		2
आँटे	N		3
आँधी	N		7
आँधीखोला	N		3
आँधीबेहरी	N		3
आँप	N		6
आँफु	N		4
आँफू	N		4
आँफै	N		3
आँबुखैरेनी	N		5
आँशु	N		4
आँसु	N		7
आंकडा	N		3
आंखा	N		3
आंचल	N		2
आंशिक	N		2
आआफू	N		0
आइएनजिओ	N		4
आइएनजीओ	N		2
आइएफसी	N		4
आइएमई	N		5
आइएमएफ	N		3
आइएलओ	N		3
आइएस	N		4
आइओएम	N		5
आइओसी	N		4
आइकन	N		6
आइकाओ	N		2
आइक्यान	N		4
आइजिपी	N		3
आइजी	N		3
आइजीपी	N		4
आइजेन्स्टाइन	N		2
आइटम	N		4
आइटी	N		3
आइडल	N		8
आइडिया	N		5
आइडी	N		3
आइतबार	N		7
आइतवार	N		5
आइन्सटाइन	N		2
आइन्स्टाइन	N		4
आइपिएल	N		3
आइपिएस	N		2
आइपिओ	N		3
आइपीएल	N		3
आइपीएस	N		3
आइपीओ	N		3
आइफोन	N		6
आइमाई	N		5
आइमार	N		2
आइरन	N		3
आइल्याण्ड	N		2
आइल्यान्ड	N		3
आइस	N		4
आइसल्याण्ड	N		5
आइसल्यान्ड	N		4
आइसिटी	N		3
आइसियु	N		3
आइसियू	N		3
आइसिसि	N		2
आइसिसी	N		4
आइसीयु	N		2
आइसीयू	N		2
आइसीसी	N		6
आइसोलेशन	N		6
आइसोलेसन	N		7
आइस्पान	N		3
आईएनजिओ	N		2
आईएनजीओ	N		4
आईएफआईसी	N		2
आईएमई	N		4
आईएमएफ	N		4
आईएलओ	N		3
आईएस	N		3
आईओएम	N		4
आईओएस	N		6
आईओसी	N		5
आईकन	N		2
आईकाओ	N		2
आईक्यान	N		3
आईक्लाउड	N		2
आईजिपी	N		2
आईजीपी	N		6
आईटी	N		5
आईडल	N		4
आईडी	N		5
आईतबार	N		5
आईतवार	N		3
आईपरे	N		2
आईपिएल	N		2
आईपीएल	N		6
आईपीएस	N		3
आईपीओ	N		5
आईपुगे	N		3
आईप्याड	N		6
आईफोन	N		8
आईभीएफ	N		2
आईरहे	N		4
आईसके	N		3
आईसियु	N		2
आईसिसि	N		2
आईसिसी	N		3
आईसीपी	N		4
आईसीयू	N		5
आईसीसी	N		7
आईसोलेसन	N		2
आउजाउ	N		5
आउजी	N		3
आउट	N		6
आउटडोर	N		2
आउटपुट	N		2
आउटफिट	N		2
आउटलेट	N		7
आउन	N		6
आउनुअघि	N		2
आएका	N	S	9
आकर्षक	N		2
आकर्षण	N	S	8
आकलन	N		3
आकांक्षा	N		8
आकांक्षी	N		7
आकाङ्क्षा	N		4
आकाङ्क्षी	N		2
आकार	N	S	9
आकाश	N	S	11
आकाशगंगा	N		2
आकास	N		5
आकृति	N		7
आक्रमण	N	S	12
आक्रमणकारी	N		6
आक्रोश	N		6
आक्रोस	N		3
आखा	N		6
आखाँ	N		5
आख्यान	N		5
आख्यानकार	N		2
आगजनी	N		4
आगन	N		3
आगन्तुक	N		7
आगमन	N	S	8
आगरा	N		2
आगलागि	N		4
आगलागी	N		6
आगो	N		7
आगोलागी	N		2
आग्रह	N		7
आग्रा	N		3
आघात	N		2
आघौँ	N		0
आङदेम्बे	N		3
आङबुहाङ	N		3
आङबो	N		2
आङ्देम्बे	N		4
आङ्बुहाङ	N		3
आङ्बो	N		3
आचरण	N		7
आचारण	N		2
आचारसंहिता	N		6
आचार्य	N		9
आज	N		10
आजकल	N		2
आजकाल	N		2
आजभोलि	N		4
आजम	N		3
आजाद	N		3
आजादी	N		2
आजियाटा	N		3
आजै	N		4
आज्ञा	N		4
आटो	N		0
आठ	N		7
आठजना	N		4
आठबिसकोट	N		2
आठबीसकोट	N		2
आठराई	N		2
आठौं	N		4
आड	N		3
आडम्बर	N		4
आडवाणी	N		2
आतंक	N		6
आतंककारी	N		5
आतंकवाद	N		6
आतंकवादी	N		5
आतङ्क	N		6
आतङ्ककारी	N		4
आतङ्कवाद	N		3
आतिथ्य	N		4
आतिथ्यता	N		3
आतिशबाजी	N		2
आत्तिए	N		3
आत्म	N		3
आत्मकथा	N		4
आत्मदाह	N		3
आत्मनिर्भर	N		3
आत्मनिर्भरता	N		4
आत्मबल	N		5
आत्मरक्षा	N		2
आत्मरति	N		2
आत्मविश्वास	N		5
आत्मसमर्पण	N		2
आत्मसम्मान	N		5
आत्महत्या	N		7
आत्मा	N		10
आत्मियता	N		3
आत्मीयता	N		4
आत्रेय	N		2
आदत	N		4
आदम	N		3
आदर	N		3
आदर्श	N	S	8
आदर्शनगर	N		2
आदर्शवाद	N		4
आदानप्रदान	N		5
आदालत	N		3
आदि	N		10
आदिकाल	N		2
आदित्य	N		5
आदित्यनाथ	N		4
आदिपुरुष	N		2
आदिल	N		2
आदिवासी	N		7
आदी	N		5
आदेश	N	S	12
आधा	N		6
आधार	N	S	10
आधारपत्र	N		3
आधारशिला	N		3
आधारशिविर	N		3
आधारस्तम्भ	N		2
आधिकारिकता	N		4
आधुनिकता	N		6
आधुनिकरण	N		2
आधुनिकीकरण	N		5
आध्यात्मिकता	N		2
आनन्द	N		7
आना	N		5
आनी	N		4
आनीबानी	N		4
आन्टी	N		3
आन्तरिक	N		0
आन्दाेलन	N		3
आन्दोनल	N		2
आन्दोल	N		3
आन्दोलन	N	S	14
आन्दोलनकारी	N		7
आन्द्रा	N		5
आप	N		5
आपत	N		3
आपतकाल	N		3
आपतकालिन	N		2
आपतविपत	N		2
आपत्ति	N		3
आपस	N		0
आपुर्ति	N		3
आपुर्ती	N		2
आपूर्ति	N		7
आपूर्तिकर्ता	N		7
आपूर्ती	N		2
आप्पा	N		2
आप्रबासी	N		2
आप्रवास	N		2
आप्रवासन	N		4
आप्रवासी	N		6
आप्रवाह	N		3
आफँै	N		3
आफंै	N		3
आफन्त	N	S	10
आफन्तजन	N		8
आफन्ती	N		2
आफु	N	S	8
आफुँ	N		3
आफू	N	S	10
आफूअनुकूल	N		2
आफूनिकट	N		2
आफूू	N		2
आफै	N		7
आफैँ	N		5
आफैं	N		7
आफ्	N		0
आफ्ना	N		7
आफ्नी	N		0
आफ्नै	N		6
आफ्नो	N		3
आफ्नोपन	N		2
आफ्न्त	N		3
आबद्धता	N		4
आबश्यकता	N		3
आबुधाबी	N		4
आबे	N		3
आभा	N		4
आभाव	N		2
आभाष	N		2
आभास	N		2
आभूषण	N		2
आमउपभोक्ता	N		3
आमकार्यकर्ता	N		3
आमचुनाव	N		2
आमजनता	N		7
आमनागरिक	N		8
आमनिर्वाचन	N		5
आमनेपाली	N		4
आमनेसामने	N		0
आममतदाता	N		2
आममानिस	N		5
आममाफी	N		4
आमसञ्चार	N		5
आमसभा	N		6
आमसर्वसाधारण	N		4
आमहडताल	N		3
आमहड्ताल	N		3
आमा	N	S	12
आमाछोरा	N		3
आमाछोरी	N		3
आमाबा	N		3
आमाबाबा	N		3
आमाबाबु	N		7
आमाबुबा	N		5
आमाबुवा	N		6
आमाशय	N		2
आमिर	N		5
आमेश	N		2
आमै	N		3
आम्दानि	N		2
आम्दानी	N		8
आय	N	S	9
आयआर्जन	N		5
आयकर	N		3
आयत	N		3
आयतन	N		2
आयरल्याण्ड	N		6
आयरल्यान्ड	N		6
आयर्स	N		3
आयल	N		5
आयशा	N		3
आयश्रोत	N		2
आयस्तर	N		3
आयस्ता	N		2
आयस्रोत	N		4
आयाक्स	N		5
आयात	N		8
आयातकर्ता	N		7
आयातनिर्यात	N		2
आयाम	N		9
आयाेग	N		3
आयु	N		6
आयुक्त	N	S	8
आयुर्वेद	N		5
आयुष	N		3
आयुष्मान	N		2
आयोग	N	S	14
आयोज	N		3
आयोजक	N	S	10
आयोजन	N		6
आयोजना	N	S	13
आयोजनास्थल	N		4
आर	N		5
आरआर	N		2
आरएसआई	N		2
आरएसएस	N		3
आरक्ष	N		7
आरक्षण	N		6
आरजु	N		5
आरजे	N		2
आरडिटी	N		2
आरडीटी	N		3
आरति	N		2
आरती	N		6
आरन	N		4
आरम्भ	N		6
आरसी	N		3
आरा	N		4
आराधना	N		6
आराम	N		7
आरिफ	N		2
आरुघाट	N		6
आरोप	N	S	11
आरोपपत्र	N		2
आरोपित	N	S	9
आरोपितद्वय	N		2
आरोपी	N		7
आरोहण	N		7
आरोही	N		7
आर्क	N		2
आर्कटिक	N		2
आर्कषण	N		4
आर्का	N		2
आर्किटेक्चर	N		2
आर्किटेक्ट	N		2
आर्चर	N		3
आर्चरी	N		4
आर्चाय	N		4
आर्जन	N		7
आर्ट	N		7
आर्टिस्ट	N		2
आर्ट्स	N		3
आर्थिक	N		5
आर्दश	N		3
आर्द्रता	N		4
आर्नोल्ड	N		2
आर्मस्ट्रङ	N		2
आर्मि	N		2
आर्मी	N		9
आर्य	N		8
आर्यआर्जन	N		3
आर्यघाट	N		4
आर्यन	N		6
आर्सनल	N		7
आलम	N		7
आलस्य	N		3
आलिताल	N		2
आलिया	N		5
आली	N		4
आलु	N	S	8
आलुखेती	N		2
आले	N		7
आलेख	N		7
आलेमगर	N		3
आलोक	N		4
आलोचक	N		6
आलोचना	N	S	8
आलोपालो	N		2
आल्मुनियम	N		3
आव	N		8
आवतजावत	N		5
आवद्धता	N		3
आवरण	N		6
आवश्य	N		2
आवश्यक	N		3
आवश्यकता	N	S	10
आवश्यक्ता	N		5
आवस्यकता	N		4
आवागमन	N		5
आवाज	N	S	11
आवातजावत	N		3
आवास	N		7
आविष्कार	N		7
आविस्कार	N		3
आवृत्ति	N		2
आवेग	N		7
आवेदक	N		8
आवेदन	N	S	8
आव्हान	N		4
आश	N		4
आशंका	N	S	8
आशक्ति	N		4
आशङ्का	N		6
आशय	N		6
आशयपत्र	N		2
आशा	N		7
आशावाद	N		2
आशिक	N		2
आशिर्वाद	N		5
आशिष	N		6
आशीर्वाद	N		4
आशु	N		3
आश्चर्य	N		5
आश्चार्य	N		2
आश्मा	N		2
आश्रम	N		11
आश्रय	N		3
आश्रयस्थल	N		2
आश्रित	N		5
आश्वासन	N		7
आश्विन	N		3
आषाढ	N		2
आसन	N		7
आसपास	N		8
आसय	N		5
आसा	N		4
आसाम	N		4
आसिफ	N		3
आसियान	N		3
आसेपासे	N		6
आस्तीन	N		2
आस्था	N	S	9
आहार	N		6
आहारविहार	N		2
आहारा	N		3
आहिले	N		2
आहुति	N		2
आहुती	N		2
आह्वान	N		7
इँटा	N		6
इँटाभट्टा	N		4
इंक	N		3
इंगल्याण्ड	N		5
इंग्ल्याण्ड	N		7
इंग्ल्यान्ड	N		8
इकाइ	N		10
इकाई	N	S	11
इकान्तिपुर	N		3
इकार्डी	N		2
इकोनोमी	N		2
इकोसिस्टम	N		6
इक्यान	N		5
इक्युपमेन्ट	N		2
इक्विटी	N		3
इक्वेडर	N		6
इगो	N		3
इङल्याण्ड	N		5
इङल्यान्ड	N		5
इङ्गल्याण्ड	N		5
इङ्गल्यान्ड	N		3
इङ्ग्ल्याण्ड	N		2
इङ्ग्ल्यान्ड	N		3
इङ्नाम	N		2
इङ्ल्याण्ड	N		5
इङ्ल्यान्ड	N		5
इच्छा	N	S	9
इच्छाकामना	N		4
इच्छामृत्यु	N		2
इच्छाशक्ति	N		5
इच्छुक	N		4
इजराइल	N		4
इजरायल	N		8
इजरेल	N		4
इजलाश	N		5
इजलास	N		7
इजाजत	N		3
इजाजतपत्र	N		4
इजालस	N		2
इजिप्ट	N		8
इज्जत	N		5
इञ्चार्ज	N		4
इञ्जिन	N		6
इञ्जिनियर	N		5
इञ्जिनियरिङ	N		3
इञ्जिनीयर	N		3
इञ्जिनीयरिङ	N		2
इटली	N		7
इटहरी	N		11
इटाभट्टा	N		2
इटालिया	N		2
इटाली	N		10
इट्टा	N		4
इण्डष्ट्रिज	N		3
इण्डिज	N		5
इण्डिया	N		7
इण्डोनेशिया	N		3
इण्डोनेसिया	N		3
इतर	N		6
इतिहाँस	N		4
इतिहाद	N		2
इतिहास	N	S	11
इतिहासकार	N		4
इत्यादि	N		6
इथियोपिया	N		5
इद	N		3
इन	N		6
इनपुट	N		2
इनफिल्ड	N		2
इनभ्वाइस	N		2
इनरुवा	N		6
इनर्जी	N		4
इनर्वा	N		2
इनार	N		4
इनिङ	N		3
इनिङ्स	N		3
इनिसिएटिभ	N		2
इनिस्टा	N		2
इनिहरु	N		2
इनोभेसन	N		4
इन्क	N		3
इन्काउन्टर	N		2
इन्गेजमेन्ट	N		2
इन्च	N		5
इन्चार्ज	N	S	8
इन्जा	N		2
इन्जिन	N		8
इन्जिनियर	N	S	9
इन्जिनियरिङ	N		7
इन्जिनियरिङ्ग	N		3
इन्जुरी	N		3
इन्टर	N		4
इन्टरकन्टिनेन्टल	N		3
इन्टरटेनमेन्ट	N		3
इन्टरटेन्टमेन्ट	N		3
इन्टरटेन्मेन्ट	N		3
इन्टरनेट	N		9
इन्टरनेशनल	N		8
इन्टरनेसनल	N		7
इन्टरपोल	N		6
इन्टरप्राइजेज	N		5
इन्टरफेस	N		5
इन्टरमिलान	N		2
इन्टर्नसिप	N		3
इन्टेक	N		3
इन्टेरियर	N		2
इन्टेल	N		3
इन्टेलिजेन्स	N		4
इन्ट्री	N		3
इन्ट्रेस्ट	N		2
इन्डष्ट्रिज	N		4
इन्डष्ट्री	N		2
इन्डस्ट्रिज	N		4
इन्डस्ट्री	N		5
इन्डिज	N		7
इन्डियन्स	N		4
इन्डिया	N		7
इन्डियाना	N		2
इन्डेक्स	N		6
इन्डोनेशिया	N		2
इन्डोनेसिया	N		8
इन्दिरा	N		4
इन्दु	N		2
इन्दोर	N		2
इन्दौर	N		3
इन्द्र	N		6
इन्द्रचोक	N		4
इन्द्रजात्रा	N		4
इन्द्रजाल	N		2
इन्द्रजित	N		2
इन्द्रबहादुर	N		2
इन्द्रमाया	N		3
इन्द्रसरोवर	N		2
इन्द्रावती	N		3
इन्द्रिय	N		5
इन्द्रेणी	N		5
इन्धन	N		6
इन्फिल्ड	N		3
इन्फेक्सन	N		4
इन्फो	N		2
इन्फोग्राफिक	N		3
इन्फोटेक	N		4
इन्फ्लुएन्जा	N		3
इन्भेष्टमेन्ट	N		3
इन्भेस्टमेन्ट	N		3
इन्ष्टिच्युट	N		2
इन्सपेक्टर	N		2
इन्साफ	N		3
इन्सुरेन्स	N		5
इन्सुलिन	N		3
इन्सेक	N		7
इन्स्टा	N		2
इन्स्टाग्राम	N		6
इन्स्टिच्युट	N		7
इन्स्टिच्यूट	N		5
इन्स्पेक्टर	N		4
इन्स्योरेन्स	N		7
इपान	N		4
इपिएल	N		5
इपिजी	N		3
इप्पान	N		3
इफेक्ट	N		7
इबोला	N		3
इब्राहिम	N		4
इब्राहिमोभिच	N		2
इभी	N		3
इभेण्ट	N		2
इभेन्ट	N		5
इभेन्ट्स	N		4
इमरजेन्सी	N		2
इमरान	N		4
इमर्जेन्सी	N		3
इमाडोल	N		3
इमान	N		5
इमानदारिता	N		4
इमानदारी	N		4
इमान्दार	N		2
इमान्दारिता	N		5
इमान्दारी	N		5
इमान्दारीता	N		2
इमिग्रेसन	N		3
इमिरेट्स	N		7
इमेज	N		4
इमेल	N	S	9
इमोजी	N		2
इम्पेक्स	N		3
इम्प्याक्ट	N		3
इयर	N		3
इयु	N		5
इयू	N		4
इरफान	N		4
इरस	N		3
इरसाद	N		2
इराक	N		7
इरान	N		8
इरानी	N		2
इला	N		3
इलाका	N	S	9
इलाम	N		12
इलेक्ट्रिक	N		2
इलेक्ट्रिसियन	N		2
इलेक्ट्रोनिक्स	N		4
इलेक्सन	N		3
इशा	N		3
इशान	N		2
इशारा	N		4
इश्वर	N		2
इष्टमित्र	N		5
इसरो	N		3
इसाई	N		3
इसाक	N		2
इसारा	N		2
इसिमोड	N		3
इसुजु	N		2
इसेवा	N		6
इस्ट	N		2
इस्टु	N		3
इस्टेट	N		3
इस्तानबुल	N		3
इस्माइल	N		2
इस्यु	N		2
इस्राएल	N		5
इस्राएलीहरू	N		3
इस्लाम	N		5
इस्लामाबाद	N		3
इस्लामावाद	N		4
ईकाइ	N		3
ईकाई	N		5
ईच्छा	N		3
ईच्छुक	N		2
ईजरायल	N		3
ईजलास	N		3
ईज्जत	N		2
ईञ्चार्ज	N		2
ईटहरी	N		5
ईटाली	N		3
ईण्डिया	N		2
ईतिहास	N		8
ईद	N		3
ईनार	N		2
ईन्चार्ज	N		5
ईन्जिन	N		6
ईन्जिनियर	N		5
ईन्टरटेन्मेन्ट	N		2
ईन्टरनेट	N		3
ईन्टरनेशनल	N		3
ईन्टरफेस	N		2
ईन्डिया	N		3
ईन्द्र	N		2
ईन्धन	N		4
ईन्स्टिच्युट	N		3
ईन्स्योरेन्स	N		2
ईपीएल	N		3
ईभी	N		3
ईमान्दारिता	N		2
ईमान्दारीता	N		2
ईमेल	N		6
ईयू	N		8
ईराक	N		2
ईरान	N		5
ईर्ष्या	N		2
ईलाका	N		4
ईलाम	N		5
ईश्वर	N		8
ईश्वरपुर	N		2
ईश्वरी	N		2
ईसेवा	N		5
ईस्पोर्ट्स	N		2
उँधो	N		0
उँभो	N		0
उँहा	N		4
उकालो	N		3
उकासे	N		2
उकास्न	N		3
उकेरा	N		5
उकेरो	N		0
उक्त	N		0
उक्ति	N		5
उक्लिए	N		2
उक्ले	N		2
उक्साए	N		2
उक्साहट	N		2
उखान	N		5
उखु	N		6
उखुबारी	N		2
उग्रवादीहरु	N		2
उचाइ	N		7
उचाई	N		7
उचार	N		2
उचाले	N		2
उच्च	N		4
उच्चपदस्थ	N		4
उच्चमावि	N		3
उच्चशिक्षा	N		3
उच्चस्तर	N		3
उच्चायुक्त	N		2
उच्चायोग	N		2
उच्चारण	N		4
उछिने	N		3
उजुरी	N	S	9
उजुरीकर्ता	N		4
उज्जैन	N		2
उज्बेकिस्तान	N		2
उज्यालो	N		9
उज्वेकिस्तान	N		7
उठाइए	N		2
उठाउन	N		5
उठाए	N		5
उठान	N		3
उठे	N		6
उडाए	N		3
उडान	N	S	11
उडिसा	N		3
उडे	N		3
उड्डयन	N		4
उता	N		3
उतारचढाव	N		6
उतारे	N		3
उतार्न	N		2
उति	N		0
उतिबेला	N		2
उतै	N		3
उत्कर्ष	N		3
उत्कृष्ट	N		4
उत्कृष्टता	N		4
उत्खनन	N		6
उत्तम	N		2
उत्तर	N	S	10
उत्तरकोरिया	N		2
उत्तरगंगा	N		2
उत्तरगया	N		2
उत्तरदाता	N		3
उत्तरदायित्व	N		5
उत्तरपुस्तिका	N		2
उत्तरप्रदेश	N		4
उत्तराखण्ड	N		5
उत्तराधिकार	N		2
उत्तराधिकारी	N		5
उत्तरार्ध	N		3
उत्तेजना	N		5
उत्थान	N		4
उत्पत्ति	N		5
उत्पाद	N		6
उत्पादक	N	S	10
उत्पादकत्व	N		3
उत्पादन	N	S	13
उत्पिडन	N		2
उत्पीडन	N		6
उत्पीडित	N		4
उत्प्रेरणा	N		4
उत्प्रेषण	N		2
उत्रिए	N		3
उत्रे	N		3
उत्सब	N		2
उत्सर्ग	N		2
उत्सर्जन	N		6
उत्सव	N	S	9
उत्साह	N		5
उत्साहीहरू	N		3
उत्सुकता	N		5
उथलपुथल	N		5
उदघाटन	N		3
उदय	N		7
उदयपुर	N		9
उदयपुरगढी	N		3
उदाए	N		3
उदाय	N		2
उदारण	N		2
उदारता	N		3
उदारीकरण	N		3
उदास	N		3
उदासिनता	N		3
उदासी	N		3
उदासीनता	N		3
उदाहरण	N	S	9
उदेश्य	N		7
उदेस्य	N		2
उद्घाटन	N		7
उद्घोष	N		3
उद्घोषक	N		2
उद्दार	N		3
उद्देश्य	N	S	9
उद्देस्य	N		2
उद्धरण	N		2
उद्धव	N		2
उद्धार	N		6
उद्धारकर्ता	N		4
उद्धारकर्मी	N		4
उद्धारकार्य	N		2
उद्धेश्य	N		5
उद्यम	N	S	9
उद्यमशिलता	N		4
उद्यमशीलता	N		5
उद्यमी	N	S	9
उद्यान	N		5
उद्याेग	N		2
उद्येश्य	N		2
उद्योग	N	S	14
उद्योगधन्दा	N		6
उद्योगपति	N		5
उद्योगमन्त्री	N		2
उद्योगी	N	S	9
उद्वार	N		3
उधारो	N		3
उधोग	N		6
उधौली	N		2
उन	N		10
उनन्तीस	N		0
उनानब्बे	N		0
उनान्सय	N		0
उनासी	N		0
उनि	N	S	8
उनी	N	S	12
उनीहर	N		3
उने	N		3
उनै	N		7
उन्चालीस	N		0
उन्चास	N		0
उन्नत	N		0
उन्नति	N		5
उन्नती	N		3
उन्नयन	N		3
उन्नाइस	N		0
उन्माद	N		5
उन्मुक्ति	N		8
उन्मुलन	N		3
उन्मूलन	N		3
उन्साठी	N		0
उपकप्तान	N		3
उपकरण	N	S	11
उपकुलपति	N		5
उपक्रम	N		4
उपगुट	N		7
उपग्रह	N		7
उपचार	N	S	13
उपचुनाव	N		5
उपज	N		8
उपत्यका	N	S	11
उपत्यकाबासी	N		3
उपत्यकावासी	N		4
उपत्याका	N		2
उपदफा	N		2
उपदेश	N		7
उपधारा	N		5
उपनाम	N		6
उपनिर्देशक	N		2
उपनिर्वाचन	N		6
उपनिवेश	N		5
उपनिवेशवाद	N		4
उपनिषद	N		3
उपनेता	N		5
उपन्यास	N	S	9
उपन्यासकार	N		5
उपप्रधानमन्त्री	N		6
उपप्रमुख	N	S	11
उपबिजेता	N		2
उपभोक्त	N		2
उपभोक्ता	N	S	11
उपभोक्तावाद	N		3
उपभोग	N		7
उपभोत्ता	N		2
उपमन्त्री	N		2
उपमहाद्वीप	N		3
उपमहानगर	N		9
उपमहानगरपालिका	N		9
उपमहानगरपालीका	N		2
उपमहानरपालिका	N		3
उपमहासचिव	N		3
उपमा	N		3
उपमेयर	N		7
उपयोग	N		7
उपयोगकर्ता	N		3
उपयोगिता	N		5
उपरकोटी	N		2
उपरथी	N		2
उपराष्ट्रपति	N		9
उपरीक्षक	N		6
उपलब्धता	N		5
उपलब्धि	N	S	9
उपलब्धी	N		6
उपलव्धि	N		3
उपलव्धी	N		2
उपवन	N		2
उपवास	N		4
उपविजेता	N		6
उपशाखा	N		5
उपशीर्षक	N		2
उपसंयोजक	N		2
उपसचिव	N	S	8
उपसभापति	N		5
उपसभामुख	N		7
उपसमिति	N		8
उपसमिती	N		3
उपसमूह	N		3
उपस्तिथि	N		2
उपस्थित	N		5
उपस्थिति	N		7
उपस्थिती	N		5
उपहानगरपालिका	N		3
उपहार	N	S	8
उपहास	N		3
उपाए	N		3
उपाचार	N		2
उपाधि	N		7
उपाधी	N		4
उपाध्यक्ष	N	S	14
उपाध्यय	N		2
उपाध्याय	N		5
उपाय	N	S	8
उपार्जन	N		3
उपासना	N		6
उपियाँ	N		0
उपेक्षा	N		5
उपेन्द्र	N		5
उपेन्द्रजी	N		3
उप्रेति	N		2
उप्रेती	N		6
उफ्रिए	N		2
उफ्रे	N		2
उब्जनी	N		2
उब्जिए	N		2
उभिए	N		5
उभिरहे	N		3
उभौली	N		2
उभ्याए	N		3
उमंग	N		4
उमङ्ग	N		3
उमा	N		3
उमाकान्त	N		2
उमाकुमारी	N		2
उमावि	N		5
उमेदवार	N		8
उमेद्वार	N		5
उमेर	N		12
उमेरसमूह	N		3
उमेरहद	N		2
उमेश	N		4
उम्किए	N		2
उम्मेदवार	N	S	11
उम्मेदवारी	N		6
उम्मेद्धवार	N		4
उम्मेद्धार	N		2
उम्मेद्वार	N	S	8
उम्मेद्वारी	N		5
उम्रिए	N		2
उम्रे	N		2
उम्लिङ	N		3
उराउ	N		2
उराव	N		2
उरुग्वे	N		6
उर्जा	N	S	8
उर्बिन	N		2
उर्मिला	N		4
उर्लाबारी	N		7
उर्लिए	N		2
उर्वशी	N		2
उलंघन	N		3
उल्झन	N		4
उल्भ्स	N		4
उल्लंघन	N		4
उल्लङ्घन	N		6
उल्लास	N		4
उल्लेख	N		2
उवासंघ	N		3
उषा	N		4
उस	N		0
उसबेला	N		0
उसरी	N		0
उसु	N		4
उसै	N		7
उसो	N		0
उहा	N		9
उहाँ	N	S	11
उहाँँ	N		2
उहां	N		5
उहान	N		3
उहिले	N		4
उही	N		3
ऊँट	N		3
ऊन	N		5
ऊर्जा	N	S	9
ऊर्जामन्त्री	N		3
ऋग्वेद	N		2
ऋचा	N		5
ऋण	N	S	11
ऋणदाता	N		3
ऋणपत्र	N		5
ऋणी	N		9
ऋतिक	N		4
ऋतु	N		6
ऋषि	N	S	8
ऋषिकेश	N		2
ऋषिदेव	N		3
ऋषिपञ्चमी	N		2
ऋषिराम	N		2
एंगेल्स	N		2
एअर	N		4
एअरपोर्ट	N		3
एअरलाइन्स	N		5
एअरवेज	N		2
एआइजी	N		2
एआईजी	N		6
एउटा	N		7
एउटी	N		2
एउटै	N		3
एएआर	N		2
एएनआई	N		4
एएनए	N		3
एएफपी	N		4
एएफसी	N		6
एक	N		12
एकअर्का	N		7
एकअर्की	N		0
एकअर्को	N		3
एकआपस	N		0
एकघण्टा	N		3
एकचालीस	N		0
एकछिन	N		6
एकजना	N		6
एकठाउँ	N		2
एकतमास	N		2
एकता	N		11
एकतीस	N		0
एकथरि	N		2
एकथरी	N		3
एकदम	N		0
एकदिन	N		4
एकदिवसीय	N		3
एकनास	N		3
एकपक्ष	N		2
एकबर्ष	N		2
एकमत	N		2
एकराज	N		2
एकरुपता	N		3
एकरूपता	N		3
एकल	N		4
एकवर्ष	N		5
एकसरो	N		0
एकसाता	N		5
एकहत्तर	N		0
एकहप्ता	N		4
एकाइ	N		9
एकाई	N		6
एकाउण्ट	N		3
एकाउन्ट	N		7
एकाउन्टेन्ट	N		3
एकाउन्न	N		0
एकाग्रता	N		5
एकाघर	N		3
एकाडेमी	N		4
एकातर्फ	N		2
एकातिर	N		2
एकाथरी	N		2
एकादशी	N		6
एकादेश	N		3
एकाधिकार	N		3
एकानब्बे	N		0
एकान्त	N		2
एकान्तकुना	N		4
एकान्तवास	N		2
एकासी	N		0
एकिकरण	N		5
एकीकरण	N		8
एकीकृत	N		2
एकेडमी	N		4
एकेडेमि	N		4
एकेडेमी	N	S	10
एकैछिन	N		2
एकैठाउँ	N		2
एकैदिन	N		2
एकैनास	N		3
एकोहोरो	N		0
एक्चुरी	N		2
एक्टिङ	N		2
एक्याप	N		3
एक्लिए	N		3
एक्लै	N		4
एक्लो	N		2
एक्लोपन	N		5
एक्विजिसन	N		2
एक्शन	N		2
एक्स	N		6
एक्सचेञ्ज	N		6
एक्सचेन्ज	N		7
एक्सटेन्सन	N		2
एक्सन	N		5
एक्सपर्ट	N		2
एक्सपो	N		3
एक्सपोजर	N		4
एक्सप्रेस	N		7
एक्सरसाइज	N		2
एक्सरे	N		5
एक्साभेटर	N		3
एक्सेल	N		2
एक्सेस	N		2
एक्स्काभेटर	N		4
एक्स्चेन्ज	N		2
एक्स्पो	N		6
एग्रो	N		3
एग्रोभेट	N		4
एघार	N		4
एङ्गेल्स	N		3
एचआइभी	N		2
एचआईडीसीएल	N		3
एचडियु	N		2
एचडी	N		3
एज	N		4
एजाज	N		3
एजुकेशन	N		3
एजुकेसन	N		4
एजेण्ट	N		7
एजेण्ड	N		2
एजेण्डा	N	S	10
एजेन्ट	N		10
एजेन्डा	N	S	11
एजेन्सी	N	S	9
एटलान्टा	N		5
एटलेटिको	N		2
एटिएम	N		4
एटीएम	N		6
एट्लान्टा	N		4
एट्लेटिको	N		5
एड	N		4
एडभेन्चर	N		2
एडम्स	N		3
एडिडास	N		2
एडिबी	N		3
एडिलेड	N		2
एडिसन	N		5
एडी	N		3
एडीबी	N		5
एडेप्टर	N		2
एडोब	N		2
एड्डी	N		2
एड्भेन्चर	N		2
एड्स	N		3
एण्टिबडी	N		3
एथलीट	N		3
एथलेटिक्स	N		4
एथेन्स	N		3
एथ्लेटिको	N		4
एथ्लेटिक्स	N		4
एधार	N		0
एन	N		5
एनआरएन	N	S	9
एनआरएनए	N	S	9
एनआरटी	N		7
एनएचएस	N		2
एनएचके	N		2
एनएचपिसी	N		2
एनएचपीसी	N		3
एनएमए	N		3
एनएमसी	N		4
एनएसएल	N		4
एनओसी	N		4
एनजिओ	N		6
एनजीओ	N		5
एनपीए	N		2
एनपीएल	N		3
एनप्याब्सन	N		2
एनसिसी	N		2
एनसीएचएल	N		4
एनसीबी	N		3
एनसीसी	N		5
एनसेल	N		8
एनालग	N		2
एनालिटिक्स	N		2
एनिमिया	N		3
एनिमेसन	N		4
एनी	N		3
एनेस्थेसिया	N		3
एन्जलस	N		3
एन्जल्स	N		4
एन्जाइटी	N		2
एन्जिला	N		2
एन्जेलस	N		2
एन्टिअक्सिडेन्ट	N		3
एन्टिबडी	N		4
एन्टिबायोटिक	N		2
एन्टीअक्सिडेन्ट	N		2
एन्टीबायोटिक	N		2
एन्डरसन	N		2
एन्ड्रोइड	N		7
एन्थोनी	N		2
एन्फा	N		8
एन्सेलोट्टी	N		2
एप	N	S	10
एपिएफ	N		8
एपिसोड	N		5
एपी	N		4
एपीएफ	N		9
एप्पल	N		7
एप्लिकेशन	N		5
एप्लिकेसन	N		9
एप्स	N		8
एफ	N		5
एफएए	N		2
एफएम	N		7
एफपिओ	N		2
एफपीओ	N		2
एफबीआई	N		4
एफसी	N		7
एभरेष्ट	N		5
एभरेस्ट	N		4
एभर्टन	N		7
एभिएसन	N		3
एभिन्यु	N		2
एभोकाडो	N		3
एम	N		5
एमआरआई	N		2
एमएल	N		2
एमओयू	N		3
एमजी	N		2
एमडी	N		2
एमडीएमएस	N		2
एमनेस्टी	N		2
एमबाप्पे	N		3
एमबिबिएस	N		3
एमबीबीएस	N		3
एमसिसि	N		4
एमसिसी	N		7
एमसी	N		2
एमसीए	N		3
एमसीसी	N		10
एमाओवादी	N		8
एमाल	N		3
एमाले	N	S	13
एमालेजन	N		3
एमिरेट्स	N		2
एम्नेस्टी	N		2
एम्बाप्पे	N		4
एम्बासडर	N		2
एम्बुलेन्स	N	S	11
एम्बेसडर	N		3
एम्बेसी	N		3
एम्बेस्डर	N		2
एम्स	N		4
एयर	N		8
एयरपोर्ट	N		12
एयरफोर्स	N		2
एयरबस	N		6
एयरबेस	N		2
एयरलाइन	N		2
एयरलाइन्स	N		11
एयरलाईन्स	N		4
एयरलायन्स	N		5
एयरवेज	N		7
एयरहोस्टेस	N		3
एरिका	N		2
एरिक्सन	N		3
एरिजोना	N		4
एरिया	N		5
एरेन्ज	N		2
एरेन्जर	N		2
एर्दोगान	N		2
एर्नो	N		2
एलएलबी	N		2
एलएलसी	N		2
एलएसी	N		2
एलओडी	N		3
एलजी	N		3
एलन	N		3
एलर्जी	N		6
एलसी	N		2
एलाइन्स	N		4
एलायन्स	N		3
एलिजा	N		3
एलिजाबेथ	N		3
एलिजावेथ	N		2
एलिना	N		4
एलियन	N		3
एलिशा	N		3
एलिस	N		3
एलिसन	N		2
एलिसा	N		3
एलेक्स	N		2
एलेन	N		3
एल्गोरिथ्म	N		3
एल्गोरिदम	N		4
एल्बम	N		8
एल्वम	N		3
एशिया	N		9
एशियाड	N		2
एशोशिएसन	N		2
एशोसिएशन	N		3
एशोसिएसन	N		6
एशोसियशन	N		3
एशोसियसन	N		5
एस	N		7
एसइइ	N		2
एसइई	N		3
एसईई	N		5
एसईओ	N		3
एसएमई	N		2
एसएमएस	N		5
एसएलसी	N		5
एसएसपी	N		7
एसएसबी	N		6
एसडीएफ	N		4
एसपिपी	N		3
एसपी	N		6
एसपीए	N		3
एसपीपी	N		4
एसयुभी	N		2
एसयूभी	N		5
एसाइलम	N		2
एसिड	N		7
एसिडिटी	N		2
एसिया	N		12
एसियाड	N		3
एसी	N		3
एसीसी	N		3
एसेम्बली	N		3
एसेम्ब्ली	N		2
एसोशिएसन	N		2
एसोसिएट्स	N		3
एसोसिएशन	N		5
एसोसिएसन	N		8
एसोसियन	N		2
एसोसियसन	N		5
एस्कोबार	N		2
एस्ट्राजेनिका	N		2
एस्ट्राजेनेका	N		3
ऐक्यबद्धता	N		4
ऐक्यवद्धता	N		2
ऐडी	N		3
ऐतिहासिकता	N		4
ऐन	N	S	12
ऐना	N		7
ऐर	N		4
ऐरावती	N		2
ऐरी	N		3
ऐश्वर्य	N		6
ऐश्वर्या	N		5
ओइरिए	N		2
ओएस	N		4
ओकले	N		2
ओकिनावा	N		2
ओखती	N		4
ओखर	N		5
ओखरपौवा	N		3
ओखलढुंगा	N		8
ओखलढुङ्गा	N		6
ओखेडा	N		2
ओगटे	N		2
ओछ्यान	N		6
ओझा	N		6
ओझेल	N		2
ओटा	N		5
ओटीटी	N		2
ओठ	N		8
ओड	N		3
ओडिशा	N		3
ओडिसा	N		3
ओडेगार्ड	N		2
ओढाए	N		2
ओथारो	N		0
ओनसरी	N		2
ओपन	N		3
ओपनएआई	N		3
ओपनर	N		2
ओपनिङ	N		2
ओपेक	N		2
ओपो	N		3
ओप्पो	N		3
ओबामा	N		5
ओभन	N		4
ओभर	N		7
ओभरसिज	N		3
ओम	N		4
ओमन	N		6
ओमप्रकाश	N		2
ओमान	N		8
ओमिक्रोन	N		6
ओम्नी	N		4
ओयो	N		4
ओर	N		3
ओराली	N		2
ओरालो	N		3
ओरियन	N		2
ओरियन्स	N		4
ओरेक	N		4
ओरेगन	N		2
ओर्लिए	N		3
ओर्ले	N		2
ओलम्पिक	N		7
ओलम्पियाड	N		2
ओलाङचुङगोला	N		5
ओलावाले	N		2
ओलि	N		4
ओलिभिया	N		2
ओलिम्पिक्स	N		2
ओली	N	S	13
ओलीजी	N		5
ओलीज्यू	N		2
ओलीतन्त्र	N		2
ओलीपक्ष	N		5
ओवामा	N		2
ओशाका	N		2
ओशो	N		5
ओसाका	N		4
ओसारपसार	N		5
ओसारे	N		2
ओसासुना	N		4
ओसिएमसी	N		2
ओस्कर	N		3
ओस्कार	N		4
ओस्लो	N		2
ओहदा	N		3
ओहायो	N		2
ओहोदा	N		3
औँला	N		7
औँल्याए	N		2
औँशी	N		2
औँसी	N		5
औंठी	N		2
औंला	N		8
औंल्याए	N		3
औंशी	N		2
औंसी	N		3
औचित्य	N		5
औचित्यता	N		2
औजार	N		8
औद्योगिकरण	N		3
औद्योगिकीकरण	N		5
औद्योगीकरण	N		3
औधि	N		0
औपचारिकता	N		5
औरही	N		4
औला	N		5
औल्याए	N		3
औषध	N		4
औषधालय	N		7
औषधि	N	S	11
औषधी	N	S	9
औषधोपचार	N		3
कँडेल	N		5
कंकाल	N		3
कंक्रिट	N		5
कंगना	N		6
कंगो	N		3
कंग्रेस	N		6
कंचनपुर	N		5
कंडेल	N		4
कंपनी	N		2
कंसाकार	N		3
ककनी	N		3
ककपिट	N		3
ककस	N		4
कक्कड	N		2
कक्ष	N	S	10
कक्षपति	N		2
कक्षपती	N		3
कक्षा	N	S	13
कक्षाकोठा	N		7
कङ्क्रिट	N		3
कङ्गो	N		2
कङ्ग्रेस	N		5
कचनकवल	N		3
कचहरी	N		2
कचौरा	N		3
कच्चापदार्थ	N		3
कछुवा	N		3
कजेल	N		2
कञ्चन	N		4
कञ्चनपुर	N		11
कञ्चनरुप	N		3
कट	N		3
कटन	N		3
कटर	N		3
कटवाल	N		4
कटहर	N		3
कटहरिया	N		2
कटहरी	N		4
कटाए	N		3
कटान	N		6
कटारी	N		5
कटुता	N		2
कटुन्जे	N		2
कटुवाल	N		5
कटुस	N		2
कटेका	N		2
कटेज	N		4
कटेरो	N		0
कटेल	N		3
कटौती	N		7
कटौरो	N		0
कट्टा	N		3
कट्टी	N		3
कट्टेल	N		5
कट्ठा	N		3
कट्रिना	N		3
कट्वाल	N		3
कठरिया	N		2
कठायत	N		4
कठिनाइ	N	S	9
कठिनाई	N		8
कठोरता	N		3
कठ्ठा	N		3
कडरबोना	N		3
कडरिया	N		3
कडाइ	N		4
कडाई	N		3
कडायत	N		4
कडी	N		4
कडेंल	N		2
कडेल	N		3
कण	N		6
कणेल	N		2
कण्ठ	N		2
कण्डम	N		3
कण्डेल	N		2
कता	N		3
कतार	N		12
कति	N		7
कतिजना	N		3
कतिपय	N		7
कत्ति	N		4
कथन	N		8
कथा	N	S	13
कथाकार	N		4
कथानक	N		4
कथाबस्तु	N		2
कथावस्तु	N		5
कथासंग्रह	N		2
कथासङ्ग्रह	N		2
कथ्य	N		2
कद	N		3
कदम	N	S	9
कदमी	N		3
कदरपत्र	N		2
कनकाई	N		4
कनकासुन्दरी	N		2
कनिका	N		3
कनेक्टर	N		2
कनेक्टिकट	N		2
कनेक्टिभिटी	N		5
कनेक्सन	N		3
कन्काइ	N		3
कन्क्लेभ	N		3
कन्चन	N		4
कन्चनपुर	N		5
कन्टेनर	N		8
कन्टेन्ट	N		7
कन्ट्रक्सन	N		4
कन्ट्री	N		3
कन्ट्रोल	N		5
कन्ट्रोलर	N		2
कन्डक्टर	N		2
कन्डम	N		3
कन्डिसन	N		2
कन्दङ्वा	N		2
कन्दमुल	N		2
कन्दरा	N		4
कन्फरेन्स	N		4
कन्फिगरेसन	N		3
कन्फेरेन्स	N		2
कन्फ्रेन्स	N		5
कन्भेन्सन	N		2
कन्या	N		6
कन्याम	N		4
कन्सट्रक्सन	N		3
कन्सन्ट्रेटर	N		2
कन्सर्ट	N		6
कन्सर्न	N		3
कन्सलटेन्सी	N		3
कन्सल्टेन्ट	N		3
कन्सल्टेन्सी	N		6
कन्सल्ट्यान्ट	N		3
कन्सेप्ट	N		4
कन्सोर्टियम	N		3
कन्सोल	N		2
कन्स्ट्रक्शन	N		2
कन्स्ट्रक्सन	N		7
कप	N	S	10
कपडा	N	S	11
कपन	N		5
कपाल	N	S	9
कपाली	N		3
कपास	N		6
कपिल	N		6
कपिलबस्तु	N		5
कपिलवस्तु	N		8
कपुर	N		6
कपुरकोट	N		4
कपूर	N		6
कप्तान	N		7
कप्तानी	N		3
कफ	N		3
कफि	N		5
कफी	N		6
कबड्डी	N		5
कबिता	N		3
कब्जा	N		6
कब्जियत	N		3
कभर	N		6
कभरेज	N		5
कभर्डहल	N		3
कम	N		7
कमजोर	N		3
कमजोरी	N	S	8
कमन्स	N		3
कमर	N		0
कमरेड	N	S	8
कमर्श	N		4
कमर्स	N		5
कमल	N		7
कमलपुर	N		3
कमलपोखरी	N		4
कमलबजार	N		3
कमलरी	N		5
कमला	N		6
कमलादी	N		3
कमाइ	N		6
कमाई	N		6
कमाउन	N		4
कमाए	N		4
कमाण्ड	N		6
कमाण्डर	N		7
कमान	N		2
कमान्ड	N		4
कमान्डर	N		6
कमाल	N		2
कमि	N		3
कमिकमजोरी	N		5
कमिटि	N		7
कमिटी	N	S	14
कमिन्स	N		2
कमिला	N		5
कमिलो	N		0
कमिशन	N		5
कमिसन	N		7
कमी	N	S	9
कमीकमजोरी	N		7
कमेडियन	N		2
कमेडी	N		5
कमेन्ट	N		7
कमेरो	N		2
कमै	N		4
कमैया	N		6
कम्ति	N		2
कम्ती	N		3
कम्पन	N		6
कम्पनि	N		8
कम्पनी	N	S	14
कम्पाउण्ड	N		3
कम्पाउन्ड	N		4
कम्पास	N		2
कम्पिटिसन	N		2
कम्पोनेन्ट	N		4
कम्प्याक्ट	N		4
कम्प्युटर	N	S	10
कम्प्यूटर	N		7
कम्प्लेक्स	N		5
कम्बल	N		4
कम्बोडिया	N		7
कम्मर	N		7
कम्युटर	N		4
कम्युन	N		4
कम्युनिकेशन	N		2
कम्युनिकेसन	N		4
कम्युनिटि	N		2
कम्युनिटी	N		6
कम्युनिष्ट	N	S	9
कम्युनिस्ट	N	S	10
कम्यूनिष्ट	N		2
कम्लहरी	N		2
कयौँ	N		3
कयौं	N		3
कर	N	S	10
करकाप	N		2
करण	N		5
करणी	N		4
करदाता	N		8
करन	N		3
करवृद्धि	N		3
कराँची	N		4
कराँते	N		5
कराए	N		3
कराची	N		3
कराते	N		6
करार	N		6
करारपत्र	N		2
करिअर	N		8
करिडोर	N		7
करिना	N		4
करियर	N		7
करिश्मा	N		4
करिष्मा	N		2
करीना	N		3
करुणा	N		4
करेन्ट	N		4
करेन्सी	N		2
करेला	N		5
करेसाबारी	N		3
करोड	N		8
करोडपति	N		2
करोड़	N		0
करोडौ	N		2
करोडौँ	N		3
करोडौं	N		4
कर्कलो	N		0
कर्जन्हा	N		2
कर्जा	N	S	10
कर्ड	N		2
कर्ण	N		5
कर्णाली	N		10
कर्णालीबासी	N		2
कर्णालीवासी	N		4
कर्णेल	N		2
कर्तब्य	N		3
कर्तव्य	N	S	9
कर्ता	N		6
कर्तुत	N		5
कर्नर	N		6
कर्नाटक	N		3
कर्प	N		2
कर्पोरेशन	N		7
कर्पोरेसन	N		8
कर्फ्यू	N		2
कर्म	N	S	10
कर्मकाण्ड	N		3
कर्मचारि	N		3
कर्मचारी	N	S	12
कर्मचारीतन्त्र	N		6
कर्मचार्य	N		2
कर्मभूमि	N		2
कर्मयोग	N		2
कर्मस	N		2
कर्मा	N		3
कर्माचारी	N		3
कर्माचार्य	N		4
कर्मि	N		3
कर्मी	N		5
कर्यक्रम	N		2
कर्यालय	N		3
कर्सिया	N		2
कल	N	S	8
कलंक	N		2
कलंकी	N		7
कलकत्ता	N		5
कलकारखाना	N		8
कलङ्की	N		4
कलम	N	S	8
कलर	N		5
कलश	N		4
कलह	N		7
कला	N	S	10
कलाकर्मी	N		5
कलाकार	N	S	12
कलाकारिता	N		8
कलाकारीता	N		3
कलाकाहरु	N		2
कलाकृति	N		7
कलाम	N		2
कलियुग	N		3
कलेक्सन	N		5
कलेज	N	S	13
कलेजो	N		5
कलेल	N		2
कलैया	N		4
कलौनी	N		4
कल्चर	N		4
कल्प	N		2
कल्पना	N	S	12
कल्पित	N		2
कल्ब	N		2
कल्याण	N		6
कल्याणपुर	N		4
कल्व	N		3
कवयित्री	N		2
कवर्डहल	N		2
कवाडी	N		5
कवारी	N		2
कवि	N	S	9
कविगोष्ठी	N		2
कविता	N	S	11
कवितासंग्रह	N		3
कविलास	N		2
कश्मिर	N		5
कश्मीर	N		7
कश्मीरीहरू	N		2
कश्यप	N		4
कष्ट	N		8
कसजु	N		2
कसरत	N		5
कसरा	N		2
कसरी	N		0
कसी	N		3
कसुर	N		5
कसुरदार	N		4
कसूर	N		5
कसे	N		4
कसै	N		8
कसो	N		0
कस्टम	N		2
कस्तुरी	N		2
कस्तो	N		3
कस्मिर	N		3
कस्मेटिक	N		2
कस्सिए	N		3
कहर	N		7
कहलिए	N		3
कहाँ	N		5
कहानी	N		6
कहिँ	N		2
कहिले	N		5
कहिलेकाहीं	N		0
कही	N		0
कहीँ	N		2
काँकडभिट्टा	N		7
काँकरभिट्टा	N		6
काँक्रो	N		2
काँगेस	N		2
काँगे्रस	N		5
काँग्रस	N		2
काँग्रेस	N		9
काँच	N		2
काँटा	N		2
काँठ	N		2
काँडा	N		6
काँडाघारी	N		3
काँडेतार	N		2
काँडो	N		0
काँढा	N		2
काँध	N		4
काँपे	N		2
कांँग्रेस	N		2
कांंग्रेस	N		3
कांगेस	N		3
कांगे्रस	N		6
कांग्रस	N		3
कांग्रेश	N		3
कांग्रेस	N	S	13
कांग्रेसजन	N		3
कांग्रेसी	N		4
कांग्र्रेस	N		2
काइँला	N		3
काइगर	N		3
काइदा	N		3
काउचा	N		2
काउटिन्हो	N		2
काउण्टर	N		5
काउन्ट	N		4
काउन्टर	N		9
काउन्टी	N		4
काउन्सिल	N	S	10
काउन्सिलर	N		3
काउन्सिलिङ	N		4
काउन्सील	N		2
काउली	N		5
काउले	N		2
काकडभिट्टा	N		3
काका	N		9
काकी	N		4
काख	N		7
काखी	N		3
काग	N		7
कागज	N	S	10
कागजपत्र	N		6
कागजात	N	S	8
कागती	N		6
कागते	N		2
कागबेनी	N		3
कागावा	N		2
कागेश्वरी	N		2
काग्रेंस	N		3
काग्रेस	N		8
काङग्रेस	N		4
काङ्गे्रस	N		4
काङ्ग्रेस	N		9
काङ्रेस	N		2
काज	N		5
काजकस्तान	N		3
काजकिरिया	N		2
काजक्रिया	N		3
काजल	N		2
काजी	N		3
काजु	N		2
काजोल	N		3
काटिए	N		3
काटे	N		5
काट्न	N		4
काठ	N	S	9
काठमाडाँै	N		4
काठमाडांै	N		4
काठमाडाैँ	N		3
काठमाडाैं	N		4
काठमाडौ	N		10
काठमाडौँ	N		12
काठमाडौं	N		12
काठमाडौंँ	N		2
काठमाडौंं	N		2
काठमाडौंबासी	N		3
काठमाडौंवासी	N		4
काठमाडौैं	N		2
काठमाण्डाै	N		4
काठमाण्डु	N		4
काठमाण्डू	N		6
काठमाण्डौ	N		10
काठमाण्डौँ	N		4
काठमाण्डौं	N		8
काठमान्डु	N		2
काठमान्डू	N		3
काठमान्डौ	N		4
काठमान्डौं	N		3
काठेखोला	N		2
काठेपुल	N		2
काठ्माण्डौ	N		2
काडिज	N		3
काढे	N		2
काण्ड	N		11
काण्डैकाण्ड	N		2
कात्तिक	N		7
कात्रो	N		5
कान	N	S	9
कानपुर	N		4
कानु	N		4
कानुन	N	S	13
कानुनमन्त्री	N		5
कानुनविद्हरु	N		3
कानुनविद्हरू	N		3
कानुनविपरीत	N		2
कानून	N	S	11
कानेपोखरी	N		3
कान्छा	N		3
कान्छाराम	N		2
कान्छी	N		4
कान्छो	N		3
कान्ति	N		5
कान्तिपथ	N		3
कान्तिपुर	N		7
कान्लो	N		0
कान्स	N		2
कापर	N		3
कापी	N		3
काप्री	N		2
काफलडाँडा	N		2
काफ्ले	N		6
काबुल	N		5
काभानी	N		3
काभे्र	N		2
काभ्रे	N		9
काभ्रेपलाञ्चोक	N		6
काभ्रेपलान्चोक	N		4
काभ्रेस्थली	N		3
काम	N	S	13
कामकाज	N		8
कामकारबाही	N		8
कामकारवाही	N		5
कामत	N		3
कामती	N		2
कामदार	N	S	11
कामदेव	N		4
कामना	N		5
कामपा	N		6
कामरेड	N		4
कामवासना	N		2
कामिनी	N		2
कामी	N		4
कामु	N		2
कामे	N		2
कामैत	N		3
कायक्रम	N		2
कायदा	N		4
कायम	N		2
कायरो	N		2
कायस्थ	N		4
कार	N	S	10
कारक	N		7
कारखाना	N	S	11
कारगार	N		3
कारण	N	S	9
कारबाहि	N		3
कारबाही	N	S	10
कारवाहि	N		3
कारवाही	N	S	8
कारागार	N		8
काराबास	N		2
कारावास	N		2
कारिन्दा	N		2
कारोना	N		4
कारोबार	N	S	11
कारोबारी	N		7
कारोवार	N		6
कारोवारी	N		2
कार्कि	N		2
कार्की	N		10
कार्गो	N		5
कार्ट	N		3
कार्टर	N		2
कार्टुन	N		6
कार्टेल	N		3
कार्ड	N	S	9
कार्तिक	N		6
कार्निभल	N		2
कार्पेट	N		3
कार्बन	N		2
कार्बाही	N		3
कार्बोहाइड्रेट	N		2
कार्य	N	S	11
कार्यकक्ष	N		6
कार्यकता	N		4
कार्यकम	N		3
कार्यकर्ता	N	S	12
कार्यकारिणी	N		2
कार्यकारी	N		7
कार्यकाल	N		9
कार्यकुशलता	N		3
कार्यक्र	N		7
कार्यक्रता	N		4
कार्यक्रम	N	S	14
कार्यक्रमम	N		5
कार्यक्रमस्थल	N		3
कार्यक्षमता	N		6
कार्यक्षेत्र	N		7
कार्यतालिका	N		4
कार्यत्रम	N		3
कार्यदक्षता	N		3
कार्यदल	N	S	9
कार्यदिशा	N		6
कार्यनीति	N		7
कार्यन्वयन	N		4
कार्यपत्र	N		7
कार्यप्रगति	N		2
कार्यप्रणाली	N		3
कार्यबल	N		3
कार्यबाहक	N		2
कार्यबिधि	N		2
कार्यभार	N		4
कार्ययोजना	N		7
कार्यरत	N		2
कार्यलय	N	S	9
कार्यवाही	N		3
कार्यविधि	N	S	9
कार्यविभाजन	N		4
कार्यव्यस्तता	N		3
कार्यशाला	N		8
कार्यशैली	N		7
कार्यसमिति	N	S	10
कार्यसमिती	N		5
कार्यसम्पादन	N		7
कार्यसूची	N		6
कार्यस्थल	N		7
कार्या	N		2
कार्याकर्ता	N		2
कार्याकाल	N		2
कार्याक्रम	N		6
कार्यादेश	N		2
कार्यान्यन	N		3
कार्यान्यवन	N		2
कार्यान्वन	N		3
कार्यान्वनय	N		3
कार्यान्वय	N		3
कार्यान्वयन	N		11
कार्यापालिका	N		2
कार्याल	N		5
कार्यालय	N	S	14
कार्याशाला	N		2
कार्लमाक्र्स	N		2
कार्लोस	N		3
कार्वाही	N		4
काल	N		10
कालकोठरी	N		3
कालखण्ड	N		7
काला	N		3
कालाखेती	N		2
कालाजार	N		2
कालान्तर	N		2
कालापानी	N		7
कालाबजारी	N		2
कालि	N		2
कालिका	N		5
कालिकानगर	N		2
कालिकास्थान	N		4
कालिकोट	N		8
कालिगड	N		2
कालिगढ	N		4
कालिगण्डकी	N		2
कालिज	N		2
कालिञ्चोक	N		4
कालिन्चोक	N		2
कालिमाटी	N		5
काली	N		5
कालीकोट	N		7
कालीखोला	N		2
कालीगढ	N		3
कालीगण्डकी	N		6
कालीमाटी	N		4
काले	N		5
कालेबुङ	N		3
कालो	N		3
कालोधन	N		2
कालोपत्र	N		2
कालोपत्रे	N		3
कालोबजारी	N		5
कालोसूची	N		4
कावासोती	N		6
काव्य	N		5
काशी	N		4
काश्मिर	N		6
काश्मीर	N		5
काष्ठकला	N		2
काष्ठमण्डप	N		4
कास्की	N		10
कास्कीकोट	N		2
कास्मिर	N		3
कास्मीर	N		2
कास्य	N		2
काेराेना	N		2
काेरिया	N		3
काेष	N		2
किंगडम	N		2
किंग्स	N		5
किंवदन्ती	N		5
किएभ	N		4
किक	N		4
किङ	N		4
किङ्स	N		3
किचकन्या	N		2
किचकिच	N		3
किचन	N		4
किचलो	N		6
किचेन	N		2
किट	N		8
किटाणु	N		5
किट्स	N		3
किड्नी	N		5
किड्स	N		4
किताब	N	S	12
किताबखाना	N		3
किताव	N		3
कित्ता	N		9
कित्ताकाट	N		3
किदुग	N		3
किनबेच	N		4
किनमेल	N		4
किनार	N		10
किनारा	N		8
किने	N		5
किन्न	N		7
किपर	N		4
किबी	N		4
किबोर्ड	N		3
किभ	N		6
किम	N		6
किमि	N		4
किमी	N		3
किम्फ	N		2
किया	N		2
कियाचु	N		3
किरण	N	S	9
किरा	N		8
किराँत	N		3
किराँती	N		3
किरात	N		4
किराती	N		7
किराना	N		3
किरिया	N		2
किरियापुत्री	N		2
किर्गिस्तान	N		6
किर्तिपुर	N		4
किर्तिमान	N		2
किर्ते	N		2
किर्ना	N		2
किलर	N		3
किला	N		3
किलागल	N		2
किलो	N		7
किलोग्राम	N		4
किलोमिटर	N		7
किलोमीटर	N		2
किलोवाट	N		3
किल्ला	N		7
किवी	N		3
किशन	N		3
किशान	N		4
किशिदा	N		3
किशुनजी	N		2
किशोर	N	S	9
किशोरकिशोरी	N		7
किशोरावस्था	N		5
किशोरी	N	S	10
किष्ट	N		4
किसम	N		3
किसान	N	S	12
किसानी	N		3
किसिन्जर	N		2
किसिम	N		6
किसी	N		2
किसुनजी	N		4
किस्ता	N		4
किस्ताबन्दी	N		2
किस्मत	N		2
किस्सा	N		3
कीचक	N		3
कीटनाशक	N		2
कीटाणु	N		6
कीभ	N		4
कीरा	N		7
कीरो	N		0
कीर्गिस्तान	N		3
कीर्तिपुर	N		7
कीर्तिमान	N		6
कीर्ते	N		2
कुँवर	N		7
कुंवर	N		2
कुइकेल	N		2
कुइनो	N		0
कुइरो	N		0
कुक	N		4
कुकर	N		4
कुकर्म	N		6
कुकिज	N		2
कुकी	N		2
कुकीज	N		3
कुकीहरू	N		3
कुकुर	N	S	10
कुकृत्य	N		4
कुखुरा	N	S	8
कुखुरापालन	N		3
कुचो	N		3
कुञ्ज	N		2
कुञ्जी	N		3
कुटनीति	N		5
कुटनीतिज्ञ	N		4
कुटपिट	N		4
कुटाइ	N		2
कुटाकुट	N		2
कुटिए	N		3
कुटी	N		2
कुटु	N		3
कुटुम्ब	N		4
कुटे	N		2
कुटो	N		0
कुट्को	N		0
कुण्ठा	N		7
कुण्ड	N		5
कुण्डली	N		2
कुथु	N		2
कुदाए	N		2
कुदु	N		3
कुदृष्टि	N		2
कुदे	N		2
कुन	N		5
कुना	N		8
कुनाकाप्चा	N		3
कुनै	N		6
कुनो	N		0
कुन्ती	N		2
कुन्दन	N		2
कुन्दुज	N		2
कुन्द्रा	N		5
कुपण्डोल	N		3
कुपन	N		5
कुपन्डोल	N		2
कुपोषण	N		6
कुप्रथा	N		6
कुबेत	N		5
कुबेर	N		2
कुबेला	N		2
कुम	N		0
कुमरोज	N		2
कुमाउँ	N		3
कुमार	N		7
कुमारी	N		7
कुमारीपाटी	N		2
कुमाल	N		4
कुमाले	N		3
कुमुद	N		2
कुम्ल्याए	N		2
कुरा	N	S	13
कुराकानि	N		2
कुराकानी	N	S	10
कुरान	N		4
कुरिती	N		3
कुरिनटार	N		3
कुरियर	N		2
कुरीति	N		4
कुरुक्षेत्र	N		2
कुरुम्बाङ	N		2
कुरुवा	N		4
कुरे	N		3
कुरो	N		4
कुर्कुच्चा	N		2
कुर्घा	N		2
कुर्ची	N		2
कुर्ता	N		2
कुर्था	N		4
कुर्मी	N		4
कुर्सि	N		2
कुर्सी	N		11
कुल	N		5
कुलत	N		5
कुलदेवता	N		2
कुलपति	N		6
कुलबहादुर	N		2
कुलमान	N		4
कुलर	N		2
कुला	N		3
कुलुङ	N		5
कुलेखानी	N		2
कुलेश्वर	N		4
कुलो	N		5
कुल्चिए	N		2
कुवँर	N		4
कुवंर	N		2
कुवर	N		2
कुवा	N		5
कुवेत	N		9
कुश	N		4
कुशल	N		4
कुशलता	N		5
कुशवाह	N		3
कुशवाहा	N		3
कुशासन	N		5
कुश्मा	N		4
कुश्वाहा	N		2
कुष्ठरोग	N		3
कुष्ठरोगी	N		2
कुसंस्कार	N		4
कुसुम	N		5
कुसुमखोला	N		2
कुस्ती	N		3
कुस्मा	N		6
कुहिए	N		2
कुहिनो	N		2
कुहिरो	N		4
कुहुँ	N		2
कुुरा	N		2
कूटनीति	N		5
कूटनीतिज्ञ	N		6
कृति	N	S	8
कृतिकार	N		2
कृत्य	N		4
कृपा	N		6
कृपावाद	N		3
कृयाकलाप	N		8
कृषक	N	S	11
कृषि	N		10
कृषिक्षेत्र	N		6
कृषिबाली	N		2
कृषिमन्त्री	N		3
कृषी	N		3
कृष्ण	N		8
कृष्णदास	N		2
कृष्णनगर	N		4
कृष्णपक्ष	N		2
कृष्णपुर	N		3
कृष्णप्रसाद	N		4
कृष्णबहादुर	N		3
कृष्णसार	N		3
कृष्णा	N		3
के	N		9
केएफसी	N		2
केएमसी	N		4
केक	N		4
केके	N		2
केजरीवाल	N		4
केजी	N		4
केटा	N		9
केटाकेटी	N		9
केटि	N		4
केटी	N	S	10
केटो	N		4
केडिया	N		4
केतु	N		3
केदार	N		4
केदारनाथ	N		3
केन	N		5
केनेडी	N		2
केन्ट	N		4
केन्द	N		5
केन्द्र	N	S	14
केन्द्रबिन्दु	N		4
केन्द्रविन्दु	N		3
केन्द्राध्यक्ष	N		3
केन्द्रीयता	N		3
केन्द्रीयस्तर	N		3
केन्द्र०	N		2
केन्या	N		8
केपी	N		6
केपीजी	N		2
केबल	N		8
केबलकार	N		6
केबिन	N		2
केबुलकार	N		5
केभी	N		4
केमिकल	N		5
केयर	N		5
केयरगिभर	N		3
केयु	N		4
केयुकेएल	N		2
केयू	N		5
केयूकेएल	N		3
केरल	N		3
केरला	N		5
केरा	N		6
केराउ	N		2
केराखेती	N		3
केराबारी	N		4
केरी	N		3
केरुङ	N		8
केरो	N		0
केलाए	N		2
केल्मी	N		3
केवट	N		3
केवलकार	N		5
केविन	N		2
केश	N		6
केशरी	N		3
केशव	N		3
केशी	N		3
केस	N		9
केसर	N		2
केसरी	N		2
केसि	N		4
केसी	N		9
केसीएनए	N		2
केहि	N		4
केहिदिन	N		2
केहिबेर	N		3
केही	N		7
केहीदिन	N		4
केहीबेर	N		5
कैंची	N		2
कैची	N		0
कैटरिना	N		3
कैद	N		3
कैदी	N		8
कैदीबन्दी	N		8
कैफ	N		4
कैयन	N		2
कैयौँ	N		3
कैयौं	N		3
कैलाली	N		11
कैलाश	N		5
को	N		7
कोअर्डिनेटर	N		2
कोइँच	N		2
कोइराल	N		3
कोइराला	N	S	13
कोइरी	N		3
कोइला	N		6
कोइलाडी	N		2
कोइलाबास	N		3
कोइली	N		2
कोइलो	N		0
कोईराला	N		5
कोउटिन्हो	N		3
कोक	N		4
कोकाकोला	N		4
कोक्रो	N		0
कोख	N		4
कोच	N		8
कोचे	N		2
कोट	N		7
कोटा	N		6
कोटि	N		4
कोटिंग	N		3
कोटिन्हो	N		2
कोटी	N		4
कोटेश्वर	N		8
कोट्याए	N		2
कोठा	N	S	12
कोठी	N		3
कोठो	N		0
कोड	N		7
कोण	N		6
कोणसभा	N		5
कोदालो	N		2
कोदो	N		6
कोन्टे	N		2
कोपनहेगन	N		2
कोपभाजन	N		2
कोपा	N		2
कोपिला	N		5
कोपिलो	N		0
कोपेनहेगन	N		2
कोब्रा	N		2
कोभिड	N		8
कोभिसिल्ड	N		2
कोभ्याक्स	N		5
कोभ्याक्सिन	N		2
कोमन	N		2
कोमल	N		3
कोमी	N		3
कोम्यान	N		2
कोयो	N		0
कोरना	N		2
कोरला	N		2
कोरलो	N		0
कोराक	N		2
कोराना	N		5
कोरिए	N		2
कोरिडोर	N		5
कोरियन	N		2
कोरिया	N		10
कोरियोग्राफर	N		3
कोरीया	N		4
कोरे	N		3
कोरोन	N		2
कोरोना	N		8
कोरोनाकाल	N		4
कोरोनाभाइरस	N		7
कोर्ट	N		6
कोर्न	N		2
कोर्ष	N		6
कोर्स	N		8
कोल	N		3
कोलकता	N		5
कोलकत्ता	N		5
कोलकाता	N		6
कोलम	N		2
कोलम्बस	N		2
कोलम्बिया	N		8
कोलम्बो	N		4
कोला	N		4
कोलाहल	N		4
कोलिन	N		2
कोलिन्स	N		2
कोली	N		3
कोलेस्ट्रोल	N		3
कोलोनी	N		3
कोलोराडो	N		3
कोल्टी	N		4
कोल्डस्टोर	N		2
कोविड	N		2
कोविन्द	N		3
कोश	N		3
कोशिका	N		5
कोशिकाहरू	N		4
कोशी	N		5
कोशेली	N		2
कोष	N	S	12
कोषाध्यक्ष	N		5
कोषिका	N		5
कोसिस	N		5
कोसी	N		5
कोसेली	N		5
कोसो	N		0
कोसोभो	N		3
कोस्ट	N		3
कोस्टा	N		3
कोस्टारिका	N		5
कोहलपुर	N		9
कोहली	N		5
कोहार	N		2
कोहि	N		5
कोही	N		7
कोहीकोही	N		2
कोहेन	N		2
कौटिन्हो	N		2
कौटिल्य	N		2
कौडी	N		2
कौतुहलता	N		3
कौरव	N		4
कौरा	N		2
कौवा	N		3
कौशल	N		7
कौशलटार	N		2
कौशलता	N		3
कौशिक	N		2
कौशी	N		2
कौसी	N		4
क्ति	N		3
क्बल	N		4
क्याच	N		2
क्याट	N		2
क्याटगोरी	N		3
क्याटलग	N		2
क्याटालोनिया	N		3
क्याटेगोरी	N		2
क्याथरिन	N		2
क्याथेड्रल	N		2
क्यान	N		8
क्यानडा	N		10
क्यानबेरा	N		2
क्यानभास	N		2
क्यानल	N		2
क्यानाडा	N		6
क्यानोनिङ	N		2
क्यान्टिन	N		5
क्यान्टोनमेन्ट	N		2
क्यान्डी	N		3
क्यान्सर	N	S	11
क्याप	N		5
क्यापस	N		2
क्यापिटन	N		2
क्यापिटल	N		6
क्यापिटल्स	N		6
क्यापिटान	N		2
क्याप्चर	N		2
क्याप्टेन	N		6
क्याप्सुल	N		3
क्याफिन	N		2
क्याफे	N		7
क्याबिन	N		3
क्याबिनेट	N		7
क्याम	N		2
क्यामरा	N		6
क्यामरुन	N		6
क्यामेरा	N	S	9
क्याम्प	N		11
क्याम्पस	N	S	13
क्याम्पेन	N		4
क्याम्ब्रिज	N		2
क्यारिबियन	N		2
क्यारियर	N		5
क्यारेक्टर	N		6
क्यारोलाइना	N		2
क्यारोलिन	N		2
क्यारोलिना	N		3
क्यालकुलेटर	N		3
क्यालिफोर्निया	N		6
क्यालेण्डर	N		3
क्यालेन्डर	N		6
क्यालोरी	N		4
क्याल्सियम	N		3
क्याविन	N		2
क्याविनेट	N		5
क्यास	N		2
क्यासल	N		4
क्यासिनो	N		7
क्यासेट	N		2
क्यास्ट्रो	N		2
क्युएफएक्स	N		3
क्युबा	N		4
क्युबेक	N		2
क्युरी	N		4
क्युवा	N		5
क्यूआर	N		3
क्यूएफएक्स	N		2
क्योटो	N		2
क्रम	N	S	9
क्रमण	N		5
क्रमित	N		3
क्रमै	N		2
क्रस	N		5
क्रसर	N		7
क्रसरोड	N		2
क्रसिङ	N		4
क्राइम	N		3
क्राइमिया	N		3
क्राइस्ट	N		2
क्रान्ति	N	S	10
क्रान्तिकारी	N	S	9
क्रान्ती	N		2
क्राफ्ट	N		2
क्रिएसन	N		3
क्रिकेक्स	N		2
क्रिकेट	N		10
क्रिकेटर	N		8
क्रिप्टो	N		2
क्रिप्टोकरेन्सी	N		6
क्रिम	N		5
क्रियशन	N		3
क्रियसन	N		3
क्रिया	N		6
क्रियाकलाप	N	S	10
क्रियाशिलता	N		3
क्रियाशीलता	N		5
क्रिश्चियन	N		3
क्रिश्चियानिटी	N		2
क्रिस	N		2
क्रिसमस	N		4
क्रिस्टल	N		3
क्रीम	N		2
क्रु	N		3
क्रुज	N		4
क्रुरता	N		2
क्रुस	N		3
क्रूज	N		2
क्रूरता	N		2
क्रेज	N		4
क्रेटर	N		3
क्रेडिट	N		3
क्रेता	N		4
क्रेन	N		3
क्रेमलिन	N		4
क्रो	N		2
क्रोएशिया	N		4
क्रोएसिया	N		7
क्रोध	N		5
क्रोम	N		4
क्रोमोजोम	N		2
क्लब	N	S	13
क्लव	N	S	10
क्लष्टर	N		5
क्लस्टर	N		5
क्लाइन्ट	N		4
क्लाइमेक्स	N		3
क्लाउड	N		4
क्लार्क	N		3
क्लास	N		6
क्लासिक	N		2
क्लिंकर	N		2
क्लिक	N		4
क्लिनिक	N		9
क्लिन्टन	N		4
क्लिप	N		6
क्लियरिङ	N		2
क्लियरेन्स	N		3
क्लेबोल्ड	N		3
क्लोप	N		2
क्वरेण्टीन	N		2
क्वल	N		3
क्वाँटी	N		2
क्वाटर	N		4
क्वाटरफाइनल	N		5
क्वाड	N		2
क्वात्रा	N		4
क्वान	N		2
क्वारेण्टाइन	N		2
क्वारेनटाइन	N		2
क्वारेन्टाइन	N	S	10
क्वारेन्टाईन	N		4
क्वारेन्टिन	N		7
क्वारेन्टीन	N		2
क्वार्टर	N		3
क्वार्टरफाइनल	N		5
क्वार्ट्ज	N		2
क्वालकम	N		2
क्वालकॉम	N		2
क्वालालम्पुर	N		3
क्वालिटि	N		2
क्वालिटी	N		3
क्वालिफायर	N		4
क्विन्टल	N		4
क्विन्स	N		2
क्वीन्टल	N		2
क्वेरी	N		3
क्षण	N	S	11
क्षति	N		7
क्षतिपुर्ति	N		2
क्षतिपूर्ति	N		3
क्षती	N		4
क्षत्र	N		3
क्षत्री	N		6
क्षमता	N	S	12
क्षय	N		3
क्षयरोग	N		5
क्षयरोगी	N		2
क्षयीकरण	N		2
क्षितिज	N		6
क्षेत्र	N	S	14
क्षेत्रपाटी	N		3
क्षेत्रफल	N		5
क्षेत्राधिकार	N		5
क्षेत्रि	N		2
क्षेत्री	N	S	8
क्षेप्यास्त्र	N		6
क्ष्ँेत्र	N		2
खकार	N		2
खकुरेल	N		3
खक्रौला	N		2
खगराज	N		2
खगेन्द्र	N		2
खच्चड	N		5
खछ्याङ	N		2
खजाना	N		2
खजुम	N		2
खजुरा	N		6
खजुरी	N		2
खजुरो	N		0
खटनपटन	N		2
खटपट	N		3
खटाइ	N		2
खटाइए	N		2
खटाए	N		2
खटिए	N		4
खटिक	N		3
खडका	N		4
खडायत	N		3
खडेरी	N		7
खड्का	N		10
खड्ग	N		2
खड्गा	N		2
खड्गी	N		4
खण्ड	N	S	11
खण्डकाव्य	N		4
खत	N		0
खतरा	N	S	9
खताग	N		2
खतिवडा	N		8
खत्रि	N		2
खत्री	N		7
खत्वे	N		3
खनजोत	N		2
खनाल	N	S	11
खनिए	N		2
खनिज	N		5
खनिया	N		2
खनियाँ	N		3
खने	N		3
खन्न	N		3
खन्याए	N		2
खपत	N		6
खपाङ्गी	N		3
खप्तड	N		4
खप्पर	N		2
खबटो	N		0
खबर	N	S	9
खबरदारी	N		5
खबरहब	N		5
खबरा	N		2
खम्बा	N		8
खर	N		4
खरब	N		0
खरबुजा	N		3
खरसाङ	N		2
खरानी	N		6
खराब	N		5
खराबी	N		5
खरायो	N		3
खराल	N		3
खरिद	N	S	11
खरिदकर्ता	N		5
खरिदबिक्री	N		3
खरिदार	N		5
खरिपाटी	N		3
खरीद	N	S	8
खरीदकर्ता	N		2
खरीददार	N		2
खरीददारहरू	N		3
खरेल	N		7
खर्क	N		3
खर्च	N	S	13
खर्चिए	N		2
खर्चे	N		2
खर्ब	N		4
खर्वाङ	N		2
खलंगा	N		6
खलः	N		3
खलक	N		5
खलङ्गा	N		3
खलनायक	N		3
खलपात्र	N		3
खलासी	N		3
खलिफा	N		3
खल्ति	N		3
खल्ती	N		7
खल्ली	N		0
खवर	N	S	8
खवास	N		3
खसहरू	N		3
खसाले	N		2
खसी	N		3
खसीबोका	N		3
खसे	N		5
खस्रो	N		0
खहरे	N		6
खहरेखोला	N		3
खाँचो	N		3
खाँड	N		4
खाँण	N		5
खाँदबारी	N		6
खाँन	N		2
खाए	N		5
खाजा	N	S	8
खाजाघर	N		2
खाट	N		4
खाडल	N		7
खाडि	N		2
खाडी	N		5
खाडीचौर	N		3
खाण	N		5
खात	N		0
खाता	N	S	11
खातावाला	N		3
खाति	N		2
खाती	N		5
खातुन	N		5
खादा	N		4
खाद्य	N		5
खाद्यन्न	N		3
खाद्यपदार्थ	N		2
खाद्यवस्तु	N		7
खाद्यान्न	N	S	9
खान	N	S	12
खानतलासी	N		2
खानदान	N		2
खानपान	N		9
खानपिन	N		4
खाना	N	S	13
खानी	N	S	9
खानीखोला	N		4
खानीगाउँ	N		3
खानेकुरा	N	S	11
खानेतेल	N		2
खानेपानी	N		7
खापुङ	N		4
खाम	N		3
खामेनी	N		2
खाम्चा	N		3
खारे	N		2
खारेज	N		3
खारेजी	N		6
खार्किभ	N		3
खाल	N		7
खालिफा	N		2
खालीपन	N		2
खाल्टे	N		2
खाल्डा	N		4
खाल्डाखुल्डी	N		4
खाल्डो	N		5
खाल्ले	N		2
खासा	N		4
खास्टो	N		0
खाेला	N		2
खिचाए	N		3
खिचातानी	N		4
खिचिए	N		2
खिचे	N		4
खिच्न	N		3
खिम्ती	N		5
खिया	N		2
खिल्ली	N		0
खीर	N		4
खुइलिए	N		2
खुकुरी	N		5
खुञ्जेली	N		2
खुट्टा	N	S	9
खुट्टो	N		0
खुड्किला	N		2
खुड्किलो	N		2
खुना	N		3
खुब	N		0
खुबी	N		4
खुमबहादुर	N		2
खुमलटार	N		7
खुम्चिए	N		2
खुम्च्याए	N		2
खुम्बु	N		3
खुराक	N		5
खुर्कोट	N		5
खुर्पा	N		2
खुर्सानी	N		6
खुला	N		3
खुलाइए	N		2
खुलाउन	N		2
खुलाए	N		3
खुलापन	N		3
खुलामञ्च	N		5
खुलाल	N		2
खुलासा	N		3
खुले	N		6
खुल्लामञ्च	N		2
खुवाउन	N		3
खुवाए	N		4
खुवालुङ	N		3
खुशि	N		2
खुशियाली	N		3
खुशी	N	S	9
खुशीयाली	N		3
खुसि	N		3
खुसियाली	N		3
खुसी	N	S	8
खुसीयाली	N		3
खेत	N		10
खेतबारी	N		9
खेतवारी	N		2
खेतान	N		2
खेताला	N		2
खेति	N		6
खेतिपाती	N		3
खेती	N		9
खेतीपाती	N		9
खेतीबाली	N		2
खेपे	N		3
खेमा	N		8
खेर	N		4
खेलकर्मी	N		2
खेलकुद	N	S	13
खेलकुदमन्त्री	N		2
खेलकूद	N		4
खेलक्षेत्र	N		4
खेलजीवन	N		3
खेलप्रेमी	N		3
खेलमैदान	N		4
खेलहरु	N		6
खेलहरू	N		4
खेलाए	N		2
खेलाडि	N		5
खेलाडी	N	S	12
खेले	N		5
खेलौना	N		7
खेल्न	N		6
खैरहनी	N		4
खैरेनी	N		3
खोंच	N		2
खोकना	N		3
खोकी	N		5
खोजकर्ता	N		2
खोजतलास	N		4
खोजबिन	N		2
खोजहरू	N		3
खोजि	N		3
खोजिए	N		3
खोजी	N	S	8
खोजीकार्य	N		3
खोजे	N		5
खोज्न	N		5
खोटाङ	N		9
खोटो	N		0
खोपके	N		2
खोपकेन्द्र	N		2
खोपडी	N		2
खोपहरू	N		2
खोपे	N		3
खोप्रो	N		0
खोयो	N		0
खोर	N		7
खोरिया	N		3
खोलसो	N		0
खोला	N	S	13
खोलाकिनार	N		2
खोलागाउँ	N		2
खोलानाला	N		4
खोलिए	N		2
खोली	N		2
खोले	N		5
खोलो	N		0
खोल्न	N		4
खोल्सा	N		3
खोल्सी	N		2
खोसिए	N		2
खोसे	N		3
ख्याक	N		2
ख्याति	N		0
ख्याल	N		2
ख्यालख्याल	N		2
ख्रीष्ट	N		6
ख्रीष्टविरोधी	N		3
ख्रीष्टियानहरु	N		2
गँगटो	N		0
गँड्यौलो	N		0
गंगा	N		5
गंगामाया	N		4
गंगाराम	N		2
गंगालाल	N		4
गंगासागर	N		2
गइरहे	N		3
गइरहेको	N		2
गइसके	N		3
गईसके	N		2
गए	N		7
गएराति	N		5
गएराती	N		2
गगन	N		5
गङ्गा	N		4
गङ्गामाया	N		2
गच्छदार	N		5
गच्छादार	N		2
गच्छेदार	N		2
गजब	N		4
गजमेर	N		4
गजल	N	S	8
गजलकार	N		5
गजुर	N		2
गजुरी	N		5
गजुरेल	N		5
गज्जब	N		5
गठजोड	N		3
गठन	N		9
गठनबन्धन	N		2
गठबनधन	N		2
गठबन्ध	N		6
गठबन्धन	N	S	13
गठवन्धन	N		7
गठ्ठाघर	N		3
गडबडी	N		6
गड्डाचौकी	N		6
गड्यौला	N		2
गढ	N		3
गढवा	N		5
गढवाल	N		2
गढी	N		6
गढीमाई	N		2
गण	N		8
गणक	N		6
गणतन्त्र	N		10
गणना	N		7
गणपति	N		2
गणराज्य	N		3
गणित	N		6
गणिनाथ	N		2
गणेश	N		4
गणेशजी	N		2
गणेशपुर	N		2
गणेशभक्त	N		3
गणेशमान	N		4
गणेशमानजी	N		2
गण्डक	N		3
गण्डकी	N		8
गत	N		4
गतबर्ष	N		2
गतवर्ष	N		3
गति	N	S	10
गतिबिधि	N		7
गतिबिधी	N		4
गतिरोध	N		5
गतिविधि	N	S	12
गतिविधी	N		6
गतिशिलता	N		2
गतिशीलता	N		4
गती	N		4
गते	N		9
गदाल	N		2
गद्दाफी	N		4
गद्दार	N		2
गद्दारी	N		2
गद्दी	N		3
गद्य	N		2
गधा	N		4
गनिए	N		2
गनी	N		3
गन्तब्य	N		5
गन्तव्य	N	S	10
गन्तव्यस्थल	N		4
गन्ध	N		7
गन्धर्व	N		4
गफ	N	S	8
गफगाफ	N		3
गफाडी	N		2
गफुर	N		2
गभर्नर	N	S	8
गमगढी	N		6
गमला	N		6
गमलो	N		0
गम्छा	N		2
गम्भिरता	N		2
गम्भीर	N		2
गम्भीरता	N		5
गरगहना	N		5
गरा	N		5
गराइ	N		4
गराइए	N		2
गराई	N		3
गराईदिए	N		2
गराउन	N		7
गराए	N		5
गरि	N		4
गरिए	N		7
गरिएकाहरु	N		4
गरिएकाहरू	N		2
गरिदिन	N		2
गरिब	N	S	9
गरिबी	N		8
गरिव	N		5
गरिवी	N		5
गरी	N		3
गरीए	N		2
गरीदिए	N		2
गरीब	N		7
गरीबी	N		6
गरीव	N		2
गरीसके	N		3
गरुड	N		4
गरुडा	N		5
गरे	N		9
गरेक	N		2
गरेकाहरु	N		5
गरेकाहरू	N		4
गरेकाे	N		2
गर्जन	N		2
गर्जेज	N		2
गर्त	N		2
गर्दन	N		2
गर्दिए	N		2
गर्धन	N		2
गर्न	N		10
गर्नुअघि	N		2
गर्ब	N		2
गर्बुजा	N		3
गर्भ	N		8
गर्भगृह	N		2
गर्भधारण	N		4
गर्भनर	N		5
गर्भनिरोध	N		2
गर्भपतन	N		5
गर्भवती	N		7
गर्भाधान	N		4
गर्भावस्था	N		7
गर्भाशय	N		2
गर्मि	N		3
गर्मी	N		9
गर्मीयाम	N		2
गर्ल	N		4
गर्लफ्रेण्ड	N		3
गर्लफ्रेन्ड	N		4
गर्व	N		4
गलकोट	N		6
गलत	N		3
गलबन्दी	N		2
गला	N		3
गलेश्वर	N		3
गलैचा	N		0
गल्कोट	N		5
गल्छी	N		3
गल्ति	N		7
गल्ती	N	S	8
गल्फ	N		4
गल्याङ	N		3
गल्र्स	N		2
गवाही	N		4
गसिप	N		3
गस्ती	N		5
गहतराज	N		3
गहन	N		0
गहना	N		7
गहिराइ	N		6
गहिराई	N		5
गहिरो	N		4
गहुँ	N		5
गहुँत	N		2
गहुँबाली	N		2
गाँउ	N		12
गाँउघर	N		4
गाँउपालिका	N		7
गाँउपालीका	N		4
गाँजर	N		2
गाँजा	N		6
गाँठा	N		2
गाँठो	N		3
गाँसे	N		2
गांगुली	N		2
गाइ	N		3
गाइघाट	N		2
गाइज	N		2
गाइजात्रा	N		2
गाइड	N		7
गाई	N	S	9
गाईगोरु	N		5
गाईघाट	N		6
गाईजात्रा	N		4
गाईड	N		4
गाईपालन	N		3
गाईबस्तु	N		3
गाईभैँसी	N		3
गाईभैंसी	N		3
गाईवस्तु	N		4
गाउ	N		9
गाउँ	N	S	14
गाउँकार्यपालिका	N		2
गाउँगाउँ	N		6
गाउँघर	N		10
गाउँटोल	N		2
गाउँठाउँ	N		5
गाउँपलिका	N		4
गाउँपालिक	N		3
गाउँपालिका	N	S	14
गाउँपालिकावासी	N		2
गाउँपालीका	N		4
गाउँबस्ती	N		6
गाउँबासी	N		3
गाउँवासी	N		3
गाउँसभा	N		6
गाउं	N		4
गाउंपालिका	N		3
गाउन	N		4
गाउपालिका	N		7
गाउपालीका	N		4
गाए	N		4
गागा	N		4
गाग्री	N		2
गाग्रो	N		0
गाजर	N		4
गाजल	N		2
गाजा	N		6
गाडि	N		7
गाडिए	N		2
गाडी	N	S	13
गाडीवाला	N		2
गाडे	N		2
गाता	N		2
गाथा	N		7
गान	N		6
गान्तोक	N		2
गान्धारी	N		4
गान्धि	N		2
गान्धी	N		8
गान्धीजी	N		3
गापा	N		5
गाबिस	N		4
गाभर	N		2
गाभिए	N		2
गाम्बिया	N		3
गायक	N	S	8
गायकगायिका	N		2
गायकी	N		4
गायत्री	N		2
गायन	N		7
गायि	N		2
गायिका	N	S	9
गारो	N		3
गार्जियन	N		3
गार्ड	N		8
गार्डियन	N		5
गार्डेन	N		4
गार्मेन्ट	N		5
गार्सिया	N		3
गाला	N		4
गालिब	N		3
गाली	N		5
गालीगलौज	N		3
गालो	N		0
गाविस	N	S	10
गाहा	N		2
गाैतम	N		2
गिजा	N		3
गिज्याए	N		2
गिटार	N		2
गिट्टी	N		3
गित	N	S	8
गितार	N		2
गिदी	N		2
गिद्ध	N		6
गिनी	N		3
गिफ्ट	N		2
गिभर	N		3
गियर	N		4
गियरबक्स	N		2
गिरफ्तारी	N		6
गिरावट	N		6
गिरि	N		6
गिरिजा	N		5
गिरिजाप्रसाद	N		3
गिरिजाबाबु	N		4
गिरी	N		8
गिरोह	N		10
गिर्जाघर	N		2
गिल	N		3
गिलास	N		7
गीत	N	S	13
गीतकार	N		5
गीतसंगीत	N		7
गीतसङ्गीत	N		2
गीता	N		6
गीतानगर	N		2
गीरी	N		3
गुँड	N		4
गुआम	N		3
गुएइदो	N		2
गुएना	N		2
गुगल	N		7
गुच्छा	N		4
गुजरात	N		6
गुजारा	N		3
गुजारे	N		2
गुज्रिए	N		3
गुञ्जिए	N		2
गुट	N	S	10
गुटउपगुट	N		4
गुटबन्दी	N		7
गुटा	N		2
गुटेरेस	N		4
गुठि	N		4
गुठिचौर	N		2
गुठी	N	S	9
गुठीचौर	N		2
गुठीयार	N		2
गुडे	N		2
गुड्डी	N		3
गुण	N	S	8
गुणगान	N		2
गुणवत्ता	N		5
गुणस्तर	N		7
गुणस्तरियता	N		2
गुणस्तरीयता	N		4
गुणा	N		5
गुण्डा	N		6
गुण्डागर्दी	N		4
गुण्डु	N		2
गुथि	N		3
गुना	N		3
गुनासा	N		5
गुनासो	N		7
गुन्डा	N		3
गुन्डागर्दी	N		2
गुन्द्री	N		0
गुन्द्रुक	N		4
गुपचुप	N		2
गुप्त	N		3
गुप्तचर	N		6
गुप्ता	N		6
गुप्ताङ्ग	N		2
गुफा	N		9
गुफी	N		2
गुफो	N		0
गुमाउन	N		3
गुमाए	N		5
गुमे	N		2
गुम्देल	N		3
गुम्बा	N		8
गुयाना	N		2
गुराँस	N		4
गुराँसे	N		2
गुरागाई	N		3
गुरागाईँ	N		2
गुरागाईं	N		4
गुरु	N	S	10
गुरुंग	N		2
गुरुआमा	N		2
गुरुकुल	N		6
गुरुकुलम	N		3
गुरुङ	N	S	11
गुरुङ्ग	N		4
गुरुजन	N		2
गुरुजी	N		3
गुरुड्ग	N		2
गुरुयोजना	N		5
गुरुवा	N		3
गुरू	N		4
गुरूङ	N		4
गुरूङ्ग	N		2
गुर्जा	N		5
गुर्भाकोट	N		3
गुलजार	N		2
गुलरिया	N		6
गुलाफ	N		3
गुलाब	N		6
गुलामी	N		2
गुलियो	N		2
गुलेली	N		2
गुल्म	N		6
गुल्मि	N		2
गुल्मी	N		9
गुल्सन	N		3
गुसाईं	N		3
गुहारे	N		3
गुह्येश्वरी	N		3
गु्रप	N		5
गूगल	N		4
गृह	N	S	12
गृहकार्य	N		5
गृहजिल्ला	N		2
गृहणी	N		3
गृहनगर	N		2
गृहमन्त्रालय	N		6
गृहमन्त्री	N		9
गृहयुद्ध	N		5
गृहसचिव	N		3
गृहस्थ	N		2
गृहस्थी	N		3
गृहिणी	N		4
गेग्रान	N		2
गेजुवा	N		3
गेट	N	S	11
गेटअप	N		2
गेटवे	N		3
गेटाफे	N		5
गेट्स	N		4
गेडा	N		3
गेडागुडी	N		3
गेडो	N		0
गेम	N		8
गेमप्रोन	N		4
गेमिङ	N		4
गेम्स	N		4
गेल	N		3
गेलाल	N		4
गेसो	N		3
गेस्टहाउस	N		2
गैँडा	N		4
गैँडाकोट	N		5
गैंडा	N		4
गैंडाकोट	N		5
गैडहवा	N		2
गैडा	N		2
गैडाकोट	N		3
गैरआख्यान	N		2
गैरजिम्मेवारी	N		3
गैरजिम्मेवारीपन	N		3
गैरदलित	N		6
गैरनागरिक	N		2
गैरनेपाली	N		2
गैरसांसद	N		2
गैरा	N		3
गैरागाउँ	N		2
गैरीगाउँ	N		3
गैरे	N		5
गैसके	N		3
गैसस	N		7
गैह्रे	N		2
गोंगबु	N		5
गोइत	N		3
गोकर्ण	N		7
गोकर्णेश्वर	N		3
गोकुल	N		2
गोकुलेश्वर	N		3
गोग्ली	N		2
गोचर	N		3
गोजमुमो	N		3
गोजी	N		4
गोठ	N		11
गोठगाउँ	N		2
गोठलापानी	N		2
गोठाटार	N		2
गोठाला	N		6
गोठालो	N		4
गोडमेल	N		2
गोडा	N		4
गोड्से	N		2
गोताखोर	N		2
गोतामे	N		3
गोत्र	N		3
गोदाम	N		9
गोदार	N		2
गोदावरी	N		8
गोन्जालेज	N		2
गोन्जालो	N		3
गोपनियता	N		4
गोपनीयता	N		5
गोपाल	N		5
गोपाली	N		2
गोपिनी	N		2
गोपी	N		2
गोपीकृष्ण	N		2
गोप्यता	N		2
गोबर	N		5
गोमा	N		4
गोमेज	N		2
गोम्पो	N		2
गोयन्का	N		2
गोयल	N		5
गोरखनाथ	N		3
गोरखपुर	N		5
गोरखा	N		11
गोरखापत्र	N		7
गोरखाली	N		3
गोरा	N		4
गोरामुमो	N		2
गोरु	N		8
गोरे	N		5
गोरेटो	N		4
गोर्खा	N	S	8
गोर्खाली	N		7
गोल	N	S	8
गोलअन्तर	N		4
गोलकर्ता	N		5
गोलकिपर	N		5
गोलचक्कर	N		2
गोलपार्क	N		2
गोलपोष्ट	N		2
गोलपोस्ट	N		2
गोलबजार	N		5
गोलभेँडा	N		3
गोलभेंडा	N		2
गोलभेडा	N		3
गोलरक्षक	N		4
गोला	N		4
गोलाकार	N		2
गोलाघाट	N		2
गोलाप्रथा	N		4
गोलाबारी	N		3
गोलार्ध	N		2
गोली	N	S	8
गोलीकाण्ड	N		4
गोलीबारी	N		2
गोले	N		4
गोल्छा	N		4
गोल्ड	N		2
गोल्डकप	N		7
गोल्डम्यान	N		2
गोल्डेन्स	N		2
गोल्यान	N		2
गोवा	N		4
गोविन्द	N		4
गोविन्दा	N		5
गोष्ठि	N		3
गोष्ठी	N		8
गोसाइँकुण्ड	N		2
गोसाई	N		2
गोस्वामी	N		3
गोही	N		4
गौचन	N		4
गौचरन	N		2
गौडेल	N		2
गौतम	N		9
गौर	N		6
गौरब	N		2
गौरव	N		7
गौरा	N		4
गौरादह	N		4
गौरिका	N		3
गौरी	N		4
गौरीगंगा	N		2
गौरीगञ्ज	N		6
गौरीघाट	N		3
गौरीफन्टा	N		2
गौरीशंकर	N		2
गौली	N		2
गौशाला	N		7
ग्याँस	N		6
ग्याङ	N		4
ग्याजेट	N		6
ग्याप	N		3
ग्यापु	N		3
ग्यारेज	N		5
ग्यारेन्टी	N		5
ग्यालरी	N		6
ग्यालिलियो	N		2
ग्यालेक्सी	N		4
ग्याष्ट्रिक	N		2
ग्यास	N	S	8
ग्यास्ट्रिक	N		3
ग्रन्थ	N		8
ग्रन्थि	N		5
ग्रन्थी	N		6
ग्रह	N		10
ग्रहण	N		6
ग्राउण्ड	N		3
ग्राउन्ड	N		2
ग्राण्डी	N		2
ग्रानडा	N		4
ग्रानाडा	N		2
ग्रान्ड	N		2
ग्रान्डी	N		2
ग्राफ	N		5
ग्राफिक्स	N		3
ग्राम	N		6
ग्रामथान	N		2
ग्रासरुट	N		3
ग्राहक	N	S	11
ग्राहकवर्ग	N		5
ग्राही	N		3
ग्रिजमन	N		3
ग्रिजम्यान	N		3
ग्रिड	N		6
ग्रिनकार्ड	N		4
ग्रिनल्याण्ड	N		2
ग्रिल	N		5
ग्रिस	N		6
ग्रीजम्यान	N		3
ग्रीड	N		2
ग्रीन	N		3
ग्रीष्म	N		2
ग्रीस	N		6
ग्रुप	N	S	12
ग्रूप	N		3
ग्रे	N		2
ग्रेट	N		3
ग्रेटवाल	N		3
ग्रेटा	N		2
ग्रेड	N		6
ग्रेडिङ	N		2
ग्रेस	N		3
ग्रोवर	N		2
ग्लानी	N		2
ग्लास	N		2
ग्लुक	N		2
ग्लुकोज	N		2
ग्लुटाथियोन	N		2
ग्लोब	N		2
ग्लोबल	N		5
ग्लोभ	N		2
ग्लोरी	N		2
ग्वाटेमाला	N		3
ग्वार्डिओला	N		3
ग्वालियर	N		2
ग्वाल्लेक	N		2
घटक	N		9
घटन	N		3
घटना	N	S	13
घटनाक्रम	N		9
घटनास्थल	N		8
घटबढ	N		3
घटस्थापना	N		5
घटाउन	N		3
घटाए	N		3
घटुवा	N		2
घटे	N		4
घट्ट	N		2
घट्टेखोला	N		3
घट्नाक्रम	N		2
घट्नास्थल	N		3
घडि	N		3
घडी	N		9
घडेरी	N		4
घण्टा	N	S	10
घण्टाघर	N		6
घण्टी	N		4
घण्टौँ	N		2
घण्टौं	N		2
घतानी	N		3
घन	N		0
घनत्व	N		3
घनमिटर	N		2
घनश्याम	N		4
घनो	N		0
घन्टा	N		6
घन्टी	N		2
घमण्ड	N		5
घम्साघम्सी	N		2
घर	N	S	14
घरआँगन	N		2
घरखर्च	N		2
घरगाउँ	N		2
घरगोठ	N		2
घरघडेरी	N		2
घरघर	N		6
घरजग्गा	N		5
घरटहरा	N		3
घरदेश	N		2
घरदैलो	N		8
घरधनि	N		2
घरधनी	N		5
घरधन्दा	N		2
घरधुरि	N		2
घरधुरी	N		7
घरना	N		2
घरपरिवार	N		11
घरबास	N		4
घरबेटी	N		5
घरभाडा	N		3
घरमूली	N		2
घरवास	N		2
घरव्यवहार	N		2
घराना	N		8
घरी	N		0
घरेलु	N		3
घरै	N		3
घर्ति	N		4
घर्तिमगर	N		3
घर्ती	N		6
घर्तीमगर	N		4
घर्षण	N		5
घलान	N		3
घले	N		5
घलेगाउँ	N		2
घाँटि	N		2
घाँटी	N		9
घाँस	N	S	8
घाँसी	N		2
घाइते	N		7
घाईते	N		4
घाउ	N	S	8
घाचोक	N		2
घाट	N		9
घाटगद्दी	N		2
घाटा	N		8
घाटी	N		2
घाना	N		5
घानी	N		3
घान्द्रुक	N		3
घाम	N		6
घामपानी	N		4
घायल	N		3
घार	N		5
घारो	N		0
घिउ	N		5
घिमिर	N		2
घिमिरे	N		9
घिमीरे	N		3
घिसिङ	N		6
घिसिङ्ग	N		3
घुँडा	N		6
घुडा	N		2
घुन्सा	N		2
घुमघाम	N		3
घुमफिर	N		4
घुमाए	N		2
घुमुवा	N		4
घुमे	N		4
घुम्टे	N		3
घुम्टो	N		0
घुम्ति	N		2
घुम्ती	N		6
घुम्थाङ	N		2
घुम्न	N		4
घुर्मी	N		4
घुस	N		3
घुसपैठ	N		3
घुसे	N		2
घृणा	N		5
घेदुङ	N		3
घेरा	N		7
घेराउ	N		4
घेराबन्दी	N		6
घेरिए	N		3
घेरे	N		2
घैंटे	N		2
घैटो	N		0
घैलो	N		0
घोचे	N		2
घोटाला	N		5
घोडा	N		9
घोडाघोडी	N		2
घोडेपानी	N		4
घोडो	N		0
घोरासैनी	N		2
घोराही	N		8
घोषण	N		2
घोषणपत्र	N		2
घोषणा	N	S	13
घोषणापत्र	N	S	10
घोषणासभा	N		2
घ्याङफेदी	N		3
घ्यु	N		2
घ्यू	N		3
ङ्क्रमण	N		2
चंगा	N		2
चंगुल	N		2
चकलेट	N		6
चकेवा	N		2
चक्कर	N		2
चक्का	N		4
चक्काजाम	N		3
चक्की	N		5
चक्कु	N		2
चक्र	N		8
चक्रपथ	N		4
चक्रवर्ती	N		4
चक्रवात	N		4
चक्रव्यूह	N		2
चक्रु	N		0
चक्रो	N		0
चक्लाबन्दी	N		2
चखाए	N		2
चञ्चला	N		2
चटर्जी	N		3
चटारो	N		3
चटौत	N		3
चट्टान	N		8
चट्याङ	N		5
चट्याङ्ग	N		2
चढाउन	N		2
चढाए	N		4
चढाव	N		7
चढे	N		4
चढ्न	N		4
चण्डीगढ	N		2
चण्डेश्वर	N		2
चतरा	N		7
चतराधाम	N		2
चतुर	N		0
चतुर्थ	N		0
चतुर्थी	N		3
चतुर्दशी	N		4
चतुर्वेदी	N		2
चदारा	N		2
चना	N		4
चनौटे	N		3
चन्द	N		7
चन्दन	N		3
चन्दननाथ	N		2
चन्दा	N		6
चन्दादाता	N		2
चन्द्र	N		6
चन्द्रकला	N		2
चन्द्रगढी	N		4
चन्द्रग्रहण	N		2
चन्द्रनिगाहपुर	N		5
चन्द्रपुर	N		5
चन्द्रबहादुर	N		2
चन्द्रमाया	N		2
चन्द्रशमशेर	N		3
चन्द्रशेखर	N		3
चन्द्रागिरि	N		5
चन्द्रागिरी	N		2
चन्द्रे	N		3
चन्द्रौटा	N		5
चपेटा	N		4
चप्पल	N		7
चमक	N		3
चमत्कार	N		5
चमार	N		3
चमेनागृह	N		3
चमेरा	N		2
चमेरो	N		2
चमेलिया	N		3
चमेली	N		3
चम्किए	N		3
चम्के	N		2
चम्चा	N		3
चम्चो	N		0
चम्पारण	N		3
चयन	N		7
चरण	N	S	12
चरन	N		3
चरमपन्थी	N		2
चरमोत्कर्ष	N		2
चरा	N		8
चराङ	N		2
चराचुरुंगी	N		3
चराचुरुङ्गी	N		6
चरिकोट	N		5
चरिचरन	N		2
चरित्र	N	S	10
चरी	N		4
चरेश	N		2
चरेस	N		2
चर्काए	N		2
चर्किए	N		2
चर्च	N		9
चर्चा	N	S	11
चर्चिल	N		2
चर्पी	N		4
चलखेल	N	S	9
चलचत्रि	N		2
चलचित्र	N	S	13
चलचित्रकर्मी	N		8
चलदृष्य	N		2
चलन	N	S	8
चलनचल्ती	N		3
चलाइए	N		2
चलाउन	N		6
चलाए	N		5
चले	N		5
चल्ती	N		4
चल्न	N		2
चश्मा	N		4
चस्मा	N		5
चहलपहल	N		5
चहारे	N		2
चाँगुनारायण	N		3
चाँडो	N		2
चाँदनी	N		5
चाँदी	N		5
चाँप	N		2
चाइना	N		7
चाइनिज	N		2
चाईना	N		2
चाउचाउ	N		5
चाउथे	N		2
चाउमिन	N		2
चाकडी	N		3
चाकरी	N		2
चाखे	N		2
चाङ	N		4
चाड	N	S	9
चाडपर्व	N		8
चाडबाड	N		5
चाडवाड	N		4
चाणक्य	N		3
चादी	N		2
चान्सलर	N		3
चाप	N		6
चापाकल	N		2
चापाकोट	N		3
चापागाँई	N		2
चापागाई	N		4
चापागाईँ	N		2
चापागाईं	N		4
चापागाउँ	N		3
चाप्लुसी	N		2
चाबहिल	N		4
चाभेज	N		2
चामल	N		8
चामलिङ	N		3
चामे	N		4
चाम्लिङ	N		4
चाम्स	N		3
चाया	N		2
चार	N		9
चारआली	N		5
चारजना	N		4
चारदिन	N		2
चारपाने	N		2
चारवटा	N		2
चारवर्ष	N		3
चारैजना	N		3
चारैतर्फ	N		2
चारैतिर	N		3
चार्ज	N		6
चार्जर	N		5
चार्जिङ	N		2
चार्ट	N		4
चार्टर	N		3
चार्टर्ड	N		3
चार्डपर्व	N		3
चार्ली	N		2
चार्ल्स	N		3
चालक	N	S	12
चालकदल	N		2
चालचलन	N		4
चालबाजी	N		2
चालिए	N		2
चालिसे	N		6
चालीस	N		0
चाले	N		5
चाल्न	N		2
चाल्नो	N		0
चाल्र्स	N		2
चावहिल	N		4
चासो	N	S	9
चाहना	N	S	9
चाहने	N		7
चाहाना	N		6
चाहाने	N		3
चाहिए	N		4
चाहे	N		6
चाहेको	N		2
चाैकी	N		2
चाैधरी	N		2
चिउरा	N		3
चिउरी	N		2
चिकित्स	N		3
चिकित्सक	N	S	12
चिकित्सा	N		6
चिकित्सालय	N		5
चिकित्साशास्त्र	N		3
चिकेन	N		2
चिच्याए	N		3
चिच्याहट	N		2
चिज	N	S	9
चिट्ठा	N		4
चिट्ठी	N		3
चिठी	N		7
चिठ्ठा	N		3
चिडियाखाना	N		6
चिडियाघर	N		2
चिढिए	N		2
चितवन	N		12
चितवनवासी	N		2
चिता	N		3
चितुवा	N		6
चित्त	N		5
चित्तल	N		2
चित्र	N	S	9
चित्रकला	N		6
चित्रकार	N		5
चित्रकारिता	N		2
चित्रगुप्त	N		2
चित्रण	N		6
चित्रा	N		2
चित्रे	N		3
चित्लाङ	N		3
चिनजान	N		6
चिनफिङ	N		5
चिनाउन	N		2
चिनाए	N		3
चिनारी	N		5
चिनिए	N		4
चिनियाँ	N	S	9
चिनी	N		7
चिने	N		4
चिनो	N		3
चिन्तक	N		5
चिन्तन	N	S	9
चिन्ता	N	S	11
चिन्न	N		3
चिन्ह	N	S	9
चिप	N		5
चिप्लिए	N		2
चिप्ले	N		2
चिप्स	N		2
चिमखोला	N		3
चिम्टो	N		0
चिम्नी	N		3
चिम्पान्जी	N		2
चिम्लिए	N		2
चियर	N		2
चिया	N	S	9
चियापसल	N		2
चियापान	N		4
चियाबारी	N		3
चिरा	N		2
चिरे	N		2
चिर्न	N		2
चिल	N		3
चिलिमे	N		3
चिली	N		6
चिल्ड्रेन	N		3
चिसापानी	N		6
चिसो	N		8
चिस्यान	N		2
चिहान	N		6
चिह्न	N		9
चीज	N		9
चीजहरू	N		7
चीन	N		12
चुँडाल	N		2
चुँडिए	N		2
चुकाए	N		2
चुके	N		4
चुङ्को	N		0
चुचुरा	N		4
चुचुरो	N		4
चुडाल	N		3
चुनवाङ	N		2
चुना	N		2
चुनाउ	N		3
चुनाब	N		4
चुनाव	N	S	13
चुनावीसभा	N		3
चुनिए	N		3
चुने	N		2
चुनौति	N	S	8
चुनौती	N	S	10
चुमान	N		3
चुमे	N		3
चुम्बक	N		4
चुम्बकत्व	N		3
चुम्बन	N		4
चुम्लुङ	N		3
चुरा	N		3
चुरे	N		8
चुरेवासी	N		2
चुरो	N		0
चुरोट	N		7
चुला	N		2
चुलाचुली	N		3
चुलिए	N		3
चुलो	N		5
चुलोचौका	N		2
चुल्ठो	N		0
चुल्हो	N		5
चुवा	N		2
चुहाए	N		2
चुहावट	N		5
चुहिए	N		2
चेक	N	S	8
चेकअप	N		3
चेकजाँच	N		6
चेकजाच	N		2
चेकपोष्ट	N		4
चेकपोस्ट	N		3
चेकिङ	N		4
चेत	N		5
चेतन	N		3
चेतना	N	S	9
चेतनास्तर	N		2
चेतावनी	N		6
चेन	N		6
चेन्नई	N		6
चेन्नाई	N		3
चेपाङ	N		6
चेमजोङ	N		2
चेम्जोङ	N		4
चेम्बर	N		5
चेम्वर	N		3
चेयर	N		2
चेला	N		5
चेलि	N		2
चेली	N		6
चेलीबेटी	N		6
चेलो	N		0
चेल्सी	N		8
चेस	N		4
चेहरा	N		3
चैत	N		8
चैतन्य	N		2
चैत्य	N		4
चैत्र	N		5
चैन	N		4
चैनपुर	N		7
चैसिर	N		2
चोइटो	N		0
चोइलो	N		0
चोक	N	S	12
चोखाल	N		3
चोङबाङ	N		2
चोट	N	S	10
चोड्रन	N		2
चोपडा	N		6
चोभार	N		4
चोम्स्की	N		2
चोया	N		4
चोरहरु	N		3
चोरहरू	N		3
चोरी	N		7
चोरे	N		2
चोली	N		2
चोलेन्द्र	N		3
चोलो	N		0
चोहर्वा	N		2
चौँरी	N		2
चौंरी	N		2
चौक	N		5
चौका	N		2
चौकि	N		4
चौकी	N	S	14
चौकीडाँडा	N		2
चौकीदार	N		4
चौकुने	N		3
चौगुना	N		2
चौघडा	N		3
चौघेरा	N		2
चौडाइ	N		4
चौडाई	N		2
चौतारा	N		5
चौतारी	N	S	10
चौतारो	N		3
चौत्तीस	N		0
चौथा	N		0
चौथाइ	N		2
चौथाइवाले	N		2
चौथी	N		2
चौथो	N		4
चौध	N		0
चौधरि	N		2
चौधरी	N	S	11
चौपाय	N		3
चौपाया	N		8
चौबर	N		0
चौबाटो	N		2
चौबीस	N		0
चौमासिक	N		5
चौर	N		7
चौरजहारी	N		6
चौरपाटी	N		2
चौरसिया	N		4
चौरहत्तर	N		0
चौरानब्बे	N		0
चौरासिया	N		2
चौरासी	N		0
चौराह	N		4
चौराहा	N		4
चौराहे	N		2
चौरी	N		3
चौलागाइ	N		2
चौलागाई	N		4
चौलागाईँ	N		2
चौलागाईं	N		4
चौवन्न	N		0
चौवालीस	N		0
चौविसकोठी	N		2
चौहान	N		4
च्याउ	N		6
च्याउखेती	N		4
च्याङ	N		2
च्याङ्ग्रा	N		3
च्याङ्ग्रो	N		0
च्याट	N		6
च्याटजीपीटी	N		2
च्याटबट	N		2
च्याटसोनिक	N		2
च्यातिए	N		2
च्याते	N		2
च्यानल	N	S	9
च्यापे	N		3
च्याप्टर	N		7
च्याम्पियन	N		6
च्याम्पियनशिप	N		2
च्याम्पियनशीप	N		2
च्याम्पियनसिप	N		6
च्याम्पियनसीप	N		3
च्याम्बर	N		2
च्यारिटी	N		5
च्यालन	N		2
च्यालेन्ज	N		3
च्यालेन्जर्स	N		2
च्यासल	N		6
च्वाइस	N		3
छँदा	N		4
छजना	N		3
छटपटी	N		3
छठ	N		6
छठघाट	N		2
छठपर्व	N		4
छड़ी	N		0
छत	N		9
छतिवन	N		2
छत्तिसगढ	N		2
छत्तीस	N		0
छत्तीसगढ	N		3
छत्रदेव	N		2
छनोट	N	S	10
छनौट	N		7
छन्त्याल	N		4
छन्द	N		4
छपकैया	N		5
छपन्न	N		0
छपाइ	N		3
छपाई	N		3
छबि	N		3
छब्बीस	N		0
छयत्तर	N		0
छयानब्बे	N		0
छयालीस	N		0
छयासी	N		0
छरछिमेक	N		6
छरछिमेकी	N		3
छरिए	N		2
छरे	N		3
छर्रा	N		3
छलकपट	N		2
छलफल	N	S	12
छलाङ	N		2
छली	N		4
छल्न	N		3
छवि	N	S	11
छवी	N		4
छहरा	N		4
छहरो	N		0
छहारी	N		4
छाँया	N		2
छाउगोठ	N		4
छाउनी	N		3
छाउपडी	N		4
छाउरो	N		0
छाए	N		4
छाङरु	N		3
छाडिए	N		3
छाडे	N		5
छाता	N		6
छाति	N		3
छाती	N		8
छातो	N		0
छात्र	N		8
छात्रछात्रा	N		7
छात्रबृत्ति	N		3
छात्रवास	N		2
छात्रवृति	N		3
छात्रवृत्ति	N		7
छात्रा	N		7
छात्राबास	N		2
छात्रावास	N		4
छात्रावृत्ति	N		2
छानबिन	N		7
छानबीन	N		3
छानविन	N		6
छानवीन	N		3
छाना	N		8
छानिए	N		3
छाने	N		3
छानो	N		6
छान्न	N		2
छापहिले	N		2
छापा	N		4
छापाखाना	N		5
छापामार	N		5
छापिए	N		2
छापे	N		3
छाप्न	N		2
छाप्रा	N		2
छाप्रो	N		5
छामे	N		2
छाया	N		6
छायाँ	N		6
छायाँकन	N		3
छायाँकार	N		2
छायांकन	N		4
छायाकंन	N		2
छायाङ्कन	N		3
छारेरोग	N		2
छाल	N		6
छाला	N		7
छावा	N		2
छाेरा	N		2
छिचोले	N		2
छिटा	N		2
छिटो	N		2
छिद्र	N		5
छिन्चु	N		4
छिन्ताङ	N		3
छिमे	N		2
छिमेक	N		10
छिमेकि	N		4
छिमेकी	N	S	10
छिराए	N		2
छिरिङ	N		4
छिरे	N		4
छिर्न	N		2
छुचुन्द्रो	N		0
छुटाउन	N		2
छुटाए	N		3
छुटे	N		5
छुट्टि	N		3
छुट्टिए	N		3
छुट्टी	N		4
छुट्याउन	N		2
छुट्याए	N		2
छुवाछुत	N		6
छुवाछूत	N		3
छूट	N		4
छेउ	N		9
छेउछाउ	N		5
छेऊ	N		3
छेके	N		2
छेडे	N		2
छेत्र	N		2
छेत्री	N		3
छेन्दु	N		2
छेपारा	N		2
छेपारो	N		2
छेप्का	N		2
छैटौँ	N		0
छैटौं	N		2
छैठौं	N		2
छोए	N		4
छोडिए	N		2
छोडे	N		6
छोड्न	N		3
छोपिए	N		2
छोपे	N		3
छोप्न	N		2
छोरा	N	S	12
छोराछोरी	N	S	11
छोराबुहारी	N		3
छोरि	N		4
छोरी	N	S	11
छोरीचेली	N		4
छोरो	N		4
छौंडो	N		0
छ्याङ	N		2
छ्यापे	N		2
जंगबहादुर	N		4
जंगम	N		3
जंगल	N	S	11
जंगीअड्डा	N		2
जंगे	N		2
जकार्ता	N		3
जग	N		7
जगगा	N		0
जगत	N		11
जगतपुर	N		2
जगदम्बा	N		2
जगदीश	N		2
जगन्नाथ	N		3
जगाउन	N		2
जगाए	N		2
जगाती	N		5
जगेडा	N		3
जगेर्ना	N		3
जग्गा	N	S	12
जग्गादाता	N		2
जग्गाधनी	N		6
जग्गे	N		2
जङ्गबहादुर	N		4
जङ्गम	N		2
जङ्गल	N		8
जज	N		6
जजिरा	N		4
जजीरा	N		3
जटिलता	N		8
जड	N		3
जडान	N	S	8
जडिबुटी	N		8
जडीबुटी	N		8
जडेजा	N		3
जण्डिस	N		2
जतन	N		3
जता	N		0
जताततै	N		0
जति	N		6
जत्ति	N		2
जत्था	N		3
जन	N	S	9
जनअदालत	N		2
जनअधिकार	N		2
जनअपेक्षा	N		3
जनअभिमत	N		2
जनआन्दोलन	N		9
जनआस्था	N		6
जनक	N		5
जनकंग्रेस	N		2
जनकपुर	N		11
जनकपुरधाम	N		9
जनकपुरवासी	N		2
जनकल्याण	N		2
जनक्रान्ति	N		6
जनगणतन्त्र	N		3
जनगणना	N		6
जनगुनासो	N		3
जनघनत्व	N		3
जनचासो	N		2
जनचाहना	N		2
जनचेतना	N		4
जनजन	N		5
जनजाति	N	S	9
जनजाती	N		6
जनजिविका	N		2
जनजीवन	N		6
जनजीविका	N		5
जनता	N	S	14
जनताटाइम्स	N		2
जनदबाब	N		2
जननी	N		4
जननेता	N		2
जनपरिचालन	N		3
जनपरिषद	N		2
जनप्रतिनिध	N		2
जनप्रतिनिधि	N	S	11
जनप्रतिनिधी	N		7
जनप्रतिनीधि	N		4
जनप्रदर्शन	N		3
जनप्रनिधि	N		3
जनभावना	N		3
जनमत	N		7
जनमतसंग्रह	N		4
जनमतसङ्ग्रह	N		2
जनमानस	N		6
जनमुक्ति	N		3
जनमोर्चा	N		9
जनयुद्द	N		3
जनयुद्ध	N		10
जनयुद्व	N		3
जनयूद्ध	N		3
जनरल	N		6
जनरा	N		3
जनवरी	N		8
जनवाद	N		5
जनविद्रोह	N		4
जनविश्वास	N		5
जनशक्ति	N	S	10
जनशक्ती	N		2
जनश्रमदान	N		4
जनसंख्या	N		8
जनसंगठन	N		7
जनसंघर्ष	N		2
जनसङ्ख्या	N		5
जनसङ्गठन	N		2
जनसत्ता	N		3
जनसभा	N		4
जनसमुदाय	N		9
जनसमूह	N		2
जनसम्पर्क	N		3
जनसरकार	N		3
जनसरोकार	N		3
जनसहभागिता	N		5
जनसाधारण	N		5
जनसेना	N		5
जनसेवा	N		4
जनस्तर	N		7
जनस्वास्थ्य	N		7
जनहित	N		4
जना	N		10
जनाइए	N		2
जनाउ	N		2
जनाउन	N		2
जनाए	N		5
जनाता	N		4
जनादेश	N		6
जनार्दन	N		3
जनै	N		4
जनैपूर्णिमा	N		3
जन्जिर	N		2
जन्डिस	N		3
जन्ता	N		3
जन्ती	N		5
जन्तु	N		5
जन्म	N		9
जन्मकैद	N		2
जन्मघर	N		2
जन्मजयन्ती	N		4
जन्मथलो	N		4
जन्मदर	N		3
जन्मदर्ता	N		3
जन्मदिन	N		5
जन्मनु	N		2
जन्मभूमि	N		6
जन्ममिति	N		4
जन्मसिद्ध	N		2
जन्मस्थल	N		4
जन्मस्थान	N		3
जन्माए	N		4
जन्माष्टमी	N		4
जन्मिए	N		6
जन्मे	N		6
जन्मेका	N		2
जन्मोत्सव	N		3
जप्रेल	N		3
जब	N		5
जबज	N		6
जबरा	N		7
जबेगु	N		2
जमकट्टेल	N		3
जमघट	N		6
जमरकटेल	N		2
जमरकट्टेल	N		2
जमरा	N		5
जमल	N		3
जमाए	N		3
जमात	N		7
जमाती	N		3
जमान	N		3
जमानत	N		3
जमाना	N		6
जमानी	N		2
जमिन	N	S	13
जमिनदार	N		3
जमिन्दार	N		4
जमीन	N		5
जमुना	N		5
जमुनाह	N		3
जमुनाहा	N		4
जमैका	N		4
जम्कट्टेल	N		3
जम्प	N		2
जम्बु	N		2
जम्मकट्टेल	N		2
जम्मा	N		2
जम्मू	N		2
जयगढ	N		2
जयनगर	N		5
जयन्ति	N		3
जयन्ती	N		6
जयपुर	N		3
जयशंकर	N		4
जयसवाल	N		4
जयसिंह	N		2
जया	N		3
जरदारी	N		2
जरा	N		9
जरासन्ध	N		2
जरिवाना	N		6
जरूर	N		0
जरै	N		3
जरो	N		0
जर्गेना	N		2
जर्ज	N		3
जर्जिया	N		6
जर्नल	N		5
जर्नेल	N		4
जर्मन	N	S	9
जर्मनी	N		9
जर्मेन	N		2
जर्सी	N		5
जलकुम्भी	N		3
जलचर	N		3
जलजला	N		6
जलजले	N		2
जलन	N		5
जलभण्डार	N		2
जलमार्ग	N		5
जलयात्रा	N		3
जलरङ	N		3
जलवायु	N		5
जलविद्युत	N		6
जलश्रोत	N		2
जलसेना	N		2
जलस्रोत	N		5
जलहरी	N		4
जलाउन	N		2
जलाए	N		2
जलाधार	N		3
जलान	N		2
जलाशय	N		8
जले	N		4
जलेश्वर	N		5
जवरा	N		2
जवान	N	S	11
जवानी	N		5
जवाफ	N	S	9
जवाफदेहिता	N		4
जवाफदेहीता	N		2
जस	N		9
जसपा	N		10
जसरी	N		0
जसिता	N		3
जसै	N		0
जसो	N		4
जस्टिन	N		2
जस्ता	N		7
जस्तापाता	N		3
जस्तो	N		5
जहा	N		3
जहाँ	N		5
जहाँतहाँ	N		0
जहाज	N	S	12
जहान	N		2
जहिले	N		3
जहिलेतहिले	N		0
जही	N		0
जहींतहीं	N		0
जाँगर	N		5
जाँचचौकी	N		2
जाँचपास	N		3
जाँचबुझ	N		2
जाँच्न	N		2
जाँड	N		3
जाँत	N		2
जाँतो	N		3
जाइका	N		4
जाउलाखेल	N		4
जाकर्ता	N		2
जाकार्ता	N		2
जागरण	N		7
जागरुकता	N		3
जागरूकता	N		3
जागिर	N		8
जागिरे	N		4
जागीर	N		4
जागृति	N		3
जागे	N		2
जाजरकोट	N		8
जाडो	N		7
जाडोयाम	N		2
जात	N	S	11
जातक	N		3
जातजाति	N		5
जातजाती	N		4
जाति	N	S	12
जाती	N		7
जात्रा	N	S	10
जादु	N		3
जादुगर	N		2
जादू	N		2
जानकार	N		6
जानकारी	N	S	11
जानुअघि	N		2
जापन	N		2
जापान	N		11
जापानी	N		5
जाभा	N		3
जाभी	N		3
जाम	N		6
जामुने	N		2
जाम्बिया	N		2
जायजेथा	N		2
जायन्ट्स	N		2
जार	N		5
जारी	N		4
जाल	N		6
जालझेल	N		2
जालसाजी	N		3
जालो	N		5
जावत	N		4
जावलाखेल	N		7
जावा	N		2
जावेद	N		3
जासुस	N		3
जासुसी	N		2
जाहेरवाला	N		3
जाहेरवाली	N		3
जाहेरी	N		4
जिआरई	N		2
जिउ	N		6
जिउन	N		2
जिएम	N		2
जिएमआर	N		2
जिकिर	N		3
जिग्री	N		2
जिङपिङ	N		3
जिज्ञाशा	N		2
जिज्ञासा	N		7
जिडिपी	N		2
जितगढी	N		2
जितपुर	N		4
जितबहादुर	N		2
जिताउन	N		2
जिताए	N		3
जितिया	N		2
जितु	N		2
जिते	N		6
जितेन्द्र	N		3
जित्न	N		6
जिदान	N		3
जिद्दी	N		5
जिन	N		3
जिनपिङ	N		5
जिनफिङ	N		2
जिन्टा	N		2
जिन्दगि	N		2
जिन्दगी	N		9
जिप	N		7
जिपलाइन	N		3
जिप्रका	N		2
जिफन्ट	N		3
जिबन	N		3
जिबि	N		2
जिबुटी	N		2
जिब्रा	N		2
जिब्रो	N		6
जिभ्रो	N		0
जिम	N		4
जिमिदार	N		2
जिमी	N		2
जिमेल	N		2
जिम्बा	N		3
जिम्बाबे	N		6
जिम्बाब्वे	N		5
जिम्बावे	N		5
जिम्मा	N		2
जिम्मेबारी	N		2
जिम्मेवार	N		3
जिम्मेवारी	N	S	12
जिम्मेवारीबोध	N		3
जिया	N		3
जियो	N		3
जिरी	N		5
जिरेल	N		2
जिरो	N		3
जिलो	N		0
जिल्ल	N		3
जिल्ला	N	S	14
जिल्लाबासी	N		5
जिल्लाभरी	N		2
जिल्लावासी	N		4
जिल्लास्तर	N		4
जिवन	N		8
जिवनयापन	N		3
जिवनशैली	N		2
जिवाणु	N		3
जिवि	N		2
जिविकोपार्जन	N		3
जिविस	N		6
जिवी	N		2
जिसस	N		6
जिसि	N		3
जिसी	N		4
जिस्काए	N		2
जिस्क्याए	N		2
जिहाद	N		2
जीउ	N		4
जीएम	N		2
जीएमआर	N		3
जीटीए	N		3
जीडीपी	N		2
जीत	N		7
जीतगढी	N		2
जीतपुर	N		4
जीतपुरसिमरा	N		4
जीते	N		2
जीन	N		4
जीन्दगी	N		5
जीप	N		7
जीपीएस	N		3
जीबन	N		3
जीबी	N		5
जीमेल	N		3
जीर्णोद्धार	N		3
जीव	N		8
जीवजन्तु	N		8
जीवन	N	S	13
जीवनकाल	N		4
जीवनचक्र	N		3
जीवनपद्धति	N		2
जीवनयात्रा	N		2
जीवनयापन	N		6
जीवनरक्षा	N		3
जीवनशैली	N		7
जीवनसाथी	N		6
जीवनस्तर	N		4
जीवनी	N		7
जीवविज्ञान	N		3
जीवाणु	N		7
जीविका	N		4
जीविकोपार्जन	N		5
जीसी	N		3
जुँगा	N		4
जुकरबर्ग	N		4
जुका	N		4
जुको	N		0
जुकोट	N		2
जुगल	N		4
जुगेडा	N		3
जुग्जाली	N		2
जुटमिल	N		2
जुटाउन	N		4
जुटाए	N		3
जुटे	N		4
जुट्न	N		2
जुडो	N		4
जुत्ता	N		7
जुद्धशमशेर	N		2
जुधाइ	N		2
जुधे	N		2
जुध्न	N		2
जुन	N		10
जुना	N		3
जुनार	N		4
जुनियर	N		8
जुनी	N		4
जुनीचाँदे	N		2
जुनु	N		3
जुनै	N		0
जुम	N		5
जुमा	N		2
जुम्ला	N		11
जुराए	N		2
जुरी	N		4
जुरे	N		3
जुरेली	N		3
जुरो	N		0
जुर्मुराए	N		2
जुलाइ	N		4
जुलाई	N		7
जुलियानी	N		2
जुलुश	N		2
जुलुस	N	S	8
जुलूस	N		3
जुवा	N		6
जुवाखाल	N		2
जुवाडे	N		4
जुवातास	N		2
जुस	N		7
जुहारी	N		2
जून	N		6
जे	N		7
जेएनयू	N		3
जेट	N		4
जेट्ली	N		2
जेठ	N		8
जेठाजु	N		3
जेठान	N		3
जेठानी	N		3
जेठारा	N		2
जेठी	N		3
जेडटीई	N		2
जेद्दा	N		3
जेन	N		3
जेनर	N		2
जेनिफर	N		2
जेनिशा	N		2
जेनी	N		4
जेनेभा	N		4
जेनेरेटर	N		6
जेनेरेशन	N		2
जेनेरेसन	N		5
जेपी	N		2
जेब	N		3
जेभि	N		3
जेभियर	N		2
जेभी	N		6
जेम्स	N		3
जेरी	N		4
जेरुसेलम	N		4
जेल	N		8
जेलर	N		2
जेलेन्स्की	N		5
जेष्ठ	N		2
जेष्ठता	N		2
जेसिका	N		3
जेसिज	N		7
जेसिबी	N		4
जेसिस	N		3
जेसीज	N		6
जेसीबी	N		3
जैदी	N		2
जैन	N		5
जैमिनी	N		3
जैशी	N		4
जैसवाल	N		4
जैसी	N		4
जो	N		4
जोकोभिच	N		4
जोकोभीक	N		3
जोकोहि	N		2
जोकोही	N		4
जोखि	N		2
जोखिम	N	S	11
जोगबनी	N		2
जोगबुडा	N		3
जोगबुढा	N		3
जोगवनी	N		2
जोगाउन	N		5
जोगाए	N		3
जोगिए	N		3
जोगिन	N		2
जोगी	N		6
जोङ	N		4
जोडघटाउ	N		3
जोडदिए	N		2
जोडबल	N		3
जोडि	N		5
जोडिए	N		5
जोडिन	N		2
जोडी	N	S	10
जोडे	N		4
जोड्न	N		4
जोधपुर	N		2
जोन	N		7
जोनस	N		3
जोनसन	N		5
जोनसोन	N		3
जोनी	N		2
जोन्स	N		2
जोन्सन	N		4
जोमसोम	N		7
जोया	N		2
जोरपाटी	N		5
जोरा	N		3
जोर्डन	N		8
जोर्नी	N		6
जोली	N		3
जोश	N		5
जोशि	N		3
जोशी	N		9
जोस	N		5
जोसी	N		2
जोसेफ	N		2
जोहर	N		3
जोहो	N		3
जौहर	N		2
ज्ञवाली	N		6
ज्ञान	N	S	11
ज्ञानकेन्द्र	N		3
ज्ञानु	N		3
ज्ञानेन्द्र	N		9
ज्ञानेश्वर	N		3
ज्ञापन	N		2
ज्ञापनपत्र	N		3
ज्ञावली	N		2
ज्ञावाली	N		2
ज्याक	N		5
ज्याकलिन	N		5
ज्याकेट	N		5
ज्याक्सन	N		3
ज्यादति	N		2
ज्यादती	N		6
ज्यादा	N		0
ज्यान	N		8
ज्यामरुककोट	N		3
ज्यामिति	N		2
ज्यामिरे	N		3
ज्याला	N		5
ज्यालादारी	N		5
ज्यु	N		6
ज्यू	N		8
ज्येष्ठता	N		2
ज्योति	N		9
ज्योतिष	N		6
ज्योतिषशास्त्र	N		4
ज्योतिषी	N		5
ज्योती	N		3
ज्वरो	N		6
ज्वाइँ	N		5
ज्वाई	N		3
ज्वाईँ	N		2
ज्वाईं	N		2
ज्वारभाटा	N		2
ज्वाला	N		7
ज्वालामुखी	N		6
ज्वेलरी	N		2
ज्वेलर्स	N		5
झगडा	N	S	8
झट्का	N		3
झडप	N	S	9
झड्का	N		2
झण्डा	N		7
झन	N		0
झन्झट	N		6
झन्डा	N		6
झपारे	N		2
झप्की	N		0
झमेला	N		6
झम्सिखेल	N		2
झयाल	N		2
झरना	N		9
झरी	N		6
झरे	N		4
झर्न	N		2
झलक	N		5
झलनाथ	N		4
झलमल्ल	N		0
झलारी	N		4
झल्को	N		2
झस्किए	N		2
झस्के	N		2
झाँकी	N		6
झाँक्री	N		6
झाओ	N		4
झाक्री	N		3
झाडापखाला	N		4
झाडी	N		7
झाडु	N		2
झापा	N		12
झापाली	N		3
झारखण्ड	N		4
झारपात	N		3
झारफुक	N		3
झारे	N		3
झार्लाङ	N		2
झालगायत	N		2
झिँगा	N		3
झिंगा	N		2
झिके	N		2
झिक्न	N		2
झिलझिले	N		3
झिल्का	N		2
झिल्को	N		2
झिल्ली	N		4
झिसमिसे	N		3
झील	N		0
झुकाए	N		2
झुकाव	N		5
झुके	N		2
झुक्किए	N		2
झुक्याए	N		2
झुट	N		6
झुण्ड	N		8
झुण्डिए	N		2
झुण्ड्याए	N		2
झुनझुनवाला	N		2
झुन्ड	N		4
झुन्डिए	N		2
झुपडी	N		6
झुप्रा	N		2
झुमे	N		2
झुम्का	N		3
झुम्मिए	N		2
झुम्सा	N		2
झुरो	N		0
झुल	N		0
झुला	N		2
झुलाघाट	N		4
झुले	N		2
झुल्किए	N		2
झूट	N		4
झेले	N		3
झैझगडा	N		3
झोल	N		5
झोला	N	S	9
झ्याल	N		7
झ्यालढोका	N		2
टंकी	N		2
टंगाल	N		3
टकराव	N		4
टक्कर	N		3
टक्सार	N		2
टच	N		6
टण्डन	N		4
टन	N		6
टनकपुर	N		2
टना	N		7
टनास्थल	N		4
टनेल	N		5
टन्डन	N		2
टन्सिल	N		2
टप	N		4
टपरी	N		3
टपरो	N		0
टप्पु	N		3
टप्स	N		3
टमटा	N		2
टमाटर	N		4
टमाटा	N		2
टर्बाइन	N		3
टर्म	N		2
टर्मिनल	N		8
टहरा	N		8
टहरो	N		3
टाँक	N		0
टाँगा	N		2
टाँडी	N		5
टाँसिए	N		2
टाँसे	N		2
टाइगर	N		5
टाइगर्स	N		4
टाइटन	N		3
टाइटन्स	N		2
टाइटल	N		3
टाइप	N		2
टाइफस	N		3
टाइफाइड	N		2
टाइब्रेकर	N		2
टाइम	N		5
टाइम्स	N		7
टाईम्स	N		2
टाउका	N		5
टाउको	N	S	8
टाउन	N		6
टाटा	N		3
टाटो	N		0
टाठाबाठा	N		2
टाडा	N		2
टाढा	N		6
टाढाटाढा	N		3
टाढिए	N		3
टान	N		5
टापु	N		8
टायर	N		6
टायल	N		2
टारे	N		2
टार्न	N		4
टालो	N		0
टावर	N	S	9
टास्कफोर्स	N		3
टाेली	N		4
टिएमएस	N		2
टिकट	N	S	10
टिकटक	N		9
टिका	N		4
टिकाउन	N		4
टिकापुर	N		4
टिके	N		2
टिचर	N		2
टिचिङ	N		2
टिजर	N		5
टिन	N		4
टिपर	N		8
टिपाए	N		2
टिपे	N		3
टिपोट	N		0
टिप्न	N		2
टिप्पणी	N	S	8
टिप्पर	N		6
टिप्स	N		3
टिफर	N		2
टिफिन	N		2
टिभि	N		5
टिभिएस	N		3
टिभी	N	S	8
टिम	N	S	12
टिमुर	N		3
टिमुरे	N		4
टियु	N		3
टिसर्ट	N		2
टिसिएल	N		2
टि्वटर	N		2
टीका	N		5
टीकापुर	N		8
टीटी	N		2
टीभी	N		6
टीभीएस	N		3
टीम	N		9
टीयू	N		2
टुँडिखेल	N		5
टुँडीखेल	N		2
टुंगिए	N		2
टुंग्याए	N		2
टुंडिखेल	N		2
टुकडी	N		4
टुकी	N		3
टुकुचा	N		2
टुकुचे	N		2
टुक्का	N		6
टुक्रा	N	S	8
टुक्रिए	N		2
टुगेदर	N		3
टुङ्गिए	N		2
टुङ्ग्याए	N		2
टुचेल	N		3
टुटफुट	N		3
टुटल	N		2
टुटे	N		3
टुडिखेल	N		2
टुडु	N		2
टुडे	N		7
टुप्पा	N		3
टुप्पो	N		7
टुर	N		4
टुरिजम	N		5
टुर्नामेन्ट	N		5
टुर्स	N		3
टुल	N		4
टुल्स	N		2
टुहुरे	N		3
टूर	N		4
टूर्नामेंट	N		3
टेकबहादुर	N		3
टेकराज	N		3
टेकु	N		8
टेके	N		5
टेको	N		2
टेक्निसियन	N		2
टेक्नोलोजिज	N		2
टेक्नोलोजी	N	S	9
टेक्सस	N		5
टेक्सास	N		5
टेण्ट	N		2
टेण्डर	N		4
टेन	N		3
टेनिस	N		6
टेनेसी	N		2
टेन्ट	N		4
टेन्डर	N		4
टेन्सन	N		2
टेप	N		3
टेबल	N		9
टेबलटेनिस	N		2
टेबुल	N		5
टेम्केमैयुङ	N		2
टेम्पल	N		2
टेम्पलेट	N		2
टेम्पो	N		5
टेम्प्लेट	N		4
टेरेस	N		2
टेलर	N		5
टेलिकम	N		9
टेलिग्राम	N		2
टेलिचलचित्र	N		2
टेलिफिल्म	N		2
टेलिफोन	N		5
टेलिभिजन	N	S	11
टेलिया	N		4
टेलियासोनेरा	N		3
टेलिसिरियल	N		3
टेलिस्कोप	N		3
टेलीभिजन	N		3
टेवा	N		0
टेष्ट	N		4
टेस्ट	N		7
टेस्टिङ	N		2
टेस्ला	N		5
टैगोर	N		2
टोकन	N		3
टोकरी	N		3
टोकाइ	N		5
टोके	N		3
टोक्यो	N		2
टोखा	N		7
टोटनहम	N		6
टोटनह्याम	N		7
टोटेनहम	N		6
टोटेनह्याम	N		3
टोन	N		7
टोनी	N		3
टोपबहादुर	N		3
टोपी	N		8
टोमा	N		2
टोयोटा	N		2
टोरन्टो	N		2
टोरेस	N		2
टोल	N	S	13
टोलटोल	N		4
टोलबासी	N		3
टोलवासी	N		3
टोलाए	N		2
टोलि	N		8
टोली	N	S	13
टौदह	N		3
ट्यांक	N		5
ट्यांकर	N		7
ट्यांकी	N		3
ट्याकल	N		2
ट्याक्टर	N		7
ट्याक्स	N		2
ट्याक्सी	N	S	9
ट्याग	N		6
ट्याङकर	N		3
ट्याङ्क	N		3
ट्याङ्कर	N		6
ट्याङ्की	N		6
ट्याटु	N		4
ट्याटू	N		4
ट्याब	N		4
ट्याबलेट	N		3
ट्याब्लेट	N		7
ट्युनिसिया	N		7
ट्युब	N		3
ट्युबेल	N		2
ट्युमर	N		8
ट्युसन	N		2
ट्यूटोरियल	N		4
ट्यूब	N		3
ट्रंप	N		2
ट्रक	N	S	10
ट्रफि	N		3
ट्रफी	N		5
ट्रमा	N		3
ट्रम्प	N		10
ट्रयाक	N		7
ट्रयाक्टर	N		7
ट्रली	N		2
ट्रष्ट	N		7
ट्रष्टी	N		2
ट्रस	N		6
ट्रस्ट	N		6
ट्राइबर	N		3
ट्रान्जिट	N		3
ट्रान्सपरेन्सी	N		2
ट्रान्सपोर्ट	N		4
ट्रान्सफर	N		6
ट्रान्सफर्मर	N		6
ट्रान्समिसन	N		2
ट्रान्स्फर	N		3
ट्राफिक	N	S	10
ट्राभल	N		6
ट्राभल्स	N		6
ट्रायथलन	N		2
ट्रायल	N		4
ट्रिक	N		2
ट्रिप	N		2
ट्रिपर	N		5
ट्रुडो	N		2
ट्रेक	N		3
ट्रेकिङ	N		3
ट्रेजर	N		2
ट्रेजरी	N		2
ट्रेड	N		3
ट्रेडमार्क	N		6
ट्रेडर्स	N		4
ट्रेडिंग	N		2
ट्रेडिङ	N		7
ट्रेडिङ्ग	N		3
ट्रेण्डिङ	N		2
ट्रेन	N		6
ट्रेनिङ	N		3
ट्रेन्ड	N		5
ट्रेन्डिङ	N		2
ट्रेल	N		4
ट्रेलर	N		6
ट्रेसिङ	N		5
ट्रोल	N		2
ट्र्याक	N		7
ट्र्याक्टर	N		6
ट्वाइलेट	N		4
ट्वान्टी	N		2
ट्विट	N		5
ट्विटर	N		6
ट्वीट	N		8
ट्वीटर	N		7
ठकुराठी	N		2
ठकुरी	N		5
ठकुल्ला	N		3
ठक्कर	N		4
ठगहरु	N		3
ठगि	N		3
ठगिए	N		4
ठगी	N		6
ठगुन्ना	N		4
ठटाल	N		3
ठट्टा	N		6
ठड़ा	N		0
ठडिए	N		2
ठड्याए	N		2
ठमेल	N		6
ठहराए	N		2
ठहरिए	N		3
ठहर्याए	N		2
ठाँउ	N		9
ठाँटी	N		2
ठाउ	N		7
ठाउँ	N	S	14
ठाउँठाउँ	N		4
ठाउं	N		3
ठाऊँ	N		2
ठाकरे	N		2
ठाकुर	N		8
ठाकुरबाबा	N		2
ठाडा	N		4
ठाना	N		0
ठानिए	N		2
ठाने	N		4
ठिटो	N		3
ठिनी	N		2
ठिमी	N		5
ठुटा	N		2
ठुला	N		2
ठूला	N	S	8
ठूलाबडा	N		4
ठूलो	N		3
ठूलोबुवा	N		2
ठेउला	N		2
ठेकदार	N		4
ठेकी	N		2
ठेकेदार	N	S	9
ठेक्का	N		7
ठेक्कापट्टा	N		4
ठेगाना	N	S	8
ठेचो	N		2
ठेला	N		4
ठेली	N		2
ठोकर	N		0
ठोकिए	N		2
ठोके	N		2
ठोक्किए	N		2
ठोरी	N		5
ठोसो	N		0
डंकन	N		2
डंगुर	N		2
डंगोल	N		5
डकर्मी	N		3
डकुमेन्ट	N		7
डकुमेन्ट्री	N		6
डकैत	N		0
डकैती	N		3
डक्टर	N		4
डगौरा	N		3
डङ्गुर	N		2
डङ्गोल	N		4
डटकम	N		8
डडुवा	N		3
डडेलधुरा	N		5
डडेल्धुरा	N		8
डढेलो	N		6
डण्डा	N		3
डण्डी	N		3
डन	N		7
डन्डी	N		2
डन्डीफोर	N		2
डबली	N		5
डबल्स	N		2
डब्बा	N		3
डब्लुएचओ	N		5
डब्लुएफपी	N		2
डब्लुटिओ	N		2
डब्लूएचओ	N		4
डब्ल्युएचओ	N		4
डब्ल्यूएचओ	N		6
डमरु	N		2
डर	N	S	9
डरत्रास	N		2
डराए	N		3
डर्टमण्ड	N		5
डर्टमन्ड	N		4
डर्टमुण्ड	N		4
डर्टमुन्ड	N		6
डलर	N		11
डल्फिन	N		3
डल्लाकोटी	N		3
डल्लु	N		3
डल्लो	N		3
डसाइ	N		2
डस्टबिन	N		2
डस्टविन	N		2
डाँकलो	N		0
डाँका	N		3
डाँगी	N		4
डाँठ	N		5
डाँडा	N		11
डाँडाकाँडा	N		4
डाँडागाउँ	N		2
डाँडो	N		4
डाँफे	N		3
डांगी	N		2
डाइक	N		3
डाइट	N		4
डाइनोसर	N		2
डाइभर्सन	N		5
डाइरेक्टर	N		6
डाइरेक्टरी	N		2
डाइलग	N		2
डाउन	N		7
डाउनलोड	N		4
डाकु	N		2
डाके	N		3
डाक्टर	N	S	11
डाटा	N	S	9
डाटाबेस	N		8
डाडा	N		2
डाडु	N		0
डान्स	N		4
डान्सबार	N		2
डान्सर	N		3
डायना	N		2
डायमण्ड	N		5
डायमन्ड	N		4
डायर	N		2
डायरी	N		6
डायलग	N		2
डायलसिस	N		2
डायलाइसिस	N		2
डायलाईसिस	N		2
डायलासिस	N		3
डायस्पोरा	N		5
डार्बिन	N		4
डार्विन	N		3
डालमिया	N		2
डालस	N		2
डाली	N		2
डालो	N		0
डिआइजी	N		6
डिआईजी	N		5
डिउटी	N		2
डिएगो	N		2
डिएनए	N		4
डिएम	N		3
डिएलए	N		2
डिएसपी	N		5
डिग्री	N	S	9
डिजल	N		3
डिजाइन	N	S	12
डिजाइनर	N		8
डिजाइनिङ	N		2
डिजाईन	N		5
डिजिज	N		2
डिजिट	N		2
डिजिटल	N		5
डिजिटाइजेसन	N		2
डिजी	N		2
डिजे	N		3
डिजेल	N		5
डिज्नी	N		3
डिटेक्टर	N		2
डिटेल	N		2
डित	N		4
डिन	N		4
डिनर	N		4
डिपार्टमेन्ट	N		4
डिपिआर	N		3
डिपिएल	N		2
डिपे	N		2
डिपो	N		7
डिपोजिट	N		3
डिप्रेशन	N		5
डिप्रेसन	N		9
डिफेन्डर	N		5
डिफेन्स	N		6
डिबाला	N		2
डिब्बा	N		4
डिभाइडर	N		2
डिभाइस	N		8
डिभिजन	N		7
डिभिलियर्स	N		2
डिभी	N		2
डिभोर्स	N		5
डिमाण्ड	N		3
डिम्ब	N		2
डिम्बाशय	N		2
डियाज	N		2
डिल	N		7
डिलन	N		2
डिलर	N		8
डिल्लीबजार	N		5
डिल्लीमाया	N		2
डिशहोम	N		5
डिसअर्डर	N		2
डिसहोम	N		4
डिसि	N		2
डिसिसिएमसी	N		2
डिसी	N		5
डिसेम्बर	N		8
डिसेम्वर	N		3
डिस्क	N		4
डिस्टिलरी	N		3
डिस्प्ले	N		5
डीआइजी	N		3
डीआईजी	N		7
डीएनए	N		3
डीएभी	N		2
डीएसपी	N		4
डीक्रा	N		2
डीडीसी	N		5
डीन	N		5
डीपीआर	N		3
डीसी	N		4
डुंगा	N		6
डुक्पा	N		2
डुङ्गा	N		7
डुडुवा	N		3
डुबाए	N		2
डुबान	N		5
डुबे	N		4
डुमरिया	N		3
डुम्रे	N		6
डुले	N		2
डुवर्स	N		3
डुवान	N		5
डेँगु	N		3
डेंगी	N		4
डेंगु	N		7
डेइजी	N		3
डेक्ची	N		0
डेक्स	N		3
डेङ्गी	N		3
डेङ्गु	N		4
डेङ्गो	N		2
डेट	N		3
डेटा	N	S	9
डेटिङ	N		3
डेढ	N		0
डेनमार्क	N		8
डेनियल	N		3
डेन्टल	N		2
डेब्यु	N		4
डेब्यू	N		4
डेभलपमेन्ट	N		4
डेभलपर	N		3
डेभलपर्स	N		4
डेभिड	N		3
डेभिस	N		2
डेमो	N		2
डेमोक्रेट	N		2
डेमोक्रेसी	N		4
डेमोक्र्याट	N		4
डेम्बेले	N		3
डेयरडेभिल्स	N		5
डेरा	N		4
डेरावाल	N		4
डेरी	N		7
डेरो	N		0
डेलावेयर	N		3
डेलिगेट्स	N		2
डेलिगेसन	N		3
डेलिभरी	N		4
डेली	N		4
डेलीमेल	N		3
डेल्टा	N		2
डेस्क	N		8
डेस्कटप	N		4
डोका	N		2
डोकेबजार	N		2
डोको	N		6
डोक्लाम	N		2
डोज	N		6
डोजर	N		6
डोजाङ	N		3
डोजो	N		5
डोटी	N		9
डोटेल	N		2
डोनबास	N		2
डोनर	N		2
डोपिङ	N		2
डोभाल	N		2
डोम	N		4
डोमेन	N		5
डोरी	N		6
डोर्याए	N		2
डोला	N		3
डोली	N		2
डोल्पा	N		7
डोल्मा	N		3
ड्याङ	N		3
ड्याडी	N		2
ड्याम	N		2
ड्यालस	N		2
ड्यासबोर्ड	N		4
ड्युटी	N		6
ड्र	N		4
ड्रग्स	N		3
ड्रप	N		2
ड्रम	N		4
ड्राइभ	N		5
ड्राइभर	N		7
ड्राइभिङ	N		4
ड्राईभर	N		3
ड्राफ्ट	N		5
ड्रामा	N		3
ड्रिल	N		3
ड्रेस	N		7
ड्रोन	N		7
ढंग	N		5
ढक	N		0
ढकाल	N		8
ढङ्ग	N		5
ढर्रा	N		5
ढलान	N		3
ढले	N		3
ढल्किए	N		2
ढल्के	N		2
ढल्केबर	N		6
ढल्केवर	N		5
ढाँचा	N		9
ढाँटे	N		2
ढाकछोप	N		3
ढाका	N		6
ढाके	N		2
ढाड	N		4
ढाला	N		2
ढाले	N		2
ढिँडी	N		0
ढिला	N		2
ढिलाइ	N		6
ढिलाई	N		5
ढिलासुस्ती	N		5
ढिलो	N		2
ढिस्को	N		3
ढुंगा	N	S	8
ढुंगाना	N		5
ढुंगामाटो	N		2
ढुंगेधारा	N		3
ढुंगेल	N		5
ढुकढुकी	N		2
ढुकुटी	N		4
ढुकुर	N		2
ढुक्क	N		4
ढुक्कै	N		2
ढुङगा	N		3
ढुङ्गा	N	S	9
ढुङ्गाना	N		5
ढुङ्गेधारा	N		2
ढुङ्गेल	N		4
ढुङ्गो	N		0
ढुटो	N		0
ढुवानी	N		5
ढुवानीकर्ता	N		3
ढुसी	N		4
ढेडु	N		0
ढोका	N	S	11
ढोकै	N		2
ढोड	N		0
ढोडेनी	N		2
ढोरपाटन	N		5
तँ	N		4
तंत्र	N		2
तःमुंज्या	N		2
तआला	N		2
तक	N		5
तकिया	N		3
तक्मा	N		2
तगारो	N		2
तजबिज	N		3
तट	N		9
तटबन्ध	N		5
तटबन्धन	N		2
तटवन्ध	N		2
तटस्थता	N		2
तडकभडक	N		2
तण्डुकार	N		3
तताए	N		3
तत्काल	N		4
तत्त्व	N		8
तत्परता	N		5
तत्व	N	S	9
तथ्य	N	S	9
तथ्याँक	N		2
तथ्यांक	N	S	11
तथ्याङ	N		2
तथ्याङक	N		3
तथ्याङ्क	N	S	8
तदारुकता	N		3
तन	N		3
तनहँु	N		3
तनहु	N		3
तनहुँ	N		8
तनहुँसुर	N		2
तनहूँ	N		3
तनाब	N		5
तनाव	N	S	9
तन्तु	N		6
तन्त्र	N		5
तन्दुरुस्ती	N		2
तन्द्रा	N		2
तन्ना	N		3
तन्नेरी	N		5
तपसिल	N		3
तपस्या	N		6
तपस्वी	N		2
तपाँइ	N		2
तपाँई	N		4
तपाइ	N		9
तपाइँ	N	S	10
तपाइं	N		2
तपाई	N	S	13
तपाईँ	N		10
तपाईँं	N		2
तपाईं	N	S	12
तपाईंं	N		3
तपार्इँ	N		2
तपार्इं	N		6
तपोभूमि	N		2
तपोवन	N		3
तप्का	N		6
तब	N		0
तमन्ना	N		2
तमलोपा	N		4
तमसुक	N		3
तमाङ	N		3
तमानखोला	N		2
तमास	N		2
तमासा	N		2
तमिलनाडु	N		4
तमु	N		4
तमोर	N		2
तम्घास	N		6
तम्सिए	N		2
तयार	N		2
तयारि	N		2
तयारी	N	S	12
तरंग	N		7
तरकारी	N	S	12
तरकारीखेती	N		2
तरङ्ग	N		6
तरबार	N		2
तरल	N		3
तरलता	N		5
तरवार	N		2
तरहरा	N		5
तराइ	N		7
तराई	N		11
तराईं	N		2
तराईवासी	N		2
तराजु	N		2
तरामु	N		2
तरिका	N	S	9
तरीका	N		7
तरुण	N		4
तरुणदल	N		2
तरुनी	N		2
तरुल	N		2
तर्क	N	S	9
तर्जुमा	N		4
तर्फ	N		7
तर्सिए	N		2
तल	N		6
तलब	N		8
तलबभत्ता	N		4
तलबमान	N		2
तलव	N		5
तला	N		9
तलाउ	N		4
तलाक	N		2
तलास	N		0
तलिम	N		2
तलेजु	N		3
तलैया	N		2
तलो	N		0
तल्ला	N		3
तवर	N		6
तसर्थ	N		0
तस्कर	N		12
तस्करी	N		8
तस्बिर	N	S	9
तस्बीर	N		6
तस्विर	N	S	8
तस्वीर	N	S	9
तह	N	S	14
ताँती	N		0
ताँबो	N		0
ताइपे	N		2
ताइपेइ	N		5
ताइपेई	N		4
ताइवान	N		8
ताईवान	N		2
ताकत	N		3
ताकम	N		3
ताका	N		2
ताके	N		2
ताक्लाकोट	N		2
तागत	N		5
ताजकिस्तान	N		3
ताजपुरिया	N		3
ताजिकिस्तान	N		4
ताते	N		2
तातो	N		4
तातोपानी	N		8
तानसेन	N		7
तानातान	N		3
तानाशाह	N		6
तानाशाही	N		3
तानिए	N		3
ताने	N		2
तान्जानिया	N		3
तान्त्रिक	N		4
तान्न	N		2
तापक्रम	N		6
तापमान	N		5
तापसी	N		2
ताप्लेजुङ	N		11
ताप्लेजुङ्ग	N		3
तामझाम	N		4
तामा	N		7
तामांग	N		3
तामाकोशी	N		5
तामाकोसी	N		5
तामाखानी	N		2
तामाङ	N	S	11
तामाङ्ग	N		3
तामिलनाडु	N		3
तामेली	N		3
ताम्रपत्र	N		3
ताम्राकार	N		4
तार	N	S	10
तारकासुर	N		2
तारकेश्वर	N		3
तारजाली	N		2
तारबार	N		3
तारा	N	S	9
ताराखोला	N		3
तारादेवी	N		3
तारिक	N		7
तारिख	N		9
तारिफ	N		2
तारीख	N		4
तारुका	N		3
तारे	N		2
तारेख	N		3
ताल	N	S	13
तालतलैया	N		2
तालमेल	N		7
ताला	N		3
तालाबन्दी	N		5
तालि	N		3
तालिका	N		7
तालिबान	N		6
तालिबानी	N		2
तालिम	N	S	10
तालिवान	N		5
ताली	N		3
तालीम	N		7
तालु	N		2
ताल्ती	N		2
तावा	N		2
तास	N		4
तास्मानिया	N		3
ताहाचल	N		4
तिंकर	N		4
तिक्तता	N		3
तिग्रो	N		0
तिघ्रा	N		3
तिज	N		5
तितुङ	N		3
तितेकरेला	N		2
तिथि	N		9
तिथी	N		3
तिन	N		8
तिनकुने	N		3
तिनजना	N		2
तिनाउ	N		4
तिनि	N		2
तिनिहरु	N		4
तिनी	N		3
तिनै	N		7
तिनैजना	N		2
तिब्बत	N		9
तिब्बती	N		3
तिब्रता	N		2
तिमल्सिना	N		5
तिमल्सेना	N		3
तिमि	N		5
तिमिल्सिना	N		6
तिमिल्सीना	N		2
तिमिल्सेना	N		4
तिमी	N	S	9
तिम्रा	N		0
तिम्रो	N		0
तिम्सिना	N		4
तिरस्कार	N		3
तिरुवा	N		3
तिरे	N		5
तिर्खा	N		2
तिर्थस्थल	N		2
तिर्थालु	N		2
तिर्न	N		6
तिल	N		5
तिलक	N		4
तिला	N		2
तिलाठी	N		3
तिलिजा	N		2
तिलोत्तमा	N		6
तिलौराकोट	N		3
तिवारी	N		5
तिहाइ	N		5
तिहाई	N		5
तिहार	N		9
तिहुन	N		0
ती	N		6
तीज	N		6
तीन	N		8
तीनकुने	N		6
तीनगुना	N		0
तीनजना	N		7
तीनदिन	N		3
तीनवटा	N		4
तीनवर्ष	N		3
तीनसरो	N		0
तीनै	N		2
तीनैजना	N		3
तीर	N		4
तीर्थ	N		6
तीर्थयात्रा	N		3
तीर्थयात्री	N		6
तीर्थस्थल	N		3
तीर्थाटन	N		3
तीर्थालु	N		3
तीव्रता	N		5
तीस	N		0
तुइन	N		5
तुफान	N		6
तुम्बापो	N		3
तुम्बाहाङफे	N		3
तुम्बाहाङ्फे	N		3
तुम्बाहाम्फे	N		3
तुम्वाहाम्फे	N		2
तुरुन्त	N		0
तुर्कमेनिस्तान	N		4
तुर्को	N		0
तुलना	N		4
तुलसा	N		3
तुलसिपुर	N		3
तुलसी	N		7
तुलसीदास	N		2
तुलसीपुर	N		8
तुला	N		3
तुलाचन	N		4
तुलाधर	N		5
तुलाधार	N		2
तुल्याउन	N		2
तुल्याए	N		2
तुल्सीपुर	N		4
तुल्सीलाल	N		2
तुवाँलो	N		3
तुहिए	N		2
तृणमूल	N		3
तृतिय	N		2
तृतीय	N		4
तृतीया	N		4
तृत्व	N		2
तृप्ति	N		3
तृष्णा	N		3
तेईस	N		0
तेक्वान्दो	N		7
तेघरी	N		2
तेज	N		4
तेजपत्ता	N		2
तेजपात	N		2
तेजबहादुर	N		6
तेत्तीस	N		0
तेन्जिङ	N		2
तेन्दुलकर	N		2
तेबर	N		0
तेब्बर	N		3
तेमाल	N		3
तेम्बाथान	N		2
तेरा	N		0
तेरिया	N		3
तेरी	N		0
तेरै	N		0
तेरो	N		0
तेर्साए	N		2
तेर्सिए	N		2
तेर्स्याए	N		2
तेल	N	S	9
तेलंगाना	N		2
तेली	N		4
तेश्रो	N		3
तेस्रा	N		0
तेस्रो	N		7
तेस्रोलिंगी	N		5
तेस्रोलिङ्गी	N		3
तेस्र्याए	N		2
तेहरान	N		5
तेहोरो	N		0
तेह्रथुम	N		6
तैँ	N		0
तैनाथी	N		2
तैमुर	N		2
तैयारी	N		2
तोकिए	N		5
तोके	N		4
तोडफोड	N		6
तोडिए	N		2
तोडे	N		3
तोड्न	N		2
तोप्देन	N		2
तोरी	N		5
तोला	N		3
तोली	N		2
तोसिमा	N		3
तौरतरिका	N		3
तौल	N		5
तौलिया	N		2
तौलिहवा	N		4
त्य	N		3
त्यँहा	N		3
त्यता	N		3
त्यति	N		7
त्यतिञ्जेल	N		2
त्यतिन्जेल	N		2
त्यतिबेला	N		4
त्यतिवेला	N		3
त्यती	N		2
त्यतै	N		2
त्यत्ति	N		5
त्यस	N		11
त्यसकारण	N		0
त्यसदिन	N		2
त्यसबेला	N		5
त्यसवेला	N		3
त्यससमय	N		2
त्यसै	N		7
त्यस्ता	N		5
त्यस्तै	N		4
त्यस्तो	N		2
त्यहा	N		3
त्यहाँ	N		8
त्यहां	N		3
त्यहाा	N		2
त्यहि	N		2
त्यही	N		7
त्यहीँ	N		5
त्यहीं	N		3
त्यहीबेला	N		2
त्या	N		3
त्यागे	N		4
त्याहा	N		3
त्याहाँ	N		3
त्यु	N		2
त्यो	N		3
त्यों	N		0
त्योंस	N		0
त्योंही	N		0
त्योबेला	N		3
त्र	N		3
त्रयोदशी	N		4
त्रास	N		8
त्रासदी	N		5
त्रिकोण	N		2
त्रिचालीस	N		0
त्रिताल	N		2
त्रिपन्न	N		0
त्रिपाठी	N		5
त्रिपाल	N		5
त्रिपुराकोट	N		2
त्रिपुरेश्वर	N		6
त्रिभुवन	N		4
त्रिभुवनबस्ती	N		3
त्रियानब्बे	N		0
त्रियासी	N		0
त्रियुगा	N		2
त्रिवि	N		8
त्रिविवि	N		2
त्रिवेणी	N		8
त्रिशुल	N		2
त्रिशुली	N		2
त्रिशूल	N		3
त्रिशूली	N		4
त्रिहत्तर	N		0
त्रुटि	N	S	8
त्रुटी	N		5
त्रैमास	N		6
त्रैमासिक	N		4
त्वचा	N		3
त्सेतुङ	N		2
थकाइ	N		2
थकान	N		6
थकाली	N		4
थन्काए	N		2
थन्किए	N		3
थपघट	N		2
थपड	N		0
थपलिया	N		5
थपिए	N		4
थपे	N		4
थप्न	N		2
थबाङ	N		4
थमाए	N		2
थम्पसन	N		3
थर	N		10
थरी	N		4
थरीथरी	N		2
थरुनी	N		3
थरुहट	N		2
थर्काए	N		2
थलिए	N		3
थलो	N		7
थवाङ	N		4
थाइराइड	N		3
थाइल्याण्ड	N		8
थाइल्यान्ड	N		7
थाईलेसमिया	N		2
थाईल्याण्ड	N		5
थाकस	N		3
थाके	N		3
थातथलो	N		4
थान	N		6
थानकोट	N		6
थाना	N		4
थानाभर्याङ	N		2
थानी	N		3
थापा	N	S	12
थापाजी	N		2
थापाथली	N		4
थापामगर	N		5
थापे	N		2
थाप्लो	N		0
थाम	N		3
थामिए	N		2
थामी	N		3
थामे	N		3
थाम्सुहाङ	N		2
थारमारे	N		3
थारु	N	S	9
थारू	N		5
थालनी	N		5
थालिए	N		3
थाले	N		7
थासाङ	N		2
थाहा	N		4
थाहाखबर	N		3
थाहानगर	N		2
थिए	N		3
थिएटर	N		8
थिग्रो	N		0
थिङ	N		5
थिङ्ग	N		2
थिचे	N		2
थिचोमिचो	N		2
थिति	N		2
थिम	N		6
थिमि	N		4
थिमी	N		3
थियटर	N		2
थुँगो	N		0
थुके	N		2
थुतुनो	N		0
थुनछेक	N		2
थुना	N		4
थुनिए	N		3
थुनुवा	N		5
थुने	N		2
थुन्से	N		0
थुपारे	N		2
थुप्रै	N		4
थुप्रो	N		5
थुम	N		3
थुमा	N		3
थुम्का	N		4
थुम्की	N		2
थुम्को	N		3
थुलुङ	N		3
थेगिम	N		2
थेबे	N		4
थेरापिस्ट	N		2
थेरापी	N		7
थेवे	N		3
थेसिस	N		2
थैली	N		3
थैलो	N		0
थोक	N		7
थोकर	N		4
थोपरे	N		2
थोपा	N		5
थोपो	N		0
थोमस	N		2
थोरै	N		4
थ्योरी	N		2
थ्री	N		4
थ्रीस्टार	N		6
थ्रेड	N		2
थ्रेसहोल्ड	N		3
दंगल	N		2
दंगा	N		3
दंगाल	N		3
दंगीशरण	N		3
दंश	N		3
दक्षता	N		5
दक्षिण	N		9
दक्षिणकाली	N		3
दक्षिणपन्थी	N		3
दक्षिणा	N		4
दगुरे	N		2
दग्नाम	N		3
दङ्गाल	N		2
दण्ड	N		7
दण्डहिनता	N		3
दण्डहीनता	N		4
दत्त	N		5
दधिकोट	N		2
दनुवार	N		3
दफा	N		5
दबदबा	N		3
दबाइ	N		2
दबाई	N		0
दबाउन	N		2
दबाए	N		2
दबाब	N		7
दबाव	N		5
दबु	N		4
दबू	N		3
दम	N		7
दमक	N		11
दमकल	N		7
दमन	N		6
दमाइ	N		3
दमाई	N		4
दमाईं	N		2
दमाम	N		3
दमेक	N		3
दमौली	N		7
दम्पति	N		5
दम्पती	N		9
दम्पत्ति	N		5
दम्पत्ती	N		4
दम्भ	N		7
दया	N		6
दयाहाङ	N		4
दर	N	S	11
दरखास्त	N		4
दरबन्दी	N		7
दरबाङ	N		2
दरबार	N	S	13
दरबारमार्ग	N		6
दरभंगा	N		2
दररेट	N		2
दरवन्दी	N		4
दरवाङ	N		4
दरवारमार्ग	N		2
दराई	N		3
दराज	N		9
दरार	N		4
दरिए	N		2
दरिद्रता	N		2
दर्जन	N		4
दर्जनौं	N		3
दर्जा	N		7
दर्जि	N		2
दर्जी	N		4
दर्ता	N		9
दर्द	N		2
दर्ना	N		3
दर्नाल	N		4
दर्पण	N		4
दर्लामी	N		3
दर्शक	N	S	12
दर्शकदीर्घा	N		2
दर्शन	N	S	10
दर्शनशास्त्र	N		4
दर्शना	N		3
दर्शनार्थी	N		6
दर्शाए	N		3
दर्सक	N		2
दर्साए	N		2
दलदल	N		3
दलदले	N		2
दलबल	N		2
दलबहादुर	N		3
दलबीच	N		2
दलभित्र	N		4
दलहरु	N		8
दलहरू	N		8
दलान	N		2
दलाल	N	S	11
दलाली	N		5
दलित	N	S	11
दवाडी	N		4
दवाब	N		3
दवाव	N		5
दश	N		5
दशक	N	S	12
दशकौ	N		2
दशकौँ	N		3
दशकौं	N		3
दशगजा	N		6
दशमी	N		7
दशरथ	N		4
दशा	N		3
दशै	N		5
दशैँ	N		7
दशैं	N		8
दशैंतिहार	N		2
दस	N		0
दसक	N		3
दसगजा	N		2
दसै	N		3
दसैँ	N		7
दसैं	N		8
दसैंतिहार	N		3
दस्तखत	N		2
दस्ता	N		5
दस्ताबेज	N		7
दस्तावेज	N		10
दस्तुर	N		3
दह	N		7
दहाल	N		5
दहित	N		2
दही	N		7
दाँत	N	S	8
दांग	N		2
दांत	N		2
दांव	N		2
दाइ	N	S	11
दाइजो	N		6
दाई	N		6
दाउ	N		4
दाउद	N		3
दाउन्ने	N		4
दाउपेच	N		4
दाउफिन्स	N		2
दाउरा	N		7
दाउरो	N		0
दाऊद	N		3
दाग	N		8
दाङ	N		11
दाङ्ग	N		3
दाजु	N	S	9
दाजुभाइ	N		9
दाजुभाई	N		8
दाता	N		9
दातृनिकाय	N		2
दादा	N		3
दादागिरी	N		4
दादुरा	N		2
दान	N		6
दानव	N		3
दाना	N		11
दानी	N		2
दानो	N		0
दाप्चा	N		2
दाबिलो	N		0
दाबी	N	S	8
दाबेदार	N		8
दाबेदारी	N		3
दाम	N		5
दामन	N		2
दामासाही	N		3
दामोदर	N		3
दाम्लो	N		3
दायर	N		2
दायरा	N	S	9
दायाँ	N		3
दायाँबायाँ	N		3
दायित्व	N	S	8
दारु	N		2
दार्चुला	N		9
दार्जलिङ	N		2
दार्जिलिङ	N		7
दार्जीलिङ	N		5
दार्शनिक	N		5
दाल	N		7
दालत	N		2
दावा	N		5
दावी	N	S	8
दावेदार	N		4
दास	N	S	9
दासढुंगा	N		2
दासता	N		4
दासत्व	N		4
दासानायके	N		3
दाहल	N		2
दाहसंस्कार	N		3
दाहाल	N		9
दिइए	N		5
दिईरहे	N		3
दिउँसो	N		6
दिउसो	N		5
दिए	N		8
दिएकाहरु	N		3
दिएकाहरू	N		3
दिक्तेल	N		7
दिक्पाल	N		2
दिक्षा	N		3
दिक्षित	N		3
दिगोपन	N		4
दिगोपना	N		4
दिग्गज	N		3
दिङ्ला	N		2
दिदि	N		4
दिदिबहिनी	N		5
दिदी	N	S	10
दिदीबहिनी	N		10
दिन	N	S	14
दिनचर्या	N		7
दिनानुदिन	N		2
दिनेश	N		4
दिपक	N		3
दिपा	N		3
दिपायल	N		6
दिपावली	N		3
दिपाश्री	N		3
दिपिका	N		2
दिपेन्द्र	N		3
दिपेश	N		3
दिबस	N		2
दिमाग	N		8
दिया	N		3
दियाली	N		4
दियालो	N		0
दियोपोस्ट	N		3
दिर्घरोगी	N		2
दिर्घा	N		2
दिल	N		6
दिलकुमारी	N		2
दिलबहादुर	N		3
दिलमाया	N		4
दिलाउन	N		3
दिलाउनु	N		2
दिलाउने	N		2
दिलाए	N		4
दिलिप	N		3
दिलीप	N		5
दिल्ली	N		12
दिवश	N		4
दिवस	N	S	10
दिवाकर	N		2
दिवाभोज	N		2
दिवेश	N		3
दिव्या	N		3
दिशा	N	S	11
दिशानिर्देश	N		2
दिसा	N		6
दीक्षा	N		4
दीक्षित	N		4
दीप	N		3
दीपक	N		6
दीपशिखा	N		2
दीपा	N		5
दीपायल	N		2
दीपावली	N		4
दीपाश्री	N		3
दीपिका	N		5
दीपेन्द्र	N		5
दीर्घकाल	N		3
दीर्घरोग	N		3
दीर्घरोगी	N		4
दीर्घायु	N		2
दीलिप	N		2
दुःख	N	S	10
दुःखकष्ट	N		2
दुःखसुख	N		3
दुःखी	N		4
दुइ	N		4
दुइजना	N		2
दुई	N		9
दुईगुना	N		0
दुईजना	N		6
दुईटै	N		2
दुईतिहाइ	N		3
दुईदिन	N		4
दुईवटा	N		3
दुईवर्ष	N		2
दुईसरो	N		0
दुखाइ	N		6
दुखाई	N		6
दुखाए	N		3
दुखी	N		3
दुखे	N		3
दुगड	N		4
दुघर्टना	N		2
दुत	N		3
दुतराज	N		2
दुताबास	N		4
दुतावास	N		8
दुदिलाभाटी	N		2
दुध	N		7
दुधकोसी	N		2
दुधे	N		2
दुधौली	N		2
दुनिया	N		8
दुनियाँ	N		9
दुनै	N		4
दुनो	N		0
दुप्चेश्वर	N		3
दुबइ	N		3
दुबई	N		9
दुबे	N		3
दुबै	N		7
दुबैजना	N		3
दुम्लिङ	N		3
दुरदराज	N		2
दुरबिन	N		2
दुरवस्था	N		2
दुरा	N		2
दुराचार	N		3
दुराडाँडा	N		2
दुरावस्था	N		5
दुरि	N		3
दुरी	N		8
दुरुत्साहन	N		3
दुरुपयोग	N		6
दुरूपयोग	N		2
दुर्गन्ध	N		5
दुर्गम	N		5
दुर्गा	N		4
दुर्गादेवी	N		3
दुर्गाप्रसाद	N		4
दुर्गेश	N		3
दुर्घटना	N	S	11
दुर्घटनास्थल	N		4
दुर्छिम	N		3
दुर्दशा	N		4
दुर्भाग्य	N		3
दुर्योधन	N		5
दुर्लुङ	N		2
दुर्व्यवहार	N		5
दुर्व्यसन	N		2
दुर्व्यसनी	N		5
दुलहा	N		4
दुलही	N		5
दुला	N		3
दुलाल	N		5
दुलाहा	N		4
दुलो	N		2
दुल्लु	N		3
दुल्हा	N		2
दुवई	N		4
दुवाकोट	N		3
दुवाडी	N		3
दुवाल	N		3
दुविधा	N		5
दुवे	N		2
दुवै	N		7
दुवैजना	N		3
दुवैपक्ष	N		5
दुव्र्यवहार	N		5
दुव्र्यसन	N		3
दुव्र्यसनी	N		4
दुश्चक्र	N		2
दुश्मन	N		6
दुश्मनी	N		2
दुष्कर्म	N		3
दुष्चक्र	N		3
दुष्ट	N		6
दुष्टता	N		2
दुष्परिणाम	N		3
दुष्प्रभाव	N		3
दुस्ख	N		2
दुस्मन	N		3
दुस्साहस	N		2
दुहबी	N		5
दुहवी	N		5
दूत	N		7
दूतराज	N		2
दूताबास	N		5
दूतावास	N		13
दूध	N		7
दूधकुण्ड	N		2
दूधकोशी	N		2
दूधकोसी	N		2
दूरदराज	N		5
दूरदर्शिता	N		2
दूरदृष्टि	N		2
दूरसञ्चार	N		4
दूरी	N		8
दृढता	N		5
दृश्य	N	S	9
दृश्यावलोकन	N		3
दृष्टान्त	N		8
दृष्टि	N		7
दृष्टिकोण	N	S	9
दृष्टिविहीन	N		5
दृष्टीकोण	N		3
दृष्य	N		8
देउखुरी	N		6
देउजा	N		4
देउडा	N		4
देउता	N		6
देउपुर	N		3
देउबा	N		3
देउरानी	N		2
देउराली	N		5
देउला	N		2
देउवा	N	S	11
देउवाजी	N		3
देउसी	N		2
देउसीभैलो	N		3
देओल	N		2
देखाइए	N		2
देखाउन	N		5
देखाए	N		5
देखापरे	N		3
देखासिकी	N		3
देखि	N		3
देखिए	N		7
देखिएकाहरु	N		2
देखिएकाहरू	N		3
देखिन	N		2
देखिय	N		2
देखी	N		2
देखीए	N		2
देखे	N		5
देख्न	N		4
देजमो	N		2
देन	N		3
देबकोटा	N		3
देबी	N		2
देव	N		6
देवकोटा	N		8
देवगण	N		5
देवगन	N		4
देवघाट	N		7
देवघाटधाम	N		2
देवचुली	N		3
देवता	N		10
देवदह	N		6
देवदूत	N		2
देवदेवी	N		2
देवयानी	N		6
देवर	N		6
देवराज	N		3
देवल	N		3
देवस्थल	N		2
देवा	N		2
देवान	N		4
देवालय	N		2
देवि	N		3
देविस्थान	N		4
देवी	N	S	9
देवीदेवता	N		4
देवीनगर	N		3
देवेन्द्र	N		3
देश	N	S	14
देशद्रोही	N		2
देशप्रेम	N		2
देशबासी	N		4
देशभक्त	N		3
देशभक्ति	N		5
देशभरी	N		6
देशराज	N		2
देशवासी	N		6
देशविदेश	N		4
देशसञ्चार	N		3
देशहित	N		2
देशाई	N		2
देशान्तर	N		2
देशार	N		3
देशैभर	N		4
देशैभरि	N		3
देशैभरी	N		3
देस	N		4
देसाई	N		2
देसार	N		2
देह	N		5
देहरादुन	N		4
देहरादून	N		2
देहात	N		3
देहाय	N		3
देहावसान	N		2
दैत्य	N		5
दैनि	N		2
दैनिक	N		9
दैनिकी	N		7
दैला	N		2
दैलेख	N		10
दैलो	N		5
दोकान	N		4
दोक्लम	N		2
दोङ	N		3
दोधार	N		2
दोधारा	N		3
दोबर	N		0
दोब्बर	N		3
दोभान	N		6
दोभाषे	N		2
दोरम्बा	N		3
दोर्जे	N		3
दोलखा	N		10
दोलालघाट	N		2
दोश्रो	N		3
दोष	N	S	8
दोषि	N		2
दोषी	N		6
दोसल्ला	N		0
दोस्रा	N		0
दोस्री	N		0
दोस्रो	N		7
दोहन	N		6
दोहा	N		5
दोहोरिए	N		3
दोहोरी	N		7
दोहोरो	N		0
दोहोर्याए	N		3
दौडधुप	N		6
दौड़	N		0
दौडाहा	N		2
दौडिए	N		3
दौडे	N		3
द्दा	N		2
द्ध	N		5
द्धन्द	N		5
द्धन्द्ध	N		5
द्धार	N		3
द्धितिय	N		2
द्रुतमार्ग	N		3
द्रोणाचार्य	N		4
द्रौपदी	N		5
द्वन्द	N		6
द्वन्द्व	N	S	11
द्वन्द्वकाल	N		3
द्वन्द्वपीडित	N		5
द्वन्द्ववाद	N		3
द्वय	N		3
द्वादशी	N		2
द्वार	N		6
द्वारपाल	N		2
द्वारिका	N		2
द्वाल्खा	N		2
द्वितीय	N		4
द्वितीया	N		4
द्विविधा	N		4
द्विवेदी	N		2
द्वीप	N		3
धकेलिए	N		2
धकेले	N		2
धक्का	N		6
धङधङी	N		2
धड्कन	N		3
धन	N		8
धनकुटा	N		9
धनकुमारी	N		2
धनकौल	N		2
धनगडी	N		2
धनगढी	N		12
धनञ्जय	N		2
धनतेरस	N		3
धनधान्य	N		3
धनबहादुर	N		2
धनमाया	N		4
धनराज	N		2
धना	N		3
धनाढ्य	N		3
धनि	N		4
धनिराम	N		3
धनी	N	S	10
धनीराम	N		2
धनु	N		4
धनुष	N		5
धनुषा	N		9
धनुषाधाम	N		3
धन्दा	N		7
धन्यबाद	N		2
धन्यवाद	N		2
धपाए	N		2
धपेडी	N		3
धब्बा	N		2
धमनी	N		3
धमला	N		6
धमाका	N		2
धमाला	N		2
धमिरा	N		3
धमिरो	N		0
धम्काए	N		2
धम्की	N	S	8
धम्क्याए	N		2
धम्जा	N		3
धम्पुस	N		3
धरती	N		6
धरपकड	N		5
धरहरा	N		7
धरातल	N		6
धरान	N		11
धरानबासी	N		3
धरानवासी	N		3
धराप	N		3
धरावासी	N		2
धरो	N		0
धरोहर	N		6
धरौटी	N		4
धर्ति	N		3
धर्ती	N		10
धर्ना	N		5
धर्म	N	S	11
धर्मकर्म	N		3
धर्मगुरु	N		5
धर्मग्रन्थ	N		4
धर्मनिरपेक्षता	N		3
धर्मपत्नी	N		3
धर्मभक्त	N		3
धर्मराज	N		2
धर्मशाला	N		5
धर्मशास्त्र	N		6
धर्मसभा	N		2
धर्मसिद्धान्त	N		2
धर्मस्थली	N		2
धर्मालम्बी	N		5
धर्मावलम्बी	N		7
धर्मावलम्वी	N		3
धर्मेन्द्र	N		3
धर्सा	N		2
धवन	N		4
धवल	N		3
धवलागिरी	N		3
धाँधली	N		2
धाए	N		3
धागो	N		6
धातु	N		8
धादिङ	N		9
धादिङबेँसी	N		2
धादिङबेसी	N		4
धादिङ्ग	N		3
धानखेती	N		4
धानबाली	N		4
धानुक	N		3
धाने	N		3
धान्न	N		4
धापाखेल	N		2
धापासी	N		3
धाबी	N		2
धाम	N		8
धामि	N		2
धामी	N		6
धामीझाँक्री	N		4
धार	N		8
धारक	N		5
धारण	N		2
धारणा	N	S	9
धारा	N	S	12
धारापानी	N		4
धारो	N		0
धार्चुला	N		4
धार्चे	N		2
धार्मिकता	N		5
धार्मिकस्थल	N		3
धावक	N		4
धावनमार्ग	N		6
धिताल	N		5
धितो	N		5
धितोपत्र	N		2
धिमाल	N		4
धिरज	N		4
धुँवा	N		5
धुन	N		8
धुन्चे	N		4
धुपिया	N		2
धुपी	N		2
धुमधाम	N		4
धुम्बाराही	N		4
धुम्रपान	N		4
धुरी	N		6
धुर्कोट	N		3
धुर्मुस	N		5
धुलाबारी	N		5
धुलावारी	N		3
धुलिखेल	N		8
धुलो	N		6
धुवा	N		2
धुवाँ	N		5
धु्रव	N		2
धूप	N		3
धूमधाम	N		3
धूमपान	N		2
धूर्त	N		0
धूलो	N		4
धूवाँ	N		2
धृतराष्ट्र	N		4
धेरै	N		7
धेरैचोटि	N		0
धेरैजना	N		4
धेरैजसो	N		4
धेरैबेर	N		2
धैरै	N		2
धैर्य	N		3
धैर्यता	N		4
धोए	N		3
धोनी	N		5
धोबी	N		3
धोबीखोला	N		2
धोवी	N		3
धौभडेल	N		4
धौलागिरि	N		3
धौलागिरी	N		4
धौवादी	N		2
ध्यान	N	S	8
ध्यानाकर्षण	N		4
ध्येय	N		5
ध्रुबे	N		2
ध्रुव	N		7
ध्रुवीकरण	N		5
ध्वनि	N		5
ध्वनी	N		4
नकआउट	N		3
नकर्मी	N		4
नक़ल	N		0
नकारात्मकता	N		7
नकारे	N		2
नकुल	N		2
नक्कल	N		3
नक्शा	N		4
नक्षत्र	N		5
नक्सा	N	S	10
नक्सापास	N		3
नक्साल	N		6
नख्खु	N		3
नगद	N		7
नगदेबाली	N		2
नगपालिका	N		4
नगर	N	S	14
नगरकमिटी	N		3
नगरकार्यपालिका	N		3
नगरकोट	N		5
नगरकोटी	N		4
नगरक्षेत्र	N		5
नगरनिगम	N		2
नगरपलिका	N		4
नगरपालिक	N		3
नगरपालिका	N	S	14
नगरपालीका	N		6
नगरप्रमुख	N		6
नगरप्रहरी	N		3
नगरबासी	N		7
नगरवासी	N		7
नगरसभा	N		7
नगरसमिति	N		3
नगरि	N		2
नगरिक	N		2
नगर्ची	N		2
नगर्न	N		3
नगवा	N		2
नगेन्द्र	N		2
नग्नता	N		2
नङ	N		5
नचाए	N		3
नचाहने	N		4
नचाहे	N		6
नछोए	N		2
नजर	N		7
नजरबन्द	N		3
नजान	N		2
नजिक	N		9
नजिकिए	N		3
नजिकै	N		5
नजिता	N		3
नजिर	N		6
नजीक	N		3
नटुंगिए	N		3
नड्डा	N		3
नताशा	N		2
नतिजा	N	S	9
नतीजा	N		4
नदि	N		7
नदिन	N		4
नदी	N	S	13
नदीनाला	N		3
ननहरू	N		4
नन्द	N		4
नन्दप्रसाद	N		2
नन्दा	N		2
नन्दिता	N		2
नपा	N		6
नपाल	N		3
नफर्के	N		3
नबिल	N		6
नब्बे	N		0
नभाल्नी	N		4
नमज्जा	N		3
नमस्कार	N		2
नमस्ते	N		2
नमी	N		3
नमुना	N	S	9
नमूना	N	S	8
नमोबुद्ध	N		4
नम्बर	N	S	13
नम्बरप्लेट	N		2
नम्बरी	N		2
नम्रता	N		4
नम्वर	N		4
नयन	N		5
नयाँ	N		7
नयाँगाउँ	N		3
नयाँघरे	N		2
नयाँदिल्ली	N		5
नयाँपत्रिका	N		2
नयाँपन	N		2
नयाँबजार	N		4
नयाँबस्ती	N		2
नयाँबानेश्वर	N		3
नयाँवर्ष	N		2
नयाँशक्ति	N		3
नरक	N		3
नरगिस	N		2
नरदेवी	N		2
नरपानी	N		2
नरबहादुर	N		3
नरवणे	N		3
नरसंहार	N		5
नरहरिनाथ	N		5
नराम्रो	N		3
नरिवल	N		2
नरेन्द्र	N		3
नरेश	N		5
नरैनापुर	N		5
नर्क	N		3
नर्भिक	N		4
नर्वे	N		6
नर्स	N	S	8
नर्सरी	N		7
नर्सिङ	N		3
नर्सिङहोम	N		2
नलगाड	N		2
नली	N		6
नवउदारवाद	N		3
नवदुर्गा	N		3
नवनिर्माण	N		3
नवप्रवर्तन	N		4
नवप्रवेशी	N		3
नवमी	N		5
नवमीडाँडा	N		2
नवयुग	N		2
नवराज	N		5
नवरात्र	N		4
नवरात्रि	N		2
नवरात्री	N		2
नवलपरासी	N		10
नवलपुर	N		8
नवाचार	N		2
नवाज	N		4
नविकरण	N		3
नविन	N		2
नवीकरण	N		4
नवीन	N		4
नवीनता	N		5
नवीना	N		2
नवौँ	N		2
नशा	N		7
नश्ल	N		3
नसा	N		9
नसो	N		0
नस्लवाद	N		2
नहकुल	N		2
नहर	N		9
नहुञ्जेल	N		2
नहुन	N		2
नहुन्जेल	N		2
नाँच	N		2
नाँचे	N		2
नाइक	N		2
नाइके	N		7
नाइजर	N		3
नाइजेरिया	N		7
नाइट	N		4
नाइटिङ्गेल	N		2
नाइटो	N		2
नाइन	N		2
नाईजेरिया	N		3
नाउ	N		6
नाउँ	N		7
नाउपा	N		6
नाक	N		7
नाका	N	S	13
नाकाबन्दी	N	S	9
नाकावन्दी	N		3
नाग	N		6
नागढुंगा	N		4
नागढुङ्गा	N		4
नागपञ्चमी	N		3
नागपुर	N		2
नागराज	N		5
नागरि	N		4
नागरिक	N	S	13
नागरिकता	N	S	9
नागरिकन्युज	N		3
नागरी	N		2
नागरीक	N		6
नागा	N		2
नागार्जुन	N		5
नागासाकी	N		2
नागिन	N		2
नागेलुङ	N		3
नागोया	N		3
नाघे	N		4
नाङ्लो	N		0
नाचगान	N		5
नाचघर	N		4
नाचे	N		3
नाजिर	N		3
नाटक	N	S	10
नाटककार	N		3
नाटकघर	N		3
नाटो	N		5
नाट्टा	N		4
नाठो	N		0
नाडा	N		5
नाडाल	N		2
नाडी	N		3
नाता	N		7
नातागोता	N		4
नातावाद	N		3
नाति	N		8
नातिकाजी	N		2
नातिना	N		3
नातिनातिना	N		3
नातिनी	N		6
नाती	N		3
नातेदार	N		8
नातो	N		0
नाथ	N		5
नानक	N		2
नाना	N		2
नानि	N		2
नानी	N		8
नानीबाबु	N		5
नापजाँच	N		2
नापतौल	N		3
नापित	N		3
नापी	N		4
नापे	N		2
नापोली	N		6
नाफा	N		7
नाफिज	N		2
नाबालक	N		5
नाबालिक	N		2
नाबालिका	N		3
नाबालिग	N		4
नाभाल्नी	N		3
नाभी	N		2
नाभो	N		0
नाम	N	S	13
नामकरण	N		4
नामदेव	N		2
नाममात्र	N		2
नामसारी	N		2
नामांकन	N		3
नामाकरण	N		4
नामावली	N		5
नामिबिया	N		6
नामिया	N		2
नामिविया	N		4
नाम्चे	N		3
नाम्जे	N		2
नाम्लो	N		3
नायक	N	S	9
नायडु	N		2
नायिका	N	S	9
नारच्याङ	N		4
नारद	N		2
नारा	N	S	9
नाराबाजी	N		7
नारायण	N		5
नारायणकाजी	N		3
नारायणगढ	N		7
नारायणगोपाल	N		4
नारायणघाट	N		3
नारायणपुर	N		3
नारायणस्थान	N		3
नारायणहिटी	N		3
नारायणी	N		6
नारिता	N		2
नारी	N	S	9
नारीवाद	N		4
नार्क	N		4
नाला	N		6
नालापानी	N		2
नाली	N		5
नावालक	N		2
नाष्ट	N		3
नासर	N		4
नासा	N		5
नासिए	N		2
नासु	N		2
नासो	N		4
नास्ट	N		4
नास्ता	N		3
नास्थल	N		2
निःशस्त्रीकरण	N		2
निःशुल्क	N		2
निःसन्तान	N		2
निउरे	N		2
निकट	N	S	9
निकटता	N		5
निकटस्थ	N		6
निकाए	N		4
निकाय	N	S	14
निकाला	N		2
निकालिए	N		3
निकाले	N		5
निकाल्न	N		3
निकास	N		5
निकासा	N		3
निकासी	N		6
निकिता	N		4
निकुञ्ज	N		9
निकुन्ज	N		5
निकेतन	N		6
निकै	N		0
निकोटिन	N		2
निकोलस	N		2
निक्की	N		2
निक्लिए	N		2
निक्ले	N		2
निक्षेप	N	S	8
निक्षेपकर्ता	N		4
निखिल	N		4
निगम	N	S	10
निगरानी	N		7
निगाला	N		2
निगालो	N		2
निगाह	N		2
निङ्मार	N		2
निचोड	N		4
निज	N		10
निजगढ	N		7
निजामती	N		3
निजी	N		7
निजीकरण	N		5
निजीक्षेत्र	N		7
निजै	N		0
निणर्य	N		5
निता	N		3
निति	N		6
नितिश	N		2
निती	N		4
नितेश	N		3
निदाए	N		4
निदान	N		3
निद्रा	N		8
निधन	N		6
निधार	N		4
निधि	N		7
निधी	N		3
निन्द्रा	N		6
निपर्सि	N		0
निफ	N		4
निफ्रा	N		4
निबन्ध	N		8
निबन्धकार	N		3
निबेदक	N		2
निबेदन	N		2
निभाउन	N		2
निभाए	N		3
निमन्त्रणा	N		4
निमा	N		4
निमार्ण	N		5
निमावि	N		4
निमित्त	N		3
निमुखा	N		4
निमेष	N		3
निमोनिया	N		4
निम्तो	N		2
निम्त्याए	N		2
निम्न	N		4
निम्नानुसार	N		2
नियत	N		7
नियति	N		6
नियनत्रण	N		2
नियन्त्र	N		2
नियन्त्रक	N		7
नियन्त्रण	N	S	12
नियम	N	S	11
नियमन	N		6
नियमावली	N	S	9
नियमित	N		2
नियमितता	N		3
नियात्रा	N		4
नियात्राकार	N		2
नियामक	N		6
नियाले	N		3
नियुक्त	N		3
नियुक्ति	N	S	12
नियुक्तिपत्र	N		2
नियुक्ती	N		5
नियोग	N		11
नियोजन	N		5
निरंकुशता	N		6
निरक्षर	N		3
निरङ्कुशता	N		2
निरज	N		3
निरन्तर	N		2
निरन्तरता	N		7
निरपेक्षता	N		5
निरवी	N		2
निराकरण	N		3
निराजन	N		3
निराला	N		2
निराशा	N		9
निरासा	N		5
निरिक्षण	N		3
निरीक्षक	N	S	10
निरीक्षण	N		6
निरु	N		3
निरुता	N		2
निरुपण	N		3
निरूपण	N		3
निरौला	N		5
निर्ण	N		4
निर्णय	N	S	13
निर्णयक	N		2
निर्णयकर्ता	N		3
निर्णायक	N	S	8
निर्देश	N		4
निर्देशक	N	S	12
निर्देशन	N	S	10
निर्देशनालय	N		7
निर्देशिका	N	S	8
निर्दोष	N		5
निर्धक्क	N		2
निर्धा	N		2
निर्धारण	N		5
निर्बाचन	N		5
निर्भरता	N		6
निर्मल	N		3
निर्मला	N		7
निर्माण	N	S	13
निर्माणकर्ता	N		4
निर्माणकार्य	N		5
निर्माणपक्ष	N		2
निर्माणस्थल	N		6
निर्माता	N	S	11
निर्यात	N		7
निर्यातकर्ता	N		3
निर्वाच	N		3
निर्वाचन	N	S	13
निर्वाचित	N		3
निर्वाण	N		2
निर्वासन	N		3
निर्वाह	N		3
निलम	N		2
निलम्बन	N		4
निलम्वन	N		2
निले	N		3
निलो	N		2
निवारण	N		5
निवार्चन	N		2
निवास	N	S	10
निवासी	N		4
निवृत्तिभरण	N		3
निवेदक	N		7
निवेदन	N	S	8
निवेदिका	N		3
निशस्त्रीकरण	N		2
निशा	N		5
निशान	N		7
निशेधाज्ञा	N		2
निश्कर्ष	N		3
निश्कासन	N		2
निश्चल	N		2
निश्चितता	N		2
निषेध	N		6
निषेधाज्ञा	N		7
निष्कर्ष	N		7
निष्काशन	N		3
निष्कासन	N		5
निष्क्रियता	N		2
निष्ठा	N		6
निष्पक्षता	N		4
निसान	N		3
निसीखोला	N		3
निस्कन	N		3
निस्कनु	N		2
निस्कने	N		3
निस्कासन	N		2
निस्किए	N		4
निस्कीए	N		2
निस्के	N		4
निस्केका	N		2
निस्कोट	N		2
निस्दी	N		3
निहारिका	N		3
निहुँ	N		2
नीजि	N		2
नीता	N		4
नीति	N	S	12
नीतिनियम	N		3
नीतिनिर्माण	N		3
नीतिनिर्माता	N		3
नीतिशास्त्र	N		2
नीना	N		3
नीम	N		3
नीरा	N		3
नुतन	N		2
नुन	N		8
नुनथला	N		2
नुर	N		3
नुरप्रसाद	N		2
नुवाकोट	N		10
नुसन्धान	N		2
नुसरत	N		2
नुस्खा	N		2
नुहाउन	N		2
नुहाए	N		3
नून	N		4
नृत्य	N	S	8
नेइए	N		2
नेइमार	N		5
नेउपाने	N		2
नेक	N		3
नेकपा	N		10
नेका	N		5
नेक्सन	N		3
नेक्सस	N		2
नेक्स्ट	N		2
नेगी	N		3
नेचर	N		3
नेजा	N		4
नेट	N		7
नेटफ्लिक्स	N		3
नेटवर्क	N	S	9
नेटवर्किङ	N		2
नेटवर्थ	N		2
नेटा	N		2
नेटो	N		6
नेता	N	S	14
नेताकार्यकर्ता	N		5
नेतागण	N		4
नेताजी	N		2
नेताद्वय	N		3
नेतान्याहु	N		3
नेतान्याहू	N		2
नेतृ	N		6
नेतृत्त्व	N		3
नेतृत्व	N	S	13
नेतृत्वकर्ता	N		7
नेतृत्वतह	N		2
नेत्र	N		3
नेत्रालय	N		3
नेत्रित्व	N		3
नेत्रृत्व	N		2
नेदरल्याण्ड	N		8
नेदरल्याण्डस	N		3
नेदरल्याण्ड्स	N		7
नेदरल्यान्ड	N		5
नेदरल्यान्ड्स	N		7
नेपग्याजम	N		2
नेपथ्य	N		6
नेपल	N		2
नेपला	N		2
नेपा	N		5
नेपाल	N	S	14
नेपालखबर	N		5
नेपालगंज	N		5
नेपालगञ्ज	N		11
नेपालगन्ज	N		12
नेपालजी	N		2
नेपालटार	N		2
नेपालनाम्चा	N		2
नेपालपक्ष	N		3
नेपालप्रेस	N		2
नेपालभाषा	N		3
नेपालभाषीहरु	N		2
नेपालय	N		3
नेपालल	N		3
नेपाला	N		2
नेपालि	N		5
नेपाली	N	S	13
नेपालीजन	N		3
नेपालीपत्र	N		2
नेपालीपन	N		5
नेपालीभाषी	N		4
नेपोलियन	N		2
नेपोली	N		4
नेप्स	N		2
नेप्से	N		8
नेफ्सकुन	N		4
नेफ्स्कुन	N		2
नेफ्स्कून	N		3
नेबि	N		2
नेबिसंघ	N		3
नेब्रास्का	N		2
नेमकिपा	N		7
नेमार	N		4
नेम्बाङ	N		5
नेम्वाङ	N		7
नेम्वाङ्ग	N		2
नेयमार	N		4
नेल्सन	N		2
नेवा	N		2
नेवानि	N		5
नेवार	N		7
नेवारपानी	N		2
नेविसंघ	N		8
नेविसङ्घ	N		4
नेशन	N		2
नेसनल	N		2
नेसन्स	N		2
नेसपा	N		5
नेसा	N		2
नेहरु	N		4
नेहरू	N		5
नेहा	N		5
नैकाप	N		2
नैतिकता	N		7
नैनीताल	N		2
नैराश्यता	N		2
नैरोबी	N		2
नोएडा	N		2
नोकर	N		4
नोकरी	N		4
नोकिया	N		3
नोक्सान	N		6
नोक्सानी	N		6
नोट	N	S	9
नोटबुक	N		2
नोटिफिकेसन	N		4
नोटिस	N		3
नोबेल	N		5
नोभेम्बर	N		7
नोयडा	N		2
नोरा	N		2
नोर्बु	N		2
नोवेल	N		2
नौगट	N		2
नौजना	N		3
नौनी	N		0
नौबिसे	N		3
नौमुले	N		3
नौशाद	N		2
नौसेना	N		6
न्दोलन	N		2
न्धान	N		2
न्याक	N		2
न्यानो	N		3
न्यानोपन	N		3
न्याभ	N		3
न्याम्स	N		5
न्याय	N		8
न्यायधिश	N		4
न्यायधिस	N		2
न्यायधीश	N		5
न्यायपरिषद	N		5
न्यायप्रणाली	N		3
न्यायमूर्ति	N		4
न्यायलय	N		6
न्यायसम्पादन	N		2
न्यायाधिकरण	N		4
न्यायाधिवक्ता	N		3
न्यायाधिश	N		2
न्यायाधिस	N		2
न्यायाधीकरण	N		4
न्यायाधीश	N	S	13
न्यायालय	N		9
न्याल	N		0
न्याैपाने	N		2
न्युकासल	N		4
न्युगिनी	N		6
न्युज	N	S	8
न्युजर्सी	N		2
न्युजिल्याण्ड	N		7
न्युजिल्यान्ड	N		7
न्युटन	N		2
न्युडायमण्ड	N		2
न्युनिकरण	N		3
न्युनीकरण	N		3
न्युयोर्क	N		6
न्युरोड	N		4
न्यूगिनी	N		2
न्यूज	N		7
न्यूजर्सी	N		2
न्यूजलेटर	N		2
न्यूजवीक	N		3
न्यूजिल्याण्ड	N		7
न्यूजिल्यान्ड	N		3
न्यूजील्याण्ड	N		4
न्यूटन	N		2
न्यून	N		0
न्यूनिकरण	N		3
न्यूनीकरण	N		5
न्यूयोर्क	N		6
न्यूरोड	N		4
न्यौपान	N		2
न्यौपाने	N		8
न्वारन	N		2
न्वारान	N		2
न्सर	N		2
पँधेरा	N		2
पंकज	N		2
पंक्ति	N		9
पंक्तिकार	N		4
पंक्षी	N		5
पंखा	N		3
पंगेनी	N		4
पंचायत	N		5
पंजाब	N		3
पंजियार	N		2
पंडित	N		2
पकड	N		4
पकडी	N		2
पकनाजोल	N		2
पकली	N		3
पकाउन	N		4
पकाए	N		2
पकेट	N		4
पक्राउ	N		6
पक्रिए	N		2
पक्रिया	N		3
पक्रे	N		2
पक्ष	N	S	13
पक्षघात	N		4
पक्षधर	N		7
पक्षधरता	N		3
पक्षपोषण	N		2
पक्षी	N		5
पखाला	N		3
पखेटा	N		6
पखेटो	N		0
पग्लिए	N		2
पङ्क्ति	N		6
पङ्क्तिकार	N		2
पङ्खा	N		2
पङ्ति	N		3
पचपन्न	N		0
पचभैया	N		3
पचरौता	N		2
पचहत्तर	N		0
पचाउन	N		3
पचाए	N		2
पचार	N		3
पचास	N		2
पचासी	N		0
पच्चीस	N		0
पच्छिम	N		0
पछाडि	N		4
पछाडी	N		3
पछारिए	N		2
पछि	N		7
पछिल्तिर	N		2
पछौटेपन	N		4
पछ्याउन	N		3
पछ्याए	N		3
पञ्च	N		7
पञ्चकन्या	N		4
पञ्चकोट	N		2
पञ्चम	N		0
पञ्चमी	N		7
पञ्चशील	N		2
पञ्चाङ्ग	N		2
पञ्चायत	N		9
पञ्चायतकाल	N		5
पञ्चेबाजा	N		2
पञ्चेश्वर	N		4
पञ्जा	N		4
पञ्जाब	N		7
पञ्जाव	N		5
पञ्जियार	N		2
पञ्जीकरण	N		2
पटक	N		10
पटकथा	N		3
पटका	N		2
पटना	N		5
पटरी	N		2
पटवाल	N		2
पटाका	N		2
पटानी	N		2
पटिहानी	N		2
पटुकी	N		2
पटेल	N		5
पट्टा	N		2
पट्टि	N		4
पट्टी	N		6
पठन	N		4
पठनपाठन	N		6
पठाइए	N		3
पठाउन	N		4
पठाए	N		5
पठाओ	N		5
पठान	N		3
पठार	N		2
पडरिया	N		2
पड्काए	N		2
पड्किए	N		2
पढाइ	N	S	11
पढाई	N		6
पढाउन	N		5
पढाए	N		3
पढिए	N		2
पढे	N		6
पढेलेखेका	N		2
पढ्न	N		6
पण्डित	N	S	10
पतञ्जली	N		3
पतन	N		6
पताल	N		2
पति	N		7
पतिपत्नी	N		4
पत्ता	N		5
पत्थर	N		8
पत्थरी	N		4
पत्नि	N		4
पत्नी	N	S	9
पत्याए	N		2
पत्र	N	S	11
पत्रकार	N	S	11
पत्रकारिता	N		9
पत्रकारीता	N		3
पत्रकाहरु	N		3
पत्रपत्रिका	N		8
पत्रसाहित्य	N		3
पत्राचार	N		5
पत्रिका	N	S	12
पत्रीका	N		3
पत्रुस	N		4
पथ	N		8
पथप्रदर्शक	N		2
पथरी	N		8
पथरीशनिश्चरे	N		4
पथलैया	N		7
पथिक	N		2
पद	N	S	14
पदक	N	S	9
पदचाप	N		3
पदपूर्ति	N		3
पदबहाली	N		2
पदम	N		3
पदमपुर	N		4
पदमपोखरी	N		2
पदमार्ग	N		8
पदयात्रा	N		6
पदयात्री	N		6
पदस्थ	N		3
पदस्थापन	N		3
पदाधिकारी	N	S	12
पदाधीकारी	N		2
पदार्थ	N	S	10
पदावधि	N		2
पदोन्नति	N		4
पदोन्नती	N		2
पद्दति	N		6
पद्दती	N		3
पद्धति	N	S	10
पद्धती	N		6
पद्मरत्न	N		3
पद्मा	N		2
पद्वति	N		2
पन	N		5
पनडुब्बी	N		3
पनाति	N		0
पनामा	N		2
पनि	N		3
पनेरु	N		4
पनौति	N		2
पनौती	N		6
पन्चानब्बे	N		0
पन्छाए	N		2
पन्छिए	N		2
पन्छी	N		4
पन्जा	N		5
पन्जाब	N		6
पन्जाव	N		3
पन्टरहरू	N		2
पन्त	N		7
पन्थ	N		4
पन्थि	N		2
पन्थी	N		5
पन्द्र	N		0
पन्धाक	N		2
पन्ध्र	N		2
पन्ना	N		2
पन्नु	N		2
पप्पु	N		5
पब्जी	N		4
पब्लिक	N		7
पब्लिकेशन	N		3
पब्लिकेसन	N		3
पब्लिकेसन्स	N		4
पम्प	N		8
पम्पसेट	N		2
पम्प्लेट	N		2
परकम्प	N		4
परजीवी	N		4
परदेश	N		6
परदेशी	N		5
परनिर्भरता	N		5
परपर	N		2
परपुरुष	N		3
परमप्रभु	N		6
परमल	N		2
परमाणु	N		3
परमात्मा	N		5
परमादेश	N		7
परमिट	N		3
परमेश्वर	N		8
परम्परा	N	S	11
परराष्ट्र	N		7
परराष्ट्रनीति	N		3
परराष्ट्रमन्त्रालय	N		2
परराष्ट्रमन्त्री	N		6
परलोक	N		2
परवानीपुर	N		2
परशुराम	N		4
परस्पर	N		2
पराइ	N		2
पराई	N		3
पराए	N		3
पराकम्प	N		2
पराकम्पन	N		3
पराकाष्ठा	N		2
पराग	N		3
पराग्वे	N		2
पराघौँ	N		0
पराजय	N		6
पराजुलि	N		2
पराजुली	N		7
पराध	N		2
परापुर्वकाल	N		2
परापूर्वकाल	N		2
परामर्श	N	S	8
परामर्शदाता	N		8
परार	N		0
पराल	N		6
परासी	N		5
परिकल्पना	N		6
परिकार	N	S	8
परिक्रमा	N		5
परिक्षक	N		3
परिक्षण	N		7
परिक्षा	N		6
परिघटना	N		8
परिचय	N		7
परिचयपत्र	N		7
परिचर्चा	N		3
परिचारिका	N		3
परिचालक	N		3
परिचालन	N		7
परिच्छेद	N		2
परिणति	N		2
परिणाम	N	S	10
परिणामस्वरूप	N		0
परिदृश्य	N		8
परिधि	N		5
परिपक्वता	N		3
परिपत्र	N		5
परिपाटि	N		2
परिपाटी	N		6
परिपार्टी	N		3
परिपालना	N		2
परिपूरक	N		2
परिपूरण	N		2
परिपूर्ति	N		3
परिप्रेक्ष	N		2
परिप्रेक्ष्य	N		4
परिबन्द	N		2
परिबर्तन	N		3
परिबार	N		5
परिबेश	N		3
परिभाषा	N		9
परिमाण	N		6
परिमार्जन	N		6
परियार	N		7
परियोजन	N		3
परियोजना	N	S	11
परिर्वतन	N		5
परिवर्त	N		2
परिवर्तन	N	S	11
परिवहन	N		3
परिवा	N		3
परिवार	N	S	14
परिवारजन	N		7
परिवारवाद	N		3
परिवेश	N		8
परिश्रम	N		6
परिश्रमी	N		2
परिषद	N		9
परिषर	N		3
परिसंघ	N		6
परिसंचरण	N		2
परिसङ्घ	N		3
परिसर	N		10
परिसूचक	N		7
परिस्थति	N		3
परिस्थित	N		3
परिस्थिति	N	S	10
परिस्थिती	N		6
परिस्थीति	N		2
परी	N		3
परीक्ष	N		2
परीक्षक	N		6
परीक्षण	N	S	12
परीक्षा	N	S	12
परीक्षार्थी	N		7
परीसर	N		2
परे	N		6
परेकाहरु	N		6
परेकाहरू	N		6
परेड	N		5
परेला	N		2
परेली	N		3
परेवा	N		4
परोपकार	N		4
पर्खाइ	N		6
पर्खाई	N		2
पर्खाल	N	S	8
पर्खिए	N		2
पर्खे	N		2
पर्चा	N		3
पर्थ	N		2
पर्दशन	N		2
पर्दा	N	S	9
पर्न	N		3
पर्फमेन्स	N		4
पर्ब	N		4
पर्बत	N		2
पर्म	N		2
पर्मिट	N		2
पर्यट	N		3
पर्यटक	N	S	11
पर्यटकीयस्थल	N		5
पर्यटन	N		9
पर्यटनमन्त्री	N		4
पर्यवेक्षक	N		6
पर्यवेक्षण	N		3
पर्यापर्यटन	N		3
पर्याप्तता	N		2
पर्याय	N		2
पर्यावरण	N		5
पर्व	N	S	12
पर्वत	N	S	12
पर्वतारोहण	N		5
पर्वतारोही	N		5
पर्स	N		4
पर्सन	N		4
पर्सा	N		11
पर्सि	N		2
पल	N	S	10
पलपल	N		2
पलाए	N		2
पलायन	N		6
पलेशा	N		2
पल्ट	N		2
पल्टन	N		6
पल्टिए	N		3
पल्ली	N		2
पवन	N		4
पवित्रता	N		3
पवित्रा	N		4
पशु	N	S	9
पशुचिकित्सक	N		3
पशुचौपाय	N		2
पशुचौपाया	N		4
पशुधन	N		3
पशुपंक्षी	N		4
पशुपक्षी	N		5
पशुपति	N		9
पशुपतिनगर	N		6
पशुपतिनाथ	N		6
पशुपन्छी	N		5
पशुपालन	N		7
पशुवस्तु	N		3
पश्चात	N		2
पश्चाताप	N		3
पश्चात्ताप	N		2
पश्चिम	N		11
पश्चिमा	N		6
पश्चिमाञ्चल	N		8
पश्मिना	N		2
पसल	N	S	14
पसले	N		6
पसार	N		4
पसीना	N		2
पसे	N		4
पस्किए	N		3
पस्के	N		3
पस्न	N		2
पहँुच	N		3
पहरा	N		4
पहरी	N		3
पहरेदार	N		2
पहल	N	S	10
पहलकदमी	N		6
पहलमान	N		2
पहलवान	N		3
पहाड	N	S	14
पहाड़	N		4
पहाडी	N		4
पहारी	N		4
पहिचान	N	S	11
पहिचानवादी	N		5
पहिरन	N		9
पहिरा	N		5
पहिराे	N		3
पहिरिए	N		3
पहिरो	N	S	8
पहिरोपीडित	N		3
पहिला	N		6
पहिली	N		0
पहिले	N		7
पहिलो	N		7
पहिल्यै	N		4
पहुँच	N		8
पहुँचवाला	N		5
पहुंच	N		2
पहुच	N		4
पहेंलो	N		2
पाँच	N		8
पाँचखाल	N		4
पाँचजना	N		4
पाँचथर	N		8
पाँचपोखरी	N		2
पाँचवटा	N		2
पाँचवर्ष	N		2
पाँचैजना	N		3
पाँचौ	N		2
पाँडे	N		4
पांग्रा	N		2
पाइए	N		4
पाइजा	N		3
पाइताला	N		3
पाइन्ट	N		2
पाइप	N	S	9
पाइपलाइन	N		7
पाइलट	N		7
पाइल्स	N		3
पाई	N		3
पाईए	N		3
पाईजा	N		2
पाईप	N		4
पाईपलाईन	N		3
पाईलट	N		3
पाईला	N		3
पाईसके	N		2
पाउ	N		5
पाउडर	N		5
पाउण्ड	N		3
पाउन	N		6
पाउन्ड	N		2
पाउल	N		2
पाउलो	N		3
पाए	N		7
पाएकाहरु	N		3
पाएकाहरू	N		3
पाकिस्तान	N		11
पाकिस्तानी	N		5
पाके	N		2
पाखा	N		7
पाखापानी	N		3
पाखुरा	N		6
पाखुरी	N		2
पाखे	N		0
पाखो	N		3
पाख्रिन	N		4
पाख्रीन	N		2
पागलपन	N		2
पाङ	N		3
पाङ्ग	N		2
पाङ्ग्रा	N		4
पाङ्ग्रो	N		0
पाचन	N		3
पाचनतन्त्र	N		2
पाटन	N		7
पाटा	N		7
पाटि	N		5
पाटी	N		11
पाटेकर	N		3
पाटेबाघ	N		2
पाटो	N	S	8
पाठ	N	S	9
पाठक	N	S	11
पाठन	N		4
पाठयक्रम	N		2
पाठशाला	N		6
पाठा	N		2
पाठापाठी	N		2
पाठामारी	N		2
पाठेघर	N		5
पाठ्यक्रम	N	S	10
पाठ्यपुस्तक	N		8
पाडो	N		0
पाणिनी	N		2
पाण्ड	N		2
पाण्डव	N		7
पाण्डवखानी	N		2
पाण्डु	N		3
पाण्डे	N		8
पाण्डेय	N		4
पाण्ड्या	N		2
पात	N	S	8
पाता	N		4
पातारासी	N		2
पाताल	N		2
पातुखोला	N		2
पातो	N		0
पात्र	N	S	10
पात्रो	N		5
पात्ले	N		2
पाथ	N		3
पाथिभरा	N		2
पाथीभरा	N		3
पादरी	N		4
पादुकोण	N		3
पाध्याय	N		2
पान	N		5
पानि	N		4
पानी	N	S	12
पानीजहाज	N		5
पानीटार	N		2
पानीपोखरी	N		2
पानो	N		0
पान्डे	N		2
पान्ड्या	N		2
पाप	N		9
पापी	N		5
पाम	N		3
पामे	N		2
पायल	N		5
पायल्स	N		2
पारखी	N		6
पारदर्शिता	N		5
पारदर्शीता	N		3
पारपाचुके	N		2
पारवहन	N		3
पारस	N		5
पारा	N		4
पाराग्वे	N		6
पारि	N		3
पारिए	N		4
पारिजात	N		5
पारित	N		3
पारिश्रमिक	N		6
पारी	N		7
पारु	N		2
पारे	N		5
पार्क	N	S	13
पार्कर	N		2
पार्किङ	N		7
पार्किङस्थल	N		2
पार्किङ्ग	N		3
पार्जन	N		3
पार्ट	N		7
पार्टटाइम	N		2
पार्टनर	N		9
पार्टनरसिप	N		2
पार्टपुर्जा	N		3
पार्टस	N		3
पार्टि	N		8
पार्टी	N	S	14
पार्ट्स	N		5
पार्न	N		6
पार्र्टी	N		2
पार्लर	N		3
पार्लियामेन्ट	N		2
पार्वती	N		5
पार्वतीकुण्ड	N		2
पार्षद	N		2
पालक	N		3
पालन	N		6
पालनपोषण	N		3
पालना	N		6
पालाम	N		2
पालि	N		3
पालिका	N	S	14
पालिकाबासी	N		2
पालिकावासी	N		2
पालिखे	N		2
पालिस	N		0
पालुङ	N		4
पालुङटार	N		3
पालुङ्वा	N		2
पालुवा	N		2
पाले	N		6
पालो	N		3
पाल्न	N		3
पाल्पा	N		9
पाल्पाली	N		3
पावन	N		2
पावर	N		7
पावरहाउस	N		4
पावल	N		2
पावेल	N		2
पास	N	S	8
पासपोर्ट	N		5
पासमान	N		2
पासवर्ड	N		8
पासवान	N		4
पासाङ	N		3
पासी	N		3
पासो	N		4
पास्टर	N		3
पाहुना	N		8
पाेखरा	N		2
पाेखरेल	N		2
पाेष्ट	N		3
पाैडेल	N		3
पिँजडा	N		3
पिँढी	N		6
पिँध	N		2
पिंजडा	N		2
पिंढी	N		4
पिंध	N		2
पिआर	N		2
पिउन	N		4
पिए	N		4
पिएचपी	N		2
पिएनजी	N		4
पिएसजी	N		8
पिक	N		3
पिकअप	N		6
पिकनिक	N		3
पिकासो	N		2
पिके	N		2
पिक्चर्स	N		2
पिक्सेल	N		2
पिङ	N		6
पिच	N		7
पिच्छे	N		2
पिटर	N		4
पिटिए	N		2
पिटे	N		3
पिठ	N		3
पिठातोला	N		2
पिठो	N		4
पिठ्युँ	N		2
पिठ्यूँ	N		2
पिडक	N		3
पिडा	N		8
पिडित	N		7
पिडीत	N		5
पिढि	N		2
पिढी	N		5
पिण्ड	N		3
पिता	N		9
पिताजी	N		5
पितापुर्खा	N		2
पितामह	N		2
पितृ	N		6
पितृसत्ता	N		4
पित्तथैली	N		2
पित्तल	N		2
पिथौरागढ	N		4
पिदार	N		2
पिन	N		6
पिनास	N		2
पिपरा	N		3
पिपल	N		5
पिपलटार	N		2
पिपलडाँडा	N		2
पिपल्ला	N		2
पिपिएल	N		2
पिप्ले	N		2
पियन	N		2
पिया	N		3
पियेरे	N		3
पिर	N		3
पिरती	N		4
पिरलो	N		2
पिरामिड	N		3
पिरियड	N		2
पिर्लो	N		2
पिलर	N		7
पिल्लर	N		4
पिसानी	N		2
पिसाब	N		6
पिसाबथैली	N		2
पिसाव	N		2
पिसिआर	N		4
पिसिए	N		2
पिस्टन	N		2
पीआर	N		2
पीए	N		3
पीएचडी	N		2
पीएनजी	N		5
पीएसजी	N		8
पीटीआई	N		4
पीठ	N		4
पीठो	N		4
पीडक	N		7
पीडा	N	S	10
पीडित	N	S	12
पीडीए	N		2
पीडीत	N		4
पीढी	N		3
पीपल	N		3
पीपीए	N		3
पीपीएल	N		3
पीर	N		3
पीसी	N		3
पीसीआर	N		4
पुँजी	N		8
पुँजीपति	N		4
पुँजीपतिवर्ग	N		2
पुँजीबजार	N		5
पुँजीवाद	N		7
पुँजीवादी	N		3
पुखु	N		2
पुगे	N		7
पुगेकाहरु	N		4
पुगेकाहरू	N		3
पुग्न	N		6
पुच	N		3
पुच्छर	N		3
पुछार	N		5
पुजन	N		2
पुजा	N		7
पुजाआजा	N		2
पुजापाठ	N		3
पुजारा	N		3
पुजारी	N		8
पुजी	N		2
पुटिन	N		6
पुडासैनी	N		4
पुणे	N		2
पुण्य	N		3
पुण्यतिथि	N		2
पुतना	N		3
पुतली	N		7
पुतलीसडक	N		3
पुति	N		2
पुत्र	N		8
पुत्री	N		3
पुदिना	N		4
पुन	N		8
पुनःनिर्माण	N		5
पुनःसंरचना	N		3
पुनःस्थापन	N		3
पुनःस्थापना	N		5
पुननिर्माण	N		3
पुनम	N		3
पुनमगर	N		3
पुनरकर्जा	N		2
पुनरवलोकन	N		2
पुनरागमन	N		5
पुनरावलोकन	N		3
पुनरावृत्ति	N		2
पुनरावेदक	N		2
पुनरावेदन	N		4
पुनरुत्थान	N		4
पुनर्कर्जा	N		3
पुनर्गठन	N		5
पुनर्जन्म	N		2
पुनर्जागरण	N		2
पुनर्निमाण	N		3
पुनर्नियुक्ति	N		2
पुनर्निर्माण	N		6
पुनर्बहाली	N		2
पुनर्बास	N		2
पुनर्बीमा	N		2
पुनर्मिलन	N		2
पुनर्लाभ	N		2
पुनर्लेखन	N		2
पुनर्वहाली	N		2
पुनर्वास	N		4
पुनर्विचार	N		2
पुनर्संरचना	N		3
पुनर्स्थापना	N		4
पुनस्थापना	N		3
पुनस्र्थापना	N		3
पुनहिल	N		3
पुने	N		2
पुन्य	N		2
पुबुदु	N		3
पुमा	N		2
पुम्दीभुम्दी	N		2
पुरन	N		2
पुरयाए	N		2
पुरस्कार	N	S	8
पुराए	N		2
पुराण	N		7
पुरातत्व	N		3
पुराना	N		7
पुरानो	N		5
पुरापुर	N		0
पुरि	N		2
पुरिए	N		3
पुरी	N		5
पुरुष	N	S	12
पुरुषोत्तम	N		3
पुरूष	N		9
पुरे	N		2
पुरै	N		0
पुरोहित	N		6
पुर्खा	N		9
पुर्जा	N		5
पुर्जी	N		3
पुर्णिमा	N		4
पुर्ति	N		2
पुर्ती	N		2
पुर्न	N		2
पुर्नउत्थान	N		2
पुर्नगठन	N		3
पुर्ननिर्माण	N		3
पुर्नवास	N		3
पुर्नसंरचना	N		2
पुर्नस्थापना	N		4
पुर्पक्ष	N		3
पुर्ब	N		2
पुर्याइए	N		3
पुर्याउन	N		5
पुर्याए	N		5
पुर्व	N		6
पुर्वाग्रह	N		2
पुर्वाञ्चल	N		2
पुर्वाधार	N		6
पुऱ्याए	N		2
पुल	N	S	13
पुलचोक	N		3
पुलामी	N		3
पुलिस	N	S	11
पुलिसिक	N		2
पुल्चोक	N		6
पुष	N		3
पुष्कर	N		3
पुष्टि	N		2
पुष्प	N		4
पुष्पकमल	N		2
पुष्पलाल	N		8
पुष्पलालजी	N		2
पुष्पा	N		4
पुष्पाञ्जली	N		2
पुस	N		7
पुस्तक	N	S	13
पुस्तकालय	N	S	9
पुस्ता	N	S	13
पुस्तान्तरण	N		3
पुस्तिका	N		6
पुस्तौँ	N		2
पुुगे	N		2
पूँजिवाद	N		2
पूँजी	N		6
पूँजीपति	N		4
पूँजीबजार	N		4
पूँजीवाद	N		5
पूजा	N		9
पूजाआजा	N		3
पूजापाठ	N		3
पूजारी	N		4
पूजाहारी	N		2
पूणिर्मा	N		2
पूनर्निर्माण	N		2
पूरक	N		4
पूर्खा	N		2
पूर्जा	N		4
पूर्ण	N		3
पूर्णतः	N		0
पूर्णता	N		3
पूर्णबहादुर	N		3
पूर्णांक	N		2
पूर्णाङ्क	N		2
पूर्णि	N		2
पूर्णिमा	N		9
पूर्ति	N		3
पूर्पक्ष	N		3
पूर्व	N		11
पूर्वअध्यक्ष	N		3
पूर्वएमाले	N		5
पूर्वकर्मचारी	N		3
पूर्वज	N		6
पूर्वजन्म	N		2
पूर्वतयारी	N		4
पूर्वन्यायाधीश	N		2
पूर्वपदाधिकारी	N		2
पूर्वप्रधानन्यायाधीश	N		3
पूर्वप्रधानमन्त्री	N		6
पूर्वमन्त्री	N		5
पूर्वमाओवादी	N		8
पूर्वराजदूत	N		2
पूर्वराजपरिवार	N		3
पूर्वराजा	N		6
पूर्वराष्ट्रपति	N		3
पूर्वलडाकु	N		3
पूर्ववर्ती	N		2
पूर्वसचिव	N		2
पूर्वसन्ध्या	N		2
पूर्वाग्रह	N		7
पूर्वाञ्चल	N		8
पूर्वाधार	N	S	12
पूर्वानुमान	N		5
पूर्वाभ्यास	N		2
पूर्विया	N		0
पूर्वोत्तर	N		2
पृतना	N		3
पृथकतावाद	N		2
पृथकतावादी	N		2
पृथकीकरण	N		2
पृथ्वी	N		11
पृथ्वीचोक	N		3
पृथ्वीजयन्ती	N		3
पृथ्वीनारायण	N		5
पृथ्वीराजमार्ग	N		3
पृथ्वीविचार	N		2
पृथ्वीसुब्बा	N		2
पृष्ठ	N	S	10
पृष्ठभुमि	N		3
पृष्ठभूमि	N		8
पृष्ठभूमी	N		4
पेज	N		10
पेजेन्ट	N		2
पेट	N		9
पेटि	N		2
पेटिका	N		3
पेटी	N		6
पेटेन्ट	N		2
पेट्रोल	N		6
पेट्रोलपम्प	N		5
पेट्रोलियम	N		3
पेडा	N		2
पेड्रो	N		2
पेन	N		4
पेनाल्टी	N		5
पेन्ट	N		4
पेन्टागन	N		4
पेन्टिङ	N		3
पेन्ट्स	N		3
पेन्स	N		3
पेन्सन	N		5
पेन्सिल	N		2
पेन्सिलभेनिया	N		2
पेन्सिल्भेनिया	N		2
पेपर	N		5
पेप्सी	N		2
पेप्सीकोला	N		3
पेभिलियन	N		2
पेभेलियन	N		2
पेमला	N		3
पेमा	N		2
पेमेन्ट	N		5
पेय	N		4
पेरिस	N		7
पेरिसडाँडा	N		3
पेरिसिच	N		2
पेरी	N		2
पेरु	N		6
पेरेज	N		2
पेला	N		3
पेलान	N		2
पेलायो	N		2
पेले	N		5
पेलोसी	N		3
पेशा	N	S	11
पेशाकर्मी	N		4
पेशी	N		2
पेशेवर	N		5
पेसा	N		9
पेसी	N		3
पेस्की	N		0
पेस्ट	N		4
पेस्तोल	N		4
पैँचो	N		2
पैंतालीस	N		0
पैंसठी	N		0
पैठारी	N		6
पैताला	N		5
पैतालो	N		0
पैत्तीस	N		0
पैदल	N		2
पैदलमार्ग	N		2
पैदलयात्रा	N		3
पैदलयात्री	N		3
पैदलयात्रु	N		3
पैदावार	N		3
पैनी	N		2
पैरवी	N		3
पैशा	N		2
पैसा	N	S	12
पैसावाला	N		2
पोइ	N		0
पोइन्ट	N		6
पोका	N		3
पोको	N		2
पोखर	N		2
पोखरा	N		12
पोखरिया	N		5
पोखरी	N	S	12
पोखरीया	N		3
पोखरे	N		4
पोखरेल	N		9
पोखरेली	N		5
पोखिए	N		2
पोखे	N		3
पोख्रेल	N		5
पोग्बा	N		3
पोग्वा	N		2
पोचेटिनो	N		3
पोजिशन	N		2
पोजिसन	N		6
पोजेटिभ	N		2
पोटासियम	N		2
पोटी	N		0
पोडकास्ट	N		4
पोडेल	N		2
पोतिए	N		2
पोते	N		3
पोथी	N		5
पोदार	N		2
पोद्दार	N		2
पोन्टिङ	N		2
पोम्पेओ	N		4
पोर्चुगल	N		9
पोर्ट	N		5
पोर्टफोलियो	N		5
पोर्टर	N		2
पोर्टल	N		9
पोर्टो	N		6
पोर्तुगल	N		4
पोर्तेल	N		2
पोर्नोग्राफी	N		2
पोलार्ड	N		2
पोलिक्लिनिक	N		4
पोलिटब्युरो	N		2
पोलिटब्यूरो	N		2
पोलिटेक्निक	N		2
पोलिथिन	N		2
पोलिसी	N		6
पोले	N		3
पोल्ट्री	N		2
पोल्याण्ड	N		8
पोल्यान्ड	N		6
पोशाक	N	S	8
पोश्रो	N		0
पोषण	N		5
पोषाक	N		2
पोष्ट	N	S	9
पोष्टमार्टम	N		4
पोष्टर	N		3
पोसाक	N		7
पोस्ट	N	S	9
पोस्टमार्टम	N		3
पोस्टर	N		7
पोहोर	N		3
पौडल	N		3
पौड़ी	N		0
पौडी	N		5
पौडे	N		3
पौडेल	N	S	12
पौडेलल	N		2
पौडेले	N		2
पौड्याल	N		5
पौने	N		0
पौरख	N		4
पौवा	N		5
पौष	N		3
प्याक	N		8
प्याकर	N		2
प्याकिङ	N		3
प्याकुरेल	N		5
प्याकुर्याल	N		3
प्याकेज	N	S	9
प्याकेजिङ	N		4
प्याकेजिङ्ग	N		3
प्याकेट	N		6
प्याच	N		3
प्याज	N		5
प्याटेन्ट	N		2
प्याट्रिक	N		2
प्याट्रियट्स	N		2
प्याड	N		7
प्यान	N		4
प्यानल	N	S	11
प्यान्ट	N		2
प्याब्सन	N		6
प्यार	N		3
प्याराग्लाइडिङ	N		5
प्याराग्लाईडिङ	N		2
प्यारापिट	N		2
प्याराफिट	N		2
प्यारामिटर	N		2
प्यारामिटरहरू	N		2
प्यारालाइसिस	N		3
प्यारोल	N		2
प्यालेट	N		2
प्यालेष्टाइन	N		2
प्यालेस	N		8
प्यालेस्टाइन	N		6
प्यालेस्टाइनी	N		2
प्यालेस्टिनी	N		2
प्यास	N		2
प्यासिफिक	N		4
प्यासी	N		3
प्यासेज	N		2
प्यासेन्जर	N		2
प्युठान	N		7
प्यूठान	N		7
प्योङयाङ	N		6
प्योङ्याङ	N		2
प्रअ	N		6
प्रकटीकरण	N		2
प्रकरण	N	S	13
प्रकाण्ड	N		3
प्रकार	N	S	10
प्रकार्य	N		8
प्रकार्यवाद	N		2
प्रकाश	N	S	10
प्रकाशक	N		8
प्रकाशन	N	S	9
प्रकाशमान	N		3
प्रकासन	N		3
प्रकिया	N		3
प्रकृति	N	S	10
प्रकृती	N		3
प्रकृया	N	S	9
प्रकोप	N	S	10
प्रक्रिया	N	S	13
प्रक्षेपण	N		5
प्रगति	N	S	9
प्रगतिनगर	N		2
प्रगतिशील	N		2
प्रगती	N		3
प्रचण्ड	N	S	13
प्रचण्डजी	N		5
प्रचण्डपथ	N		3
प्रचन्ड	N		3
प्रचन्न	N		3
प्रचलन	N	S	8
प्रचार	N	S	10
प्रचारक	N		2
प्रचारप्रसार	N		6
प्रचारबाजी	N		4
प्रचुरता	N		2
प्रजनन	N		5
प्रजा	N		5
प्रजातन्त्र	N		7
प्रजातन्त्रवादी	N		3
प्रजातान्त्रिक	N		5
प्रजाति	N		9
प्रजाती	N		4
प्रजापति	N		5
प्रजापती	N		3
प्रजिअ	N		6
प्रज्ञा	N		5
प्रज्ञापनपत्र	N		2
प्रज्ञाप्रतिष्ठान	N		4
प्रज्वलन	N		2
प्रडक्ट	N		5
प्रणय	N		3
प्रणली	N		5
प्रणालि	N		3
प्रणाली	N	S	13
प्रताप	N		3
प्रतापपुर	N		3
प्रति	N		5
प्रतिक	N		4
प्रतिकार	N		3
प्रतिकार्य	N		4
प्रतिकिलो	N		3
प्रतिकुलता	N		6
प्रतिकूलता	N		6
प्रतिकृया	N		6
प्रतिकेजी	N		2
प्रतिक्रान्ति	N		4
प्रतिक्रिया	N	S	8
प्रतिक्रियावाद	N		3
प्रतिक्रियावादी	N		7
प्रतिक्षा	N		4
प्रतिक्षालय	N		3
प्रतिगमन	N		6
प्रतिगमनकारी	N		3
प्रतिगामी	N		3
प्रतिघण्टा	N		3
प्रतिज्ञा	N		5
प्रतिदिन	N		2
प्रतिद्वन्दी	N		2
प्रतिद्वन्द्वी	N		7
प्रतिनिधि	N	S	9
प्रतिनिधित्व	N		6
प्रतिनिधिमण्डल	N		6
प्रतिनिधिसभा	N		9
प्रतिनिधी	N		8
प्रतिनिधीसभा	N		3
प्रतिनीधि	N		2
प्रतिनीधिसभा	N		2
प्रतिपक्ष	N		9
प्रतिपक्षी	N	S	8
प्रतिपदा	N		6
प्रतिफल	N		6
प्रतिबद्धता	N	S	10
प्रतिबन्ध	N	S	10
प्रतिबिम्ब	N		5
प्रतिबेदन	N		6
प्रतिभा	N	S	10
प्रतिमूर्ति	N		2
प्रतियागिता	N		2
प्रतियोगता	N		2
प्रतियोगि	N		5
प्रतियोगित	N		3
प्रतियोगिता	N	S	14
प्रतियोगिहरु	N		3
प्रतियोगी	N		9
प्रतियोगीता	N		7
प्रतिरक्षा	N		4
प्रतिरोध	N		6
प्रतिलिपि	N		3
प्रतिवदेन	N		3
प्रतिवद्धता	N		7
प्रतिवन्ध	N		3
प्रतिवाद	N		3
प्रतिवादी	N		8
प्रतिवेदन	N	S	10
प्रतिशत	N		11
प्रतिशोध	N		5
प्रतिश्पर्धा	N		2
प्रतिष्ठा	N		7
प्रतिष्ठान	N	S	12
प्रतिष्पर्धा	N		6
प्रतिष्पर्धी	N		5
प्रतिसत	N		4
प्रतिस्ठान	N		4
प्रतिस्थापन	N		4
प्रतिस्पर्धा	N	S	11
प्रतिस्पर्धि	N		2
प्रतिस्पर्धी	N	S	9
प्रती	N		2
प्रतीक	N	S	8
प्रतीक्षा	N		5
प्रत्यक्ष	N		5
प्रत्यक्षदर्शी	N		6
प्रत्यक्षीकरण	N		2
प्रत्याक्रमण	N		3
प्रत्याभूति	N		4
प्रत्यायोजन	N		2
प्रत्यारोप	N		5
प्रत्यारोपण	N		6
प्रत्याशी	N		2
प्रत्यासी	N		4
प्रत्येक	N		7
प्रथम	N		5
प्रथमिकता	N		2
प्रथा	N		8
प्रथामिकता	N		3
प्रदर्शक	N		4
प्रदर्शन	N	S	11
प्रदर्शनकारी	N		7
प्रदर्शनी	N	S	9
प्रदर्शनीस्थल	N		2
प्रदशन	N		2
प्रदान	N		5
प्रदायक	N	S	9
प्रदिप	N		3
प्रदीप	N		5
प्रदुषण	N		6
प्रदूषण	N		8
प्रदेश	N	S	14
प्रदेशबासी	N		2
प्रदेशवासी	N		5
प्रदेशसभा	N		8
प्रदेशस्तर	N		5
प्रदेशी	N		2
प्रदेस	N		2
प्रधान	N	S	8
प्रधानन्त्री	N		2
प्रधानन्यायधीश	N		3
प्रधानन्यायाधीश	N	S	10
प्रधानपञ्च	N		3
प्रधानमन्त्रि	N		3
प्रधानमन्त्री	N	S	14
प्रधानमन्त्रीजी	N		3
प्रधानमन्त्रीज्यु	N		3
प्रधानमन्त्रीज्यू	N		5
प्रधानमन्त्रीत्व	N		2
प्रधानसेनापति	N		7
प्रधानाङ्ग	N		4
प्रधानाध्यापक	N	S	9
प्रधामन्त्री	N		4
प्रधिकरण	N		3
प्रध्यानाध्यापक	N		2
प्रध्यापक	N		2
प्रपञ्च	N		5
प्रबक्ता	N		2
प्रबद्धन	N		2
प्रबद्र्धन	N		4
प्रबन्ध	N	S	8
प्रबन्धक	N		7
प्रबन्धन	N		3
प्रबन्धपत्र	N		2
प्रबर्द्धन	N		3
प्रबर्धन	N		3
प्रबलीकरण	N		3
प्रबास	N		4
प्रबाह	N		2
प्रबिधि	N		7
प्रबिधी	N		5
प्रबृति	N		3
प्रबृत्ति	N		5
प्रबेश	N		3
प्रबोध	N		2
प्रभाकर	N		3
प्रभाग	N		5
प्रभातफेरी	N		3
प्रभाब	N		2
प्रभाव	N	S	10
प्रभावकारिता	N		5
प्रभावकारी	N		2
प्रभावकारीता	N		3
प्रभावित	N	S	8
प्रभाष	N		2
प्रभास	N		6
प्रभु	N		8
प्रभुत्व	N		5
प्रम	N		5
प्रमाण	N	S	8
प्रमाणपत्र	N	S	8
प्रमाणिकरण	N		3
प्रमाणीकरण	N		6
प्रमिला	N		3
प्रमुख	N	S	13
प्रमुखता	N		2
प्रमोटर	N		2
प्रमोद	N		5
प्रमोशन	N		4
प्रमोसन	N		3
प्रयत्न	N	S	8
प्रयास	N	S	12
प्रयोग	N	S	13
प्रयोगकर्ता	N	S	10
प्रयोगशाला	N	S	13
प्रयोगात्मक	N		2
प्रयोजन	N		8
प्रर्दशन	N		6
प्रर्दशनकारी	N		2
प्रर्दशनी	N		5
प्रर्बद्धन	N		2
प्रर्वद्धन	N		3
प्रर्वधन	N		3
प्रलय	N		3
प्रलेस	N		5
प्रलोभन	N		6
प्रवक्ता	N		7
प्रवचन	N		7
प्रवद्धन	N		3
प्रवद्र्घन	N		3
प्रवद्र्धक	N		4
प्रवद्र्धन	N		7
प्रवन्ध	N		4
प्रवन्धक	N		2
प्रवर्तन	N		3
प्रवर्दन	N		2
प्रवर्द्धक	N		4
प्रवर्द्धन	N		4
प्रवर्धन	N		3
प्रवास	N		6
प्रवासी	N		6
प्रवाह	N	S	9
प्रविण	N		3
प्रवित्ति	N		2
प्रविधि	N	S	12
प्रविधी	N		6
प्रविन	N		2
प्रविष्टि	N		4
प्रवीण	N		4
प्रवृति	N		10
प्रवृती	N		2
प्रवृत्ति	N	S	11
प्रवृत्ती	N		2
प्रवेश	N		8
प्रवेशद्धार	N		4
प्रवेशद्वार	N		8
प्रवेशाज्ञा	N		2
प्रशंग	N		3
प्रशंसक	N		7
प्रशंसा	N		5
प्रशंसापत्र	N		2
प्रशस्त	N		0
प्रशस्तै	N		0
प्रशाधन	N		2
प्रशान	N		2
प्रशान्त	N		5
प्रशारण	N		5
प्रशासक	N		8
प्रशासन	N		11
प्रशासनयन्त्र	N		3
प्रशिक्ष	N		2
प्रशिक्षक	N	S	9
प्रशिक्षण	N	S	10
प्रशिक्षार्थी	N		6
प्रशोधन	N		4
प्रश्ताव	N		3
प्रश्न	N	S	11
प्रश्नकर्ता	N		3
प्रश्नपत्र	N		4
प्रश्नावली	N		4
प्रश्नोत्तर	N		3
प्रश्रित	N		3
प्रश्वास	N		2
प्रष्टता	N		2
प्रष्टाए	N		2
प्रष्ट्याए	N		2
प्रसंग	N	S	9
प्रसङ्ग	N		8
प्रसाइ	N		3
प्रसाइँ	N		2
प्रसाई	N		5
प्रसाईँ	N		5
प्रसाईं	N		6
प्रसाद	N		6
प्रसार	N		6
प्रसारण	N		7
प्रसारणलाइन	N		6
प्रसाशन	N		4
प्रसासन	N		3
प्रसिद्धि	N		3
प्रसुति	N		2
प्रसूति	N		3
प्रसौनी	N		3
प्रस्ट्याए	N		2
प्रस्ताब	N		3
प्रस्ताव	N	S	11
प्रस्तावक	N		4
प्रस्तावना	N		7
प्रस्तुतकर्ता	N		2
प्रस्तुति	N	S	8
प्रस्तुतिकरण	N		2
प्रस्तुती	N		7
प्रस्तुतीकरण	N		5
प्रस्तोता	N		5
प्रस्थान	N		3
प्रस्फुटन	N		3
प्रहर	N		4
प्रहरि	N		4
प्रहरी	N	S	14
प्रहरीचौकी	N		4
प्रहसन	N		3
प्रहार	N	S	8
प्रहृलाद	N		3
प्रांगण	N		3
प्राइज	N		2
प्राइम	N		5
प्राइस	N		2
प्राकृति	N		2
प्राग	N		4
प्राङगण	N		2
प्राङ्गण	N		4
प्राचार्य	N		2
प्राचिनकाल	N		2
प्राचीनकाल	N		3
प्राज्ञ	N		4
प्राण	N		3
प्राणायाम	N		3
प्राणाली	N		2
प्राणी	N		7
प्राथमिक	N		2
प्राथमिकता	N	S	9
प्राथमिकीकरण	N		3
प्राथमिता	N		2
प्राथामिकता	N		2
प्राधिकरण	N		10
प्राधिरकण	N		3
प्राध्यापक	N	S	9
प्रान्त	N		8
प्रापक	N		4
प्राप्त	N		3
प्राप्तकर्ता	N		3
प्राप्ताङ्क	N		2
प्राप्ति	N		7
प्राप्ती	N		4
प्राबधान	N		3
प्राबिधिक	N		3
प्राय	N		3
प्रायः	N		3
प्रायद्वीप	N		4
प्रायोजक	N		8
प्रायोजन	N		3
प्रारम्भ	N		5
प्रारुप	N		3
प्रारूप	N		2
प्रार्थना	N		7
प्रालि	N		8
प्राली	N		5
प्रावधान	N	S	10
प्रावि	N		6
प्राविधिक	N	S	10
प्रितम	N		3
प्रिति	N		2
प्रिती	N		3
प्रिन्ट	N		5
प्रिन्टर	N		4
प्रिन्स	N		4
प्रिन्सिपल	N		5
प्रिफेक्चर	N		3
प्रिमियम	N		4
प्रिमियर	N		5
प्रिय	N		4
प्रियंका	N		5
प्रियङ्का	N		2
प्रियजन	N		6
प्रिया	N		4
प्रियासन	N		2
प्रीति	N		5
प्रेत	N		3
प्रेम	N	S	11
प्रेमकथा	N		4
प्रेमजोडी	N		2
प्रेमप्रसाद	N		3
प्रेमभाव	N		3
प्रेमराज	N		2
प्रेमसम्बन्ध	N		4
प्रेमसागर	N		2
प्रेमि	N		3
प्रेमिका	N		7
प्रेमी	N	S	9
प्रेरणा	N		7
प्रेरित	N		2
प्रेषक	N		4
प्रेस	N		8
प्रेसर	N		6
प्रेस्ली	N		3
प्रो	N		4
प्रोग्राम	N		9
प्रोजेक्ट	N	S	8
प्रोजेक्टर	N		3
प्रोटिन	N		7
प्रोटीन	N		3
प्रोटेक्सन	N		2
प्रोटोकल	N		7
प्रोटोटाइप	N		2
प्रोडक्ट	N		7
प्रोडक्शन	N		4
प्रोडक्सन	N		6
प्रोत्साहन	N		6
प्रोफाइल	N		9
प्रोफेसर	N		5
प्रोमेथियस	N		2
प्रोमो	N		3
प्रोमोशन	N		2
प्रोमोसन	N		2
प्रोसेस	N		3
प्रोसेसर	N		4
प्रोसेसिङ	N		2
प्रौढ	N		2
प्लग	N		4
प्लगइन	N		2
प्लट	N		3
प्लटिङ	N		3
प्लस	N		6
प्लाजा	N		6
प्लाज्मा	N		4
प्लाज्माफेरेसिस	N		2
प्लाटफर्म	N		4
प्लाटिनम	N		2
प्लाण्ट	N		3
प्लान	N		4
प्लानिङ	N		2
प्लानेट	N		2
प्लान्ट	N	S	8
प्लाष्टिक	N		7
प्लास्टिक	N		8
प्ले	N		4
प्लेअफ	N		3
प्लेकार्ड	N		3
प्लेट	N		8
प्लेटफर्म	N		10
प्लेटफार्म	N		4
प्लेटो	N		2
प्लेन	N		4
प्लेनम	N		3
प्लेयर	N		6
प्लेस	N		2
प्लेस्टोर	N		2
प्वाँख	N		2
प्वाइन्ट	N		7
प्वाक्क	N		0
प्वाल	N		6
प्वॉख	N		0
फँडानी	N		3
फकाए	N		2
फकिर	N		2
फक्सवागन	N		3
फगामी	N		3
फछ्र्योट	N		2
फछ्र्यौट	N		2
फटाफट	N		0
फटाहा	N		2
फट्यांग्रा	N		2
फट्याङ्ग्रो	N		0
फडानी	N		2
फडेरा	N		2
फड्को	N		3
फण्ड	N		6
फतेही	N		2
फत्तेपुर	N		4
फनपार्क	N		3
फन्ट	N		6
फन्ड	N		6
फरक	N		5
फरकधार	N		5
फरफर	N		0
फरफारक	N		2
फरवार्ड	N		5
फरुवा	N		2
फरेस्ट	N		4
फर्कन	N		3
फर्कनु	N		2
फर्कने	N		5
फर्काइए	N		2
फर्काउन	N		3
फर्काए	N		3
फर्किए	N		6
फर्किएकाहरु	N		3
फर्किन	N		3
फर्किसके	N		3
फर्कीए	N		3
फर्के	N		6
फर्केका	N		4
फर्नान्डेज	N		4
फर्नान्डेस	N		2
फर्नान्डो	N		2
फर्निचर	N		7
फर्पिङ	N		3
फर्म	N	S	9
फर्मा	N		4
फर्म्याट	N		3
फर्साटिकर	N		2
फर्सी	N		2
फलफुल	N		5
फलफूल	N	S	9
फलस्वरूप	N		0
फलाए	N		2
फलाना	N		3
फलानो	N		3
फलाम	N		8
फलेक	N		0
फलेवास	N		3
फलोअप	N		2
फलोअर्स	N		2
फल्चा	N		2
फसल	N		3
फसाए	N		2
फसे	N		3
फस्टाउन	N		2
फस्टाए	N		2
फहराए	N		2
फाँचो	N		0
फाँट	N		9
फाँसी	N		4
फाइजर	N		6
फाइट	N		4
फाइदा	N	S	9
फाइनप्रिन्ट	N		2
फाइनल	N		6
फाइनान्स	N		6
फाइबर	N		7
फाइबरनेट	N		2
फाइभ	N		4
फाइभजी	N		4
फाइल	N	S	8
फाईदा	N		4
फाईनल	N		3
फाईनान्स	N		3
फाईल	N		5
फाउण्डेशन	N		7
फाउण्डेसन	N		7
फाउन्डेशन	N		7
फाउन्डेसन	N		9
फागु	N		3
फागुन	N		7
फागुपूर्णिमा	N		2
फागो	N		3
फाट	N		4
फाटे	N		2
फाटो	N		2
फातिमा	N		2
फाती	N		3
फानी	N		3
फापर	N		2
फापरखेत	N		2
फाप्ला	N		2
फाप्लु	N		4
फायर	N		3
फायरफक्स	N		3
फारम	N	S	9
फारमर	N		2
फाराम	N		5
फार्क	N		2
फार्म	N		9
फार्मासिस्ट	N		2
फार्मेसी	N		7
फालिए	N		2
फाले	N		4
फाल्गुन	N		2
फाल्गुनन्द	N		4
फाल्न	N		2
फासीवाद	N		2
फासो	N		2
फास्टफुड	N		3
फिँज	N		0
फिक्कल	N		4
फिक्स	N		2
फिक्सिङ	N		3
फिगर	N		5
फिचर	N	S	8
फिचर्स	N		2
फिजिक्स	N		2
फिजियो	N		2
फिजियोथेरापी	N		3
फिजी	N		4
फिट	N		5
फिटनेश	N		2
फिटनेस	N		5
फिट्नेस	N		2
फिड	N		5
फिडर	N		3
फित्ता	N		2
फित्र	N		2
फिदिम	N		5
फिनल्याण्ड	N		8
फिनल्यान्ड	N		6
फिनाले	N		4
फिनिक्स	N		2
फिनिश	N		2
फिनिसिङ	N		3
फिन्च	N		2
फिप्ना	N		2
फिफा	N		6
फिभर	N		3
फियाक	N		2
फियो	N		0
फिरे	N		2
फिरोज	N		3
फिर्ता	N		5
फिर्ति	N		2
फिर्ती	N		5
फिलिप	N		4
फिलिपिन्स	N		8
फिलिपे	N		2
फिलिप्स	N		2
फिलिम	N		3
फिल्टर	N		7
फिल्ड	N		8
फिल्डिङ	N		3
फिल्म	N	S	14
फिल्मकर्मी	N		7
फिल्मफेयर	N		2
फिल्ममेकर	N		2
फिल्मस	N		2
फिल्म्स	N		3
फीचर	N		2
फुँयाल	N		3
फुकाउ	N		2
फुकुओका	N		2
फुकुवा	N		3
फुके	N		2
फुङलिङ	N		3
फुच्चे	N		2
फुजेल	N		2
फुटपाथ	N		7
फुटबल	N		10
फुटबलर	N		5
फुटवल	N		3
फुटवेयर	N		2
फुटसल	N		5
फुटाउन	N		4
फुटाए	N		2
फुटुङ	N		2
फुटे	N		4
फुटेज	N		8
फुड	N		6
फुड्स	N		3
फुत्त	N		0
फुपु	N		5
फुपू	N		5
फुयाँल	N		4
फुयाल	N		4
फुर्सद	N		6
फुलकोर्ट	N		3
फुलपाती	N		3
फुलबारी	N		3
फुलहम	N		2
फुलहरु	N		2
फुलारा	N		2
फुलासी	N		2
फुले	N		3
फुस	N		3
फूटबल	N		3
फूड	N		5
फूल	N	S	10
फूलपाती	N		7
फूलबारी	N		4
फूलमाया	N		3
फूलमाला	N		2
फूले	N		2
फूलैफूल	N		2
फेज	N		3
फेटो	N		0
फेडरेशन	N		3
फेडरेसन	N		2
फेडेरर	N		3
फेडेरेशन	N		3
फेडेरेसन	N		3
फेद	N		5
फेदी	N		6
फेन्सिङ	N		2
फेब्रुअरी	N		8
फेब्रुवरी	N		2
फेयर	N		4
फेरबदल	N		5
फेरिए	N		3
फेरी	N		2
फेरे	N		4
फेरो	N		2
फेर्न	N		4
फेलापरे	N		2
फेलिक्स	N		3
फेवा	N		2
फेवाताल	N		7
फेशन	N		4
फेष्टिवल	N		2
फेसन	N		7
फेसबुक	N		9
फेसबूक	N		3
फेसवुक	N		2
फेसियल	N		2
फेस्ट	N		2
फेस्टिबल	N		5
फेस्टिभल	N		5
फेस्टिवल	N		5
फैलाउन	N		4
फैलाए	N		2
फैलावट	N		5
फैलिए	N		5
फैसल	N		2
फैसला	N	S	10
फोकस	N		2
फोका	N		3
फोक्सुण्डो	N		2
फोक्सो	N		7
फोटा	N		3
फोटो	N	S	9
फोटोग्राफर	N		7
फोटोग्राफी	N		4
फोटोन	N		3
फोटोशप	N		2
फोटोसुट	N		4
फोडे	N		2
फोडेन	N		2
फोन	N	S	12
फोनपे	N		5
फोनवार्ता	N		2
फोनिज	N		3
फोब्र्स	N		4
फोरजी	N		3
फोरम	N	S	10
फोर्कलिफ्ट	N		3
फोर्ड	N		2
फोर्ब्स	N		3
फोर्स	N		6
फोल्डर	N		4
फोहर	N		7
फोहरमैला	N		2
फोहोर	N	S	10
फोहोरमैला	N		4
फोहोरा	N		3
फौज	N		9
फ्याँकिए	N		2
फ्याँके	N		2
फ्याकल्टी	N		3
फ्याके	N		2
फ्याक्टर	N		2
फ्याक्ट्री	N		5
फ्याट	N		2
फ्यान	N		9
फ्युजन	N		2
फ्यूजन	N		2
फ्रन्ट	N		2
फ्रन्टलाइन	N		2
फ्रन्टलाइनर	N		2
फ्रान्कफर्ट	N		2
फ्रान्स	N		10
फ्रान्सिस	N		2
फ्रान्सिस्को	N		3
फ्रान्सेली	N		2
फ्रायड	N		2
फ्रिकिक	N		4
फ्रिक्वेन्सी	N		4
फ्रिज	N		4
फ्री	N		2
फ्रुट	N		3
फ्रेंचाइजी	N		2
फ्रेडरिक्स्बर्ग	N		2
फ्रेण्ड्स	N		3
फ्रेन्चाइज	N		3
फ्रेन्ड्स	N		4
फ्रेम	N		5
फ्रेमवर्क	N		4
फ्लाइट	N		5
फ्लाईट	N		2
फ्लिन	N		3
फ्लीट	N		3
फ्लु	N		6
फ्लू	N		4
फ्लेक्स	N		3
फ्लोयड	N		2
फ्लोर	N		4
फ्लोरिडा	N		4
फ्ल्याट	N		5
बँगैचा	N		2
बँदेल	N		5
बंगला	N		2
बंगलाचुली	N		2
बंगलादेश	N		11
बंगाल	N		7
बंगुर	N		6
बंशज	N		2
बंैक	N		4
बकपत्र	N		3
बकुल्लो	N		0
बकेट	N		2
बकैया	N		4
बक्तब्य	N		2
बक्ता	N		4
बक्यौता	N		2
बक्स	N		7
बक्सअफिस	N		2
बक्सर	N		3
बक्सिङ	N		6
बखत	N		6
बगचा	N		0
बगदाद	N		2
बगनासकाली	N		2
बगर	N		7
बगरफाँट	N		3
बगाए	N		3
बगान	N		8
बगाले	N		3
बगे	N		4
बगैँचा	N		6
बगैंचा	N		8
बगैचा	N		2
बग्गी	N		2
बग्दाद	N		2
बघिनी	N		3
बङ्गलादेश	N		9
बङ्गाल	N		7
बङ्गुर	N		3
बङ्लादेश	N		4
बचत	N		7
बचतकर्ता	N		7
बचतपत्र	N		2
बचन	N		5
बचपन	N		3
बचाउ	N		3
बचाउन	N		5
बचाए	N		3
बचावट	N		2
बचे	N		4
बचेरा	N		2
बच्चन	N		7
बच्चा	N	S	12
बच्चाबच्ची	N		2
बच्ची	N		3
बच्चै	N		2
बच्चो	N		0
बच्न	N		3
बजगाई	N		3
बजगाईँ	N		2
बजगाईं	N		3
बजाए	N		4
बजाज	N		4
बजार	N	S	14
बजारक्षेत्र	N		2
बजारबासी	N		2
बजारवासी	N		2
बजारिकरण	N		3
बजारी	N		3
बजारीकरण	N		6
बजे	N		8
बजेट	N	S	13
बज्यै	N		4
बज्र	N		2
बज्रचार्य	N		2
बज्राचार्य	N		5
बझाङ	N		8
बझाङ्ग	N		3
बञ्चरेडाँडा	N		4
बञ्जरा	N		2
बञ्जाडे	N		2
बटन	N		6
बटलर	N		3
बटाला	N		3
बटालियन	N		4
बटुक	N		2
बटुको	N		0
बटुले	N		3
बटुवा	N		6
बट्टा	N		2
बट्टाई	N		2
बट्टार	N		4
बडा	N		4
बडादशैँ	N		3
बडादशैं	N		3
बडादसैं	N		3
बडापत्र	N		5
बडाल	N		4
बडाहाकिम	N		4
बडिगार्ड	N		2
बडिमालिका	N		2
बडी	N		4
बडीमालिका	N		2
बडु	N		4
बडुवाल	N		3
बडू	N		3
बडेमान	N		2
बढाइए	N		2
बढाउन	N		5
बढाए	N		5
बढाबढ	N		2
बढि	N		5
बढी	N		8
बढुवा	N		7
बढे	N		6
बढैयाताल	N		2
बढोत्तरी	N		4
बढ्न	N		4
बताइ	N		3
बताइए	N		3
बताउन	N		2
बताए	N		4
बतास	N		5
बतासे	N		2
बत्ति	N		4
बत्तिसपुतली	N		2
बत्ती	N	S	8
बत्तीस	N		0
बथनाहा	N		4
बथान	N		5
बदनियत	N		2
बदमासी	N		5
बदला	N		2
बदलाव	N		2
बदलिए	N		2
बदली	N		3
बदले	N		3
बदल्न	N		3
बदाम	N		4
बदेल	N		2
बद्री	N		3
बधशाला	N		3
बधाई	N		3
बनभोज	N		3
बनमारा	N		2
बनर्जी	N		3
बनाइए	N		5
बनाईए	N		2
बनाईदिए	N		2
बनाउ	N		2
बनाउन	N		9
बनाए	N		5
बनारस	N		5
बनावट	N		7
बनिए	N		2
बने	N		6
बनेकाहरु	N		3
बनेकाहरू	N		3
बनेपा	N		9
बनोट	N		5
बन्चरेडाँडा	N		3
बन्चरो	N		2
बन्जरा	N		2
बन्जाडे	N		4
बन्जारा	N		2
बन्डल	N		3
बन्द	N		8
बन्दकर्ता	N		4
बन्दना	N		3
बन्दरगाह	N		11
बन्दव्यापार	N		2
बन्दसत्र	N		6
बन्दसूची	N		4
बन्दाबन्दी	N		7
बन्दि	N		2
बन्दिपुर	N		5
बन्दी	N	S	8
बन्दीगृह	N		3
बन्दीपुर	N		7
बन्दुक	N	S	9
बन्दुकधारी	N		3
बन्देज	N		4
बन्दोबस्त	N		4
बन्दोबस्ती	N		2
बन्धक	N		5
बन्धन	N		8
बन्धु	N		4
बन्धुकधारी	N		2
बन्न	N		6
बन्यजन्तु	N		4
बफेट	N		3
बब	N		3
बबई	N		3
बबरमहल	N		5
बबिता	N		4
बब्लु	N		2
बम	N	S	9
बमकाण्ड	N		2
बमजन	N		3
बमबहादुर	N		3
बमबारी	N		3
बमोजिम	N		3
बम्जन	N		4
बम्बई	N		3
बम्बै	N		2
बयलगाडा	N		2
बयान	N	S	8
बयानब्बे	N		0
बयालीस	N		0
बयासी	N		0
बरंजा	N		2
बरखान	N		0
बरगाछी	N		3
बरगी	N		0
बरण्डा	N		2
बरन्डा	N		2
बरफ	N		5
बरबरिया	N		2
बरमझिया	N		2
बरहथवा	N		5
बराइली	N		4
बराईली	N		3
बराबर	N		5
बराबरी	N		7
बराल	N		6
बराह	N		3
बराहक्षेत्र	N		4
बराहताल	N		2
बराहपोखरी	N		2
बरियता	N		4
बरिष्ठता	N		2
बरुवाल	N		4
बरेङ	N		2
बरेली	N		3
बर्खा	N		4
बर्खायाम	N		2
बर्खास्त	N		3
बर्खास्तगी	N		2
बर्खास्ती	N		2
बर्ग	N		7
बर्ड	N		2
बर्डफ्लु	N		2
बर्तमान	N		4
बर्तौला	N		4
बर्थडे	N		2
बर्दघाट	N		5
बर्दिबास	N		7
बर्दिया	N		11
बर्दिवास	N		8
बर्दी	N		4
बर्देवा	N		3
बर्नमाउथ	N		4
बर्नर	N		3
बर्नली	N		4
बर्बरता	N		2
बर्बादी	N		2
बर्मन	N		2
बर्मा	N		7
बर्लिन	N		5
बर्ष	N	S	13
बर्षभरी	N		2
बर्षा	N		5
बर्षात	N		4
बर्षाद	N		4
बर्षौ	N		3
बर्षौं	N		2
बर्स	N		2
बर्साए	N		2
बर्सात	N		2
बल	N	S	12
बलत्कार	N		3
बलदेव	N		2
बलबहादुर	N		2
बलबुता	N		2
बलम्बु	N		2
बलर	N		7
बलराम	N		3
बलात्कार	N		8
बलात्कारी	N		4
बलामी	N		2
बलायर	N		3
बलाल	N		2
बलि	N		5
बलिउड	N		10
बलिउडकर्मी	N		2
बलिङ	N		5
बलिदान	N		7
बलिदानी	N		5
बलिया	N		2
बलियो	N		2
बलिराजा	N		2
बलिवुड	N		3
बली	N		4
बलीउड	N		2
बलुचिस्तान	N		3
बलुवा	N		2
बले	N		4
बलेवा	N		2
बल्खु	N		6
बल्छी	N		3
बल्ब	N		5
बल्ल	N		0
बसन्त	N		5
बसन्तपुर	N		5
बसन्ती	N		4
बसपार्क	N		9
बसहरु	N		4
बसहरू	N		4
बसाइ	N		7
बसाइँ	N		4
बसाइँसराइ	N		4
बसाइसराइ	N		2
बसाई	N		5
बसाए	N		2
बसाले	N		2
बसिर	N		3
बसु	N		3
बसुन्धरा	N		4
बसुन्धारा	N		3
बसे	N		6
बसेकाहरु	N		5
बसेकाहरू	N		5
बसेल	N		2
बसोबास	N		5
बसोबासी	N		4
बसोवास	N		3
बसोवासी	N		3
बसौला	N		2
बस्ताकोटी	N		3
बस्ति	N		6
बस्ती	N	S	13
बस्तु	N		9
बस्तुभाउ	N		2
बस्न	N		8
बस्नेत	N		10
बस्न्यात	N		5
बस्याल	N		4
बहकिए	N		2
बहत्तर	N		0
बहराइन	N		7
बहराईन	N		3
बहस	N	S	12
बहादुर	N		4
बहादुरी	N		3
बहाना	N		4
बहाब	N		2
बहाल	N		4
बहाली	N		2
बहाव	N		5
बहिनि	N		4
बहिनी	N	S	9
बहिरा	N		4
बहिर्गमन	N		5
बहिष्करण	N		2
बहिष्कार	N		5
बहिस्कार	N		4
बहुत	N		0
बहुदल	N		5
बहुपहिचान	N		3
बहुमत	N		8
बहुलता	N		3
बहुलवाद	N		3
बहुविवाह	N		4
बहुसंख्यक	N		2
बा	N	S	8
बाँकी	N		7
बाँके	N		10
बाँचे	N		4
बाँचेकाहरू	N		2
बाँच्न	N		4
बाँझोपन	N		3
बाँडफाँट	N		6
बाँडफाँड	N		5
बाँडिए	N		2
बाँडे	N		3
बाँड्न	N		4
बाँदर	N		10
बाँदरझुला	N		3
बाँदरमुढे	N		2
बाँधिए	N		4
बाँधे	N		3
बाँनिया	N		3
बाँफिकोट	N		3
बाँस	N		7
बाँसखर्क	N		3
बाँसगढी	N		3
बाँसबारी	N		3
बाँसरु	N		0
बाँसुरी	N		3
बाँस्कोटा	N		7
बाँस्तोला	N		4
बांके	N		3
बांग्लादेश	N		3
बाआमा	N		6
बाइक	N	S	10
बाइटडान्स	N		2
बाइडन	N		5
बाइडेन	N		6
बाइपास	N		4
बाइबल	N		6
बाइसधारा	N		2
बाईक	N		3
बाईस	N		0
बाउ	N		6
बाउआमा	N		3
बाउन्न	N		0
बाउन्स	N		3
बाउन्सर	N		2
बाकस	N		5
बाके	N		4
बाख्रा	N	S	9
बाख्रापालन	N		5
बाख्रो	N		0
बाग	N		3
बागचन्द	N		2
बागबजार	N		5
बागमति	N		2
बागमती	N		7
बागलुङ	N		9
बागी	N		2
बागेश्वरी	N		2
बाग्मती	N		4
बाग्लुङ	N		7
बाग्लुङ्ग	N		5
बाघ	N	S	10
बाङ्ग्लादेश	N		2
बाङ्देल	N		3
बाङ्लादेश	N		2
बाचा	N		3
बाचे	N		2
बाच्छा	N		3
बाच्छाबाच्छी	N		2
बाच्छी	N		2
बाच्छो	N		2
बाच्न	N		2
बाछिटा	N		3
बाछो	N		0
बाजपेयी	N		2
बाजा	N	S	9
बाजागाजा	N		3
बाजी	N		4
बाजुरा	N		9
बाजुराली	N		2
बाजे	N		7
बाझिए	N		3
बाटा	N		8
बाटिका	N		2
बाटै	N		2
बाटो	N	S	13
बाटोघाटो	N		2
बाडे	N		2
बाढि	N		5
बाढी	N		9
बाढीपहिरो	N		5
बाढीपीडित	N		6
बाणगंगा	N		4
बाणासुर	N		3
बाताए	N		2
बाताबरण	N		3
बातावरण	N		4
बातैपिच्छे	N		0
बाथ	N		4
बाथरुम	N		4
बाथरूम	N		2
बाथरोग	N		2
बादर	N		2
बादल	N	S	11
बादशाह	N		5
बादी	N		3
बादे	N		2
बाधक	N		2
बाधा	N		6
बाध्यता	N	S	9
बाना	N		4
बानि	N		4
बानिया	N		3
बानियाँ	N		5
बानी	N	S	9
बानेश्वर	N		9
बान्की	N		3
बान्तवा	N		2
बान्नीगढी	N		3
बापदादा	N		2
बाफ	N		5
बाफिया	N		3
बाबर	N		3
बाबा	N	S	10
बाबाआमा	N		2
बाबाजी	N		2
बाबियाचौर	N		3
बाबु	N	S	11
बाबुआमा	N		6
बाबुछोरा	N		3
बाबुछोरी	N		2
बाबुबाजे	N		2
बाबुराम	N	S	9
बाबुरामजी	N		4
बाबुसाहेब	N		2
बाबू	N		3
बामगठबन्धन	N		6
बामदेव	N		4
बाम्राङ	N		2
बायर्न	N		7
बायाँ	N		4
बायोएनटेक	N		2
बायोटेक	N		2
बायोपिक	N		3
बायोमेट्रिक	N		2
बायोलोजी	N		2
बारपाक	N		4
बारबर्दिया	N		3
बारम्बार	N		2
बारहरू	N		2
बारा	N		9
बाराही	N		3
बारि	N		2
बारी	N		6
बारुणयन्त्र	N		2
बारुद	N		2
बारुला	N		2
बारे	N		3
बारेकोट	N		3
बार्गेनिङ	N		3
बार्ड	N		3
बार्ता	N		6
बार्दली	N		2
बार्बाडोस	N		2
बार्यन	N		3
बार्षिकोत्सब	N		2
बार्षिकोत्सव	N		4
बार्सा	N		7
बार्सिलोना	N		9
बालअधिकार	N		4
बालक	N	S	10
बालकक्षा	N		3
बालकलाकार	N		2
बालकालिका	N		2
बालकुमारी	N		3
बालकृष्ण	N		3
बालकोट	N		5
बालगृह	N		7
बालग्राम	N		3
बालदिवस	N		2
बालन	N		2
बालबच्चा	N		9
बालबालिका	N	S	12
बालबालीका	N		3
बालमनोविज्ञान	N		2
बालमन्दिर	N		3
बालवालिका	N		6
बालविकास	N		4
बालविवाह	N		7
बालश्रम	N		3
बालसाहित्य	N		3
बाला	N		5
बालाचतुर्दशी	N		3
बालाजु	N		5
बालापन	N		4
बालापुर	N		2
बालि	N		3
बालिका	N	S	11
बालिबालिका	N		2
बाली	N	S	9
बालीनाली	N		4
बालुवा	N		6
बालुवाटर	N		2
बालुवाटार	N		11
बालेन	N		5
बालेन्द्र	N		3
बाल्कोनी	N		3
बाल्टिन	N		2
बाल्टिमोर	N		3
बाल्न	N		2
बाल्यकाल	N		7
बाल्यावस्था	N		5
बावियाचौर	N		2
बावु	N		3
बावुराम	N		2
बासकोटा	N		2
बासना	N		3
बासस्थान	N		5
बासि	N		5
बासिन्दा	N	S	9
बासी	N		6
बासीन्दा	N		2
बासु	N		3
बासुदेव	N		2
बासुरी	N		2
बास्केटबल	N		5
बास्कोटा	N		5
बास्तव	N		2
बास्तोला	N		5
बास्सै	N		3
बाहक	N		2
बाहना	N		2
बाहिनी	N		5
बाहिर	N		6
बाहिरिए	N		3
बाहिरीए	N		2
बाहुन	N		6
बाहुनडाँगी	N		2
बाहुबली	N		3
बाहुली	N		2
बाहेक	N		6
बाह्रखरी	N		5
बाह्रदशी	N		2
बाह्रबिसे	N		6
बाह्रविसे	N		2
बिआरआई	N		4
बिउ	N		8
बिओपी	N		5
बिकल्प	N		4
बिकाश	N		4
बिकास	N		6
बिकिनी	N		2
बिकृति	N		5
बिके	N		3
बिक्रम	N		4
बिक्रि	N		4
बिक्री	N		7
बिक्रीवितरण	N		3
बिक्रेता	N		8
बिगत	N		5
बिगबिगी	N		2
बिगारे	N		3
बिगाहा	N		2
बिग्रनु	N		3
बिग्रिए	N		4
बिग्रे	N		4
बिघटन	N		3
बिघा	N		4
बिच	N		5
बिचरा	N		3
बिचार	N	S	8
बिचारधारा	N		2
बिचौलिया	N		9
बिच्किए	N		2
बिच्छी	N		2
बिच्छेद	N		2
बिछट्ट	N		0
बिछोड	N		4
बिछ्याए	N		2
बिजनेश	N		4
बिजनेस	N		4
बिजय	N		2
बिजी	N		2
बिजुक्छे	N		2
बिजुली	N		7
बिजुलीबजार	N		2
बिजेता	N		5
बिजेपी	N		4
बिजोर	N		3
बिजौरी	N		2
बिज्ञ	N		3
बिज्ञप्ति	N		2
बिज्ञान	N		4
बिज्ञापन	N		4
बिट	N		4
बिटक्वाइन	N		4
बिटा	N		2
बिटो	N		0
बिडारी	N		4
बिडेन	N		3
बितरण	N		5
बिताउन	N		2
बिताए	N		3
बिते	N		3
बिदा	N	S	9
बिदाइ	N		3
बिदाई	N		3
बिदेश	N		5
बिदेशी	N		5
बिदेसिए	N		2
बिद्या	N		2
बिद्यार्थिहरु	N		2
बिद्यार्थी	N		8
बिद्यालय	N	S	10
बिद्युत	N		3
बिद्रोह	N		5
बिद्रोही	N		2
बिधा	N		4
बिधान	N		5
बिधार्थी	N		5
बिधालय	N		7
बिधि	N		6
बिधी	N		2
बिधुत	N		2
बिधेयक	N		6
बिध्यार्थी	N		2
बिध्यालय	N		3
बिन	N		4
बिना	N		5
बिनिता	N		3
बिनियोजन	N		2
बिनोद	N		4
बिन्दु	N		10
बिपक्ष	N		2
बिपक्षी	N		4
बिपत	N		2
बिपत्ति	N		2
बिपद	N		3
बिपरित	N		2
बिपि	N		2
बिपी	N		5
बिप्लव	N		2
बिबाद	N		5
बिबाह	N		4
बिबिसी	N		7
बिभाग	N		8
बिभाजन	N		4
बिभेद	N		5
बिम	N		3
बिमक	N		2
बिमल	N		2
बिमला	N		3
बिमली	N		2
बिमष्टेक	N		2
बिमस्टेक	N		5
बिमा	N		7
बिमान	N		7
बिमानस्थल	N		5
बिमार	N		2
बिमारी	N		5
बिमित	N		4
बिम्ब	N		7
बिम्स्टेक	N		3
बियर	N		5
बियाँ	N		2
बिरगंज	N		4
बिरगञ्ज	N		2
बिरचदे	N		2
बिरलै	N		0
बिरही	N		2
बिराए	N		2
बिराटनगर	N		7
बिराम	N		2
बिरामि	N		3
बिरामी	N	S	12
बिराला	N		6
बिरालाहरू	N		5
बिरालो	N		7
बिरुद्द	N		2
बिरुद्ध	N		3
बिरुद्व	N		2
बिरुवा	N	S	9
बिरूद्ध	N		2
बिरेन्द्र	N		3
बिरोध	N		5
बिरोधी	N		4
बिरौटा	N		2
बिर्को	N		0
बिर्खे	N		2
बिर्ता	N		3
बिर्तामोड	N		8
बिर्सिए	N		3
बिर्सिसके	N		2
बिर्से	N		4
बिल	N	S	8
बिलकुल	N		0
बिलाए	N		2
बिलासिता	N		2
बिलिङ	N		2
बिल्डर्स	N		3
बिल्डिङ	N		3
बिल्बाओ	N		4
बिवाइडी	N		3
बिवाद	N		5
बिवाह	N		3
बिशेष	N		4
बिशेषता	N		2
बिश्व	N		7
बिश्वकप	N		3
बिश्वकर्मा	N		3
बिश्वबिद्धालय	N		2
बिश्वबिद्यालय	N		5
बिश्वविद्यालय	N		2
बिश्वास	N		5
बिषय	N	S	9
बिषयबस्तु	N		4
बिषयवस्तु	N		2
बिष्ट	N		6
बिष्णु	N		3
बिष्फोट	N		3
बिष्फोटन	N		2
बिसंगति	N		2
बिसप	N		2
बिसाए	N		2
बिसि	N		2
बिसी	N		4
बिस्कुट	N		4
बिस्केट	N		2
बिस्ट	N		2
बिस्तार	N		5
बिस्फोट	N		4
बिस्व	N		3
बिस्वास	N		2
बिहान	N	S	9
बिहानी	N		5
बिहानै	N		2
बिहार	N		8
बिहिन	N		2
बिहिबार	N		5
बिहिवार	N		3
बिहीबार	N		6
बिहीवार	N		4
बिहुँ	N		4
बिहे	N		5
बीआरआई	N		8
बीउ	N	S	8
बीएमसी	N		2
बीओपी	N		2
बीच	N		6
बीजेपी	N		4
बीटा	N		2
बीडीएस	N		2
बीना	N		3
बीपी	N		9
बीबीए	N		2
बीबीएल	N		2
बीबीसी	N		8
बीमक	N		6
बीमा	N		7
बीमालेख	N		4
बीमाशुल्क	N		2
बीमित	N		5
बीरगंज	N		6
बीरगञ्ज	N		3
बीरगन्ज	N		3
बीरेन्द्र	N		2
बीवाईडी	N		2
बीस	N		0
बीसी	N		4
बीसीसीआई	N		3
बुँदा	N		8
बुँदे	N		5
बुंदा	N		2
बुइपा	N		3
बुक	N		5
बुकमेकर	N		4
बुकिङ	N		3
बुकी	N		6
बुक्स	N		4
बुखारिन	N		3
बुङ्गमती	N		3
बुझाइ	N	S	8
बुझाइए	N		2
बुझाई	N		6
बुझाउन	N		2
बुझाए	N		5
बुझिए	N		2
बुझे	N		6
बुझ्न	N		4
बुट	N		5
बुटबल	N		4
बुटवल	N		11
बुटिक	N		5
बुट्यान	N		3
बुडाल	N		2
बुढा	N	S	10
बुढाक्षेत्री	N		2
बुढाथोकि	N		2
बुढाथोकी	N		6
बुढानिलकण्ठ	N		4
बुढानीलकण्ठ	N		4
बुढापाका	N		5
बुढाबुढी	N		4
बुढामगर	N		4
बुढासुब्बा	N		2
बुढी	N		4
बुढीगंगा	N		3
बुढीगण्डकी	N		2
बुढेसकाल	N		4
बुढो	N		3
बुढ्यौली	N		5
बुण्डेसलिगा	N		2
बुता	N		2
बुथ	N		5
बुदा	N		2
बुदाँ	N		2
बुद्ध	N	S	9
बुद्धचोक	N		3
बुद्धजयन्ती	N		2
बुद्धधर्म	N		2
बुद्धनगर	N		3
बुद्धशान्ति	N		4
बुद्धि	N		6
बुद्धिचाल	N		3
बुद्धिजिवी	N		2
बुद्धिजीवि	N		2
बुद्धिजीवी	N		8
बुद्धिमत्ता	N		2
बुद्धिसागर	N		2
बुध	N		3
बुधन	N		2
बुधबार	N		6
बुधवार	N		5
बुनाइ	N		2
बुने	N		3
बुन्डेसलिगा	N		2
बुफोन	N		2
बुबा	N	S	10
बुबाआमा	N		6
बुमराह	N		2
बुर्का	N		3
बुर्जुवा	N		2
बुर्तिबाङ	N		5
बुर्तिवाङ	N		3
बुर्लाकोटी	N		4
बुलबुल	N		4
बुलेट	N		8
बुलेटिन	N		3
बुल्गर	N		3
बुल्गेरिया	N		5
बुवा	N	S	11
बुवाआमा	N		3
बुसान	N		2
बुस्टर	N		2
बुहान	N		2
बुहारी	N	S	9
बूढा	N		5
बूढानीलकण्ठ	N		5
बूढापाका	N		4
बूढाबूढी	N		4
बूढी	N		3
बूढीगण्डकी	N		3
बूढेसकाल	N		2
बूढो	N		2
बृक्षारोपण	N		3
बृटिस	N		4
बृत्त	N		2
बृत्तचित्र	N		3
बृद्ध	N		6
बृद्धबृद्धा	N		6
बृद्धा	N		7
बृद्धाश्रम	N		4
बृद्धि	N		7
बृद्धिदर	N		2
बृहस्पति	N		4
बेँसी	N		2
बेंगलोर	N		4
बेंग्लोर	N		3
बेंसी	N		2
बेंसीसहर	N		2
बेइजिङ	N		8
बेइजिङ्ग	N		2
बेइमानी	N		3
बेकर	N		3
बेकरी	N		2
बेकार	N		3
बेग	N		4
बेगम	N		3
बेघा	N		3
बेचबिखन	N		5
बेचविखन	N		3
बेचिए	N		3
बेचे	N		5
बेचैनी	N		3
बेच्न	N		5
बेजोड	N		3
बेजोस	N		4
बेञ्च	N		6
बेटिंग	N		3
बेटिस	N		3
बेट्स	N		2
बेठक	N		2
बेड	N	S	10
बेडरुम	N		3
बेडरूम	N		2
बेत	N		0
बेतुक	N		2
बेत्रावती	N		2
बेथान	N		3
बेथानचोक	N		2
बेथिति	N		8
बेथिती	N		3
बेथे	N		2
बेदकोट	N		2
बेदना	N		4
बेदी	N		2
बेनर्जी	N		2
बेनिशा	N		2
बेनी	N		9
बेनीबजार	N		4
बेनेट	N		2
बेन्च	N		8
बेन्जिमा	N		2
बेन्जेमा	N		3
बेन्फिका	N		2
बेपत्ता	N		5
बेफाइदा	N		4
बेबी	N		2
बेमेल	N		3
बेमौसम	N		2
बेर	N		5
बेरी	N		5
बेरुजु	N		5
बेरुत	N		2
बेरे	N		2
बेरोजगार	N		6
बेरोजगारी	N		4
बेर्ना	N		4
बेल	N		6
बेलकोटगढी	N		3
बेलझुण्डी	N		4
बेलडाँगी	N		2
बेलडाँडी	N		5
बेलढुङ्गा	N		3
बेलबारी	N		6
बेलबासे	N		2
बेलहिया	N		5
बेला	N		11
बेलाटारी	N		4
बेलाबेला	N		2
बेलायत	N		12
बेलायती	N		5
बेलारुस	N		6
बेली	N		3
बेलु	N		3
बेलुका	N		5
बेलुकी	N		5
बेलुन	N		5
बेलुवा	N		3
बेलै	N		2
बेलौरी	N		5
बेल्चा	N		2
बेल्जियम	N		9
बेल्ट	N		4
बेल्टार	N		3
बेल्बासे	N		2
बेल्वासे	N		3
बेवास्ता	N		4
बेस	N		6
बेसक्याम्प	N		4
बेसरी	N		0
बेसहारा	N		2
बेसार	N		5
बेसिन	N		3
बेसी	N		4
बेसीशहर	N		3
बेहुला	N		4
बेहुली	N		6
बेहुलो	N		0
बेहोरा	N		2
बेहोरे	N		3
बेहोसी	N		3
बैँक	N		8
बैंंक	N		2
बैंक	N	S	14
बैंकक	N		5
बैंकर	N		6
बैंकर्स	N		2
बैंकिङ	N		6
बैंकिङ्ग	N		6
बैंगलोर	N		6
बैंग्लोर	N		6
बैंठक	N		2
बैंस	N		3
बैक	N		8
बैकं	N		3
बैकक	N		2
बैकिङ	N		2
बैकुण्ठ	N		2
बैङक	N		3
बैङ्क	N		11
बैजनाथ	N		3
बैज्ञानिक	N		3
बैठ	N		5
बैठक	N	S	13
बैठकस्थल	N		2
बैठा	N		3
बैतडी	N		9
बैदाम	N		5
बैद्य	N		4
बैनी	N		3
बैराग	N		2
बैरागी	N		3
बैशाख	N		7
बैसाख	N		2
बैैंक	N		3
बोइङ	N		3
बोकसो	N		0
बोका	N		6
बोकाए	N		2
बोके	N		5
बोको	N		0
बोक्न	N		2
बोक्रा	N		5
बोक्रो	N		0
बोक्सी	N		3
बोगटी	N		5
बोगी	N		2
बोझ	N		6
बोट	N		10
बोटबिरुवा	N		8
बोटल	N		2
बोटविरुवा	N		2
बोटे	N		3
बोडे	N		4
बोतल	N		8
बोत्तल	N		5
बोध	N		6
बोधिसत्व	N		2
बोनस	N		6
बोनापार्ट	N		2
बोम्जन	N		3
बोरा	N		9
बोरिङ	N		5
बोरिस	N		2
बोरो	N		0
बोर्ड	N	S	12
बोर्डर	N		6
बोर्डिङ	N		6
बोलकबोल	N		3
बोलचाल	N		2
बोलपत्र	N		5
बोलपत्रदाता	N		3
बोलसोनारो	N		3
बोला	N		2
बोलाइ	N		2
बोलाइए	N		2
बोलाए	N		5
बोलावट	N		3
बोलि	N		3
बोलिए	N		2
बोलिभिया	N		5
बोली	N		7
बोलीचाली	N		3
बोले	N		5
बोलेरो	N		4
बोल्ट	N		4
बोल्टन	N		2
बोल्न	N		5
बोल्सोनारो	N		4
बोस	N		6
बोसो	N		4
बोस्टन	N		4
बोहरा	N		6
बोहोरा	N		5
बौद्ध	N		7
बौद्धमार्गी	N		3
बौद्धिकता	N		4
बौद्धिकहरू	N		2
बौनिया	N		3
ब्यक्ति	N		9
ब्यक्तित्व	N		6
ब्यक्ती	N		5
ब्यथा	N		3
ब्यबसाय	N		6
ब्यबसायी	N		4
ब्यबस्था	N		6
ब्यबस्थापन	N		4
ब्यबहार	N		5
ब्यवसाय	N		7
ब्यवसायि	N		5
ब्यवसायी	N		6
ब्यवस्था	N		6
ब्यवस्थापक	N		2
ब्यवस्थापन	N		5
ब्यवहार	N		6
ब्यस्तता	N		3
ब्यहोरा	N		2
ब्यहोरे	N		2
ब्यांक	N		6
ब्याक	N		5
ब्याकअप	N		4
ब्याक्टेरिया	N		9
ब्याक्ति	N		4
ब्याक्ती	N		3
ब्याग	N		6
ब्याङ्क	N		7
ब्याच	N		6
ब्याचलर	N		2
ब्याज	N		8
ब्याजदर	N	S	9
ब्याजी	N		2
ब्याट	N		4
ब्याटर	N		3
ब्याटरी	N		2
ब्याटल	N		2
ब्याटिङ	N		5
ब्याट्रि	N		3
ब्याट्री	N	S	9
ब्याट्सम्यान	N		6
ब्याड	N		2
ब्याडमिन्टन	N		4
ब्याण्ड	N		6
ब्यानर	N		8
ब्यान्ड	N		6
ब्यापार	N		6
ब्यापारी	N		6
ब्यारेक	N		8
ब्यारेज	N		7
ब्यारेट	N		3
ब्यारेल	N		3
ब्यालेट	N		2
ब्यालेन्स	N		4
ब्यावसाय	N		2
ब्यावसायी	N		3
ब्यावस्थापन	N		2
ब्युँतिए	N		2
ब्युरो	N		6
ब्युरोक्रेसी	N		3
ब्यूरो	N		8
ब्रजिल	N		3
ब्रत	N		4
ब्रतबन्ध	N		3
ब्रतालु	N		2
ब्रदरहुड	N		2
ब्रदर्श	N		2
ब्रमाण्ड	N		2
ब्रम्हा	N		2
ब्रम्हाण्ड	N		2
ब्रश	N		4
ब्रस	N		2
ब्रसेल्स	N		3
ब्रह्म	N		3
ब्रह्मचर्य	N		2
ब्रह्मदेव	N		5
ब्रह्मा	N		7
ब्रह्माजी	N		2
ब्रह्माण्ड	N		6
ब्रा	N		3
ब्राइटन	N		5
ब्राउजर	N		7
ब्राउन	N		4
ब्राजिल	N		10
ब्राजील	N		2
ब्राण्ड	N		9
ब्रान्च	N		4
ब्रान्ड	N	S	10
ब्रान्डिङ	N		3
ब्राम्हण	N		2
ब्रायन	N		3
ब्रार	N		2
ब्राह्मण	N		8
ब्रिक्स	N		2
ब्रिगेड	N		5
ब्रिज	N		6
ब्रिटिस	N		3
ब्रिटेन	N		8
ब्रिफिङ	N		3
ब्रिसबेन	N		2
ब्रुअरी	N		3
ब्रुनाई	N		3
ब्रुमर	N		2
ब्रुस	N		2
ब्रेक	N		5
ब्रेकअप	N		3
ब्रेकफास्ट	N		2
ब्रेकर	N		2
ब्रेक्जिट	N		4
ब्रेन	N		3
ब्रेन्टफोर्ड	N		3
ब्रेसलेट	N		2
ब्रोकर	N		8
ब्रोडवे	N		2
ब्लक	N		8
ब्लकचेन	N		2
ब्लग	N		8
ब्लगर	N		6
ब्लगिङ	N		2
ब्लडप्रेसर	N		2
ब्लाउज	N		2
ब्लिन्केन	N		3
ब्लुज	N		2
ब्लुमबर्ग	N		3
ब्लूमबर्ग	N		3
ब्लेड	N		3
ब्लेयर	N		2
ब्लोन	N		3
ब्वाँसो	N		4
ब्वाइ	N		2
ब्वाइज	N		7
ब्वाइफ्रेन्ड	N		2
ब्वाईज	N		3
भँगेरा	N		2
भँगेरो	N		0
भंसाली	N		2
भइदिए	N		2
भइनसके	N		2
भइरहे	N		5
भइरहेका	N		3
भइरहेको	N		2
भइराखे	N		2
भइसके	N		4
भइहाले	N		2
भईरहे	N		3
भईरहेको	N		2
भईसके	N		3
भए	N		10
भएक	N		3
भएका	N	S	10
भएकाे	N		2
भकारी	N		3
भकिम्ली	N		3
भकुण्डे	N		3
भकुण्डो	N		0
भक्कानिए	N		2
भक्त	N		6
भक्तजन	N		8
भक्तपुर	N		10
भक्तपूर	N		2
भक्तालु	N		2
भक्तालुहरु	N		2
भक्ति	N		5
भक्तिभाव	N		3
भगत	N		3
भगवती	N		5
भगवान	N	S	9
भगवानपुर	N		3
भगाए	N		2
भग्नावशेष	N		9
भजन	N		8
भजनकीर्तन	N		2
भजनी	N		3
भञ्ज्याङ	N		7
भटटराई	N		2
भटमास	N		3
भटराई	N		3
भट्ट	N		8
भट्टचन	N		4
भट्टराइ	N		5
भट्टराई	N	S	11
भट्टर्राई	N		2
भट्टा	N		6
भट्टाचार्य	N		2
भट्टी	N		3
भट्राई	N		2
भण्डाफोर	N		2
भण्डार	N		7
भण्डारण	N		5
भण्डारा	N		6
भण्डारी	N		10
भतिज	N		4
भतिजा	N		4
भतेर	N		2
भत्काइए	N		2
भत्काउन	N		2
भत्काए	N		2
भत्किए	N		3
भत्के	N		2
भत्ता	N	S	11
भदौ	N		8
भदौं	N		2
भदौरे	N		3
भद्रकाली	N		4
भद्रगोल	N		5
भद्रपुर	N		7
भनसुन	N		3
भनाइ	N	S	9
भनाई	N	S	8
भनाउँदा	N		3
भनाभन	N		3
भनिए	N		4
भनिएकाहरु	N		2
भनिएकाहरू	N		2
भने	N		6
भन्ज्याङ	N		4
भन्ठाने	N		2
भन्डारी	N		3
भन्दामाथि	N		2
भन्न	N		8
भन्नेकुरा	N		2
भन्सार	N		11
भन्साली	N		3
भबन	N		3
भबिश्य	N		2
भबिष्य	N		4
भबिस्य	N		3
भमरा	N		2
भमरो	N		0
भम्रण	N		2
भय	N		8
भरखर	N		0
भरणपोषण	N		2
भरत	N		4
भरतपुर	N		11
भरतपोखरी	N		3
भरतमोहन	N		2
भरपाई	N		2
भरि	N		7
भरिए	N		4
भरिया	N		6
भरी	N		5
भरे	N		4
भरोशा	N		2
भरोसा	N		5
भरौटेहरु	N		2
भर्खर	N		5
भर्खरै	N		2
भर्चुअल	N		3
भर्जन	N		3
भर्जिनिया	N		6
भर्ती	N		4
भर्न	N		4
भर्याङ	N		5
भर्सन	N		5
भलमन्सा	N		3
भलवारी	N		2
भलाइ	N		4
भलाई	N		3
भलाकुसारी	N		3
भलादमी	N		3
भलाम	N		2
भलिबल	N		7
भलिवल	N		3
भल्भ	N		6
भवन	N	S	13
भवानी	N		5
भवानीपुर	N		2
भवितव्य	N		3
भविश्य	N		5
भविष्य	N		10
भविष्यवाणी	N		7
भविस्य	N		3
भव्यता	N		3
भष्ट्राचार	N		5
भष्मासुर	N		3
भाँचिए	N		3
भाँचे	N		2
भाँच्चिए	N		2
भाँडभैलो	N		2
भाँडा	N		8
भाँडाकुँडा	N		3
भाँडो	N		6
भांग	N		2
भाइ	N	S	10
भाइटिका	N		2
भाइटीका	N		6
भाइबर	N		4
भाइबहिनी	N		6
भाइरल	N		4
भाइरस	N	S	10
भाइसर	N		3
भाई	N		7
भाईबहिनी	N		2
भाईरस	N		6
भाउ	N		5
भाउजु	N		7
भाउजू	N		5
भाका	N		7
भागदौड	N		4
भागबण्डा	N		7
भागबन्डा	N		7
भागरथी	N		5
भागवण्डा	N		6
भागवत	N		3
भागहरु	N		3
भागहरू	N		5
भागे	N		5
भाग्न	N		3
भाग्य	N		8
भाग्यमानी	N		2
भाजपा	N		9
भाञ्जा	N		3
भाट	N		4
भाटभटेनी	N		4
भाटा	N		2
भाटिया	N		2
भाडा	N	S	10
भाडादर	N		4
भाडो	N		2
भात	N		6
भातृसंगठन	N		4
भातृसंस्था	N		3
भाद्र	N		3
भानु	N		4
भानुचोक	N		2
भानुजयन्ती	N		2
भानुभक्त	N		4
भान्छा	N		5
भान्जा	N		4
भान्जी	N		4
भान्सा	N		8
भान्साकोठा	N		2
भान्से	N		3
भाम	N		3
भायनेट	N		3
भायानेट	N		3
भार	N	S	8
भारत	N		12
भारतवर्ष	N		3
भारतिय	N		2
भारती	N		5
भारतीय	N	S	9
भारदह	N		4
भारदार	N		4
भारद्धाज	N		2
भारद्वाज	N		2
भारी	N		7
भारु	N		7
भारू	N		2
भारोत्तोलन	N		4
भार्डी	N		2
भाला	N		0
भालाडोलिड	N		3
भालु	N		5
भालुवाङ	N		6
भाले	N		6
भाल्भ	N		3
भाल्भर्डे	N		3
भाव	N	S	9
भावना	N	S	9
भावर	N		2
भावुकता	N		4
भाषण	N	S	10
भाषा	N	S	12
भाषाभाषी	N		5
भाषाविज्ञान	N		2
भाषाशैली	N		2
भाषासाहित्य	N		2
भाषी	N		7
भाष्कर	N		2
भाष्य	N		6
भासिए	N		2
भास्कर	N		3
भाेलि	N		2
भिआइपी	N		3
भिएआर	N		3
भिक्टोरिया	N		5
भिक्षु	N		6
भिक्षुणी	N		3
भिखारी	N		4
भिगो	N		5
भिजन	N		6
भिजा	N		2
भिजिट	N		3
भिजिबिलिटी	N		2
भिजे	N		4
भिटामिन	N		6
भिटेन	N		3
भिटोफ	N		2
भिडन्त	N		7
भिडभाड	N		6
भिडाल	N		3
भिडिओ	N		6
भिडिया	N		2
भिडियाे	N		2
भिडियो	N	S	14
भिडीयो	N		3
भिडे	N		2
भित्ता	N		8
भित्तो	N		0
भित्र	N		8
भित्राउन	N		2
भित्राए	N		2
भित्रिए	N		4
भित्रिसके	N		2
भित्रै	N		6
भित्र्याउन	N		2
भित्र्याए	N		3
भिनाजु	N		5
भिन्नता	N		7
भिभो	N		3
भिमसेन	N		2
भिमाद	N		3
भियतनाम	N		8
भियना	N		2
भिर	N		3
भिरकोट	N		2
भिलेज	N		4
भिलेन	N		2
भिल्ला	N		7
भिल्लारियल	N		3
भिषा	N		3
भिसा	N		7
भिस्वा	N		2
भीआईपी	N		4
भीएआर	N		2
भीड	N		9
भीडन्त	N		2
भीडभाड	N		6
भीभीआईपी	N		3
भीम	N		4
भीमदत्त	N		4
भीमनगर	N		2
भीमफेदी	N		5
भीमबहादुर	N		2
भीमसेन	N		3
भीर	N		5
भीरकोट	N		3
भीरखर्क	N		2
भीष्म	N		3
भुँडी	N		3
भुइँ	N		6
भुइँचालो	N		4
भुइँतला	N		2
भुइँमान्छे	N		3
भुई	N		3
भुईँ	N		2
भुईं	N		2
भुकम्प	N		6
भुक्तभोगी	N		2
भुक्तान	N		4
भुक्तानी	N	S	10
भुगोल	N		5
भुजी	N		2
भुजु	N		2
भुजेल	N		4
भुटान	N		9
भुटानी	N		5
भुटिया	N		3
भुट्टो	N		2
भुत	N		0
भुत्लो	N		0
भुपेन्द्र	N		2
भुभाग	N		5
भुमरी	N		4
भुमि	N		5
भुमिका	N		7
भुमिकास्थान	N		2
भुमी	N		3
भुम्लु	N		3
भुरा	N		2
भुरिगाउँ	N		3
भुर्तेल	N		5
भुले	N		4
भुल्के	N		3
भुवन	N		7
भुवनेश्वर	N		2
भुषा	N		3
भुषाल	N		5
भुस	N		0
भुसाल	N		6
भुसुनो	N		0
भूउपग्रह	N		4
भूकम्प	N	S	9
भूकम्पपीडित	N		5
भूक्षय	N		2
भूखण्ड	N		2
भूगोल	N		7
भूजेल	N		3
भूटान	N		5
भूत	N		5
भूतकाल	N		2
भूतप्रेत	N		2
भूतराज	N		4
भूबनोट	N		2
भूभाग	N	S	12
भूमण्डलीकरण	N		4
भूमध्यसागर	N		2
भूमरी	N		2
भूमाफिया	N		5
भूमि	N	S	12
भूमिका	N	S	11
भूमिसुधार	N		4
भूमिहिन	N		2
भूमिहीन	N		4
भूमी	N		6
भूमे	N		2
भूराजनीति	N		3
भूल	N		3
भूषाल	N		2
भूसाल	N		3
भृकुटी	N		2
भृकुटीमण्डप	N		5
भेग	N		9
भेगास	N		2
भेटघाट	N		7
भेटवार्ता	N	S	8
भेटवाल	N		3
भेटाए	N		2
भेटिए	N		5
भेटी	N		3
भेटीए	N		2
भेटे	N		7
भेट्टाए	N		2
भेट्न	N		4
भेट्नो	N		0
भेट्रान	N		4
भेट्रान्स	N		2
भेडा	N		8
भेडाबाख्रा	N		3
भेडेटार	N		4
भेडो	N		0
भेदभाव	N		6
भेनेजुएला	N		7
भेनेजुयला	N		3
भेन्चर	N		3
भेन्टिलेटर	N		7
भेन्टीलेटर	N		2
भेरिअन्ट	N		3
भेरिएन्ट	N		6
भेरियन्ट	N		9
भेरी	N		5
भेल	N		4
भेला	N	S	8
भेल्लुबाजे	N		2
भेष	N		3
भेषभुषा	N		4
भेषभूषा	N		4
भेषवाकर	N		2
भेषावकर	N		3
भेहिकल	N		2
भैँसी	N		7
भैँसेपाटी	N		2
भैंसी	N		5
भैंसेपाटी	N		3
भैया	N		2
भैरव	N		5
भैरवस्थान	N		2
भैरहवा	N		11
भैरहे	N		3
भैरहेको	N		2
भैलो	N		4
भैसके	N		3
भैसी	N		6
भैहाले	N		2
भोक	N		7
भोकमरी	N		8
भोका	N		2
भोक्राहा	N		2
भोगचलन	N		3
भोगाइ	N		9
भोगाई	N		7
भोगे	N		4
भोज	N		4
भोजन	N		6
भोजनालय	N		3
भोजपुर	N		10
भोजभतेर	N		2
भोट	N	S	8
भोटखोला	N		2
भोटाहिटी	N		2
भोटिङ	N		4
भोटिया	N		2
भोटे	N		4
भोटेओडार	N		2
भोटेकोशी	N		3
भोटेकोसी	N		2
भोटोजात्रा	N		2
भोपाल	N		3
भोर्ले	N		3
भोला	N		3
भोलि	N		7
भोली	N		5
भोल्टेज	N		3
भोल्युम	N		3
भौँतारिए	N		2
भौचर	N		4
भौतारिए	N		3
भौतिकता	N		4
भौतिकवाद	N		5
भौतिकशास्त्र	N		2
भ्याए	N		5
भ्याकेट	N		2
भ्याक्सिन	N	S	8
भ्यागुता	N		6
भ्यागुतो	N		2
भ्याट	N		3
भ्यान	N		9
भ्याली	N		5
भ्यालु	N		4
भ्यालेन्टाइन	N		4
भ्यालेन्सिया	N		7
भ्युटावर	N		3
भ्यू	N		2
भ्यूटावर	N		3
भ्रम	N	S	8
भ्रमण	N	S	13
भ्रष्ट	N		5
भ्रष्टचार	N		4
भ्रष्टचारी	N		2
भ्रष्टता	N		4
भ्रष्टाचार	N	S	10
भ्रष्टाचारी	N		7
भ्रष्ट्राचार	N		4
भ्रस्टाचार	N		3
भ्रुण	N		4
भ्रूण	N		2
भ्वाइस	N		5
म	N		10
मंकीपक्स	N		3
मंगल	N		4
मंगलबजार	N		3
मंगलबार	N		8
मंगलवार	N		4
मंगलसेन	N		4
मंगला	N		2
मंगलापुर	N		2
मंगेशकर	N		3
मंगोलिया	N		6
मंच	N		6
मंडल	N		2
मंत्रालय	N		3
मंसिर	N		7
मंसीर	N		5
मकवानपुर	N		10
मकवानपुरगढी	N		3
मकाउ	N		6
मकुना	N		2
मक्का	N		3
मखमली	N		4
मखुन्डो	N		0
मगज	N		3
मगर	N	S	11
मगाए	N		2
मङ्गल	N		2
मङ्गलबार	N		5
मङ्गलवार	N		2
मङ्गोलिया	N		2
मङ्सिर	N		6
मच्चाए	N		3
मच्चिए	N		2
मच्छिन्द्र	N		4
मच्छिन्द्रनाथ	N		4
मछिन्द्र	N		6
मछिन्द्रनाथ	N		2
मजगैया	N		2
मजदुर	N	S	11
मजदुरी	N		7
मजदूर	N		7
मजदूरी	N		2
मजा	N		3
मजाक	N		5
मज्जा	N		3
मझुवा	N		2
मञ्च	N	S	14
मञ्चन	N		5
मञ्जिल	N		2
मञ्जु	N		3
मञ्जुरी	N		2
मञ्जुश्री	N		3
मटर	N		3
मटिहानी	N		2
मटीतेल	N		2
मट्टितेल	N		2
मट्टीतेल	N		3
मठ	N		5
मठमन्दिर	N		5
मड्रिड	N		7
मण	N		4
मणि	N		4
मणिग्राम	N		4
मणिपाल	N		2
मणिपुर	N		5
मणी	N		3
मण्ड	N		2
मण्डनदेउपुर	N		2
मण्डप	N		4
मण्डल	N		10
मण्डला	N		8
मण्डली	N		7
मण्डेला	N		3
मत	N	S	11
मतगणना	N		5
मतगणनास्थल	N		4
मतदाता	N	S	10
मतदान	N		7
मतदानस्थल	N		6
मतपत्र	N		7
मतपरिणाम	N		4
मतपेटिका	N		4
मतभार	N		4
मतभिन्नता	N		4
मतभेद	N		7
मताधिकार	N		4
मतान्तर	N		5
मतियार	N		6
मत्र्यलोक	N		2
मत्स्यपालन	N		2
मत्स्येन्द्रनाथ	N		3
मथुरा	N		2
मदत	N		3
मदन	N		4
मदनकृष्ण	N		3
मदनमणि	N		2
मदरसा	N		4
मदाने	N		2
मदारी	N		2
मदिरा	N	S	10
मदुरो	N		3
मद्दत	N		5
मद्धत	N		2
मद्यपान	N		3
मधु	N		4
मधुपर्क	N		4
मधुबन	N		2
मधुमेह	N		6
मधुवन	N		4
मधेश	N		10
मधेशी	N		7
मधेस	N		9
मधेसी	N	S	8
मध्य	N		8
मध्यकाल	N		2
मध्यक्रम	N		3
मध्यक्षेत्र	N		3
मध्यदिन	N		2
मध्यपश्चिम	N		3
मध्यपहाड	N		2
मध्यपान	N		2
मध्यपुर	N		2
मध्यपुरथिमि	N		3
मध्यपुर्व	N		2
मध्यपूर्व	N		5
मध्यप्रदेश	N		3
मध्यभाग	N		3
मध्यम	N		5
मध्यमवर्ग	N		3
मध्यमाञ्चल	N		6
मध्यरात	N		6
मध्यराति	N		3
मध्यवर्ती	N		4
मध्यस्थकर्ता	N		4
मध्यस्थता	N		3
मध्यान्तर	N		3
मध्यान्न	N		3
मध्यान्ह	N		5
मध्यावधि	N		2
मध्याह्न	N		4
मध्ये	N		6
मन	N	S	14
मनकामना	N		4
मनकारी	N		2
मनत्रालय	N		2
मनपराए	N		3
मनपरी	N		3
मनपरे	N		2
मनपर्ने	N		2
मनबहादुर	N		3
मनमस्तिष्क	N		2
मनमाया	N		4
मनमुटाव	N		4
मनमैजु	N		2
मनमोहन	N		5
मनशाय	N		3
मनसाय	N		6
मनसुन	N		6
मनस्थिति	N		7
मनस्थिती	N		3
मनहरी	N		6
मनांगे	N		2
मनाइए	N		2
मनाउन	N		3
मनाए	N		3
मनाङ	N		9
मनाङे	N		4
मनाङ्गे	N		3
मनास्लु	N		3
मनिटर	N		2
मनिता	N		2
मनिला	N		4
मनिष	N		3
मनिषा	N		4
मनिस	N		6
मनी	N		4
मनीष	N		2
मनीषा	N		3
मनु	N		3
मनुवा	N		5
मनुष्य	N		6
मनुस्मृति	N		3
मनै	N		4
मनोचिकित्सक	N		4
मनोचिकित्सा	N		2
मनोज	N		5
मनोदशा	N		5
मनोनयन	N		8
मनोपरामर्श	N		2
मनोबल	N		5
मनोभाव	N		3
मनोभावना	N		3
मनोमानी	N		5
मनोरंजन	N		2
मनोरञ्जन	N		6
मनोरन्जन	N		3
मनोरोग	N		3
मनोविज्ञान	N		7
मनोवृत्ति	N		7
मनोहरा	N		3
मन्च	N		5
मन्जन	N		0
मन्जु	N		2
मन्टु	N		4
मन्टेश्वरी	N		5
मन्डेला	N		2
मन्तब्य	N		5
मन्तव्य	N		7
मन्त्र	N		7
मन्त्रलय	N		2
मन्त्रलाय	N		3
मन्त्रायल	N		2
मन्त्राल	N		4
मन्त्रालय	N	S	14
मन्त्रालयमातहत	N		2
मन्त्रालयल	N		5
मन्त्रि	N		5
मन्त्रिपरिषद	N		7
मन्त्रिमण्डल	N		6
मन्त्री	N	S	12
मन्त्रीजी	N		2
मन्त्रीज्यू	N		6
मन्त्रीद्वय	N		2
मन्त्रीपरिषद	N		6
मन्त्रीमण्डल	N		5
मन्थन	N		4
मन्थली	N		6
मन्दि	N		3
मन्दिर	N	S	13
मन्दी	N		6
मन्दीर	N		3
मन्सुर	N		3
मन्सुरी	N		3
ममता	N		7
ममि	N		4
ममी	N		3
मम्मी	N		3
मयुर	N		3
मरण	N		4
मरहठ्ठा	N		3
मराङ	N		3
मरासिनी	N		5
मरिक	N		2
मरिच	N		5
मरिचमान	N		2
मरियम	N		3
मरुभूमि	N		6
मरुभूमी	N		2
मरूभूमि	N		3
मरे	N		5
मर्केल	N		3
मर्चवार	N		5
मर्चेन्ट	N		5
मर्ज	N		4
मर्जर	N		7
मर्जी	N		3
मर्द	N		3
मर्न	N		4
मर्म	N	S	9
मर्मत	N		7
मर्मतसम्भार	N		3
मर्यादा	N		6
मर्यादाक्रम	N		3
मर्यादापालक	N		3
मर्स्याङ्दी	N		3
मर्हजन	N		2
मल	N	S	11
मलंगवा	N		5
मलखाद	N		2
मलङ्गवा	N		3
मलद्वार	N		4
मलमास	N		4
मलमूत्र	N		2
मलहोत्रा	N		3
मलाइका	N		3
मलामी	N		6
मलाला	N		2
मलिक	N		3
मलिका	N		3
मलेखु	N		2
मलेरिया	N		2
मलेशिया	N		7
मलेसिया	N		10
मल्कवाङ	N		2
मल्टिप्लेक्स	N		3
मल्टिमिडिया	N		2
मल्म	N		3
मल्ल	N	S	10
मल्लकाल	N		3
मल्लाज	N		2
मल्लाह	N		3
मल्लिक	N		3
मल्होत्रा	N		4
मशाल	N		3
मशिन	N		2
मष्टा	N		2
मष्तिष्क	N		5
मष्तिस्क	N		3
मसला	N		7
मसाज	N		3
मसानघाट	N		3
मसान्त	N		7
मसान्तसम्म	N		4
मसाल	N		5
मसिन	N		4
मसी	N		4
मस्क	N		4
मस्कट	N		4
मस्को	N		7
मस्जिद	N		7
मस्त	N		2
मस्तिष्क	N		8
मस्तिष्कघात	N		2
मस्तिस्क	N		4
मस्ती	N		3
मस्या	N		2
मस्यौदा	N		6
मस्र्याङ्दी	N		4
मह	N		6
महँगी	N		5
महंगी	N		4
महङ्गी	N		2
महत	N		6
महतरा	N		2
महता	N		2
महतारा	N		3
महतो	N		6
महत्ता	N		2
महत्तो	N		2
महत्त्व	N		5
महत्व	N		5
महत्वकांक्षा	N		3
महत्वाकांक्षा	N		4
महन्त	N		2
महन्थ	N		3
महमारी	N		2
महर	N		4
महरा	N		7
महरेज	N		2
महर्जन	N		8
महल	N		8
महशुल	N		4
महसुल	N		2
महाअधिवेशन	N		4
महाअभियान	N		5
महाअभियोग	N		6
महाअष्टमी	N		2
महाकवि	N		4
महाकाली	N		8
महाकाव्य	N		5
महाकुम्भ	N		2
महागुरु	N		3
महाचैत्य	N		2
महाजन	N		5
महात्मा	N		3
महाथिर	N		2
महादेव	N		9
महादेवस्थान	N		3
महादेश	N		4
महाद्वीप	N		3
महाधिबेशन	N		5
महाधिबेसन	N		2
महाधिवशेन	N		3
महाधिवेश	N		3
महाधिवेशन	N		11
महाधिवेसन	N		3
महानगर	N		10
महानगरपलिका	N		2
महानगरपालिका	N		9
महानगरपालीका	N		3
महानगरबासी	N		3
महानगरवासी	N		4
महानता	N		3
महानरपालिका	N		2
महानवमी	N		4
महानायक	N		2
महानिरीक्षक	N	S	9
महानिर्देशक	N		7
महानिर्देशनालय	N		4
महानुभाव	N		6
महानुभावहरु	N		4
महान्याधिवक्ता	N		2
महान्यायाधिवक्ता	N		6
महान्यायाधिवक्ताज्यू	N		2
महान्यायाधीवक्ता	N		2
महापुराण	N		3
महापुरुष	N		3
महापूजा	N		2
महाप्रबन्धक	N		5
महाबौद्ध	N		2
महाभारत	N		7
महाभारा	N		3
महाभियोग	N		5
महाभुकम्प	N		5
महाभूकम्प	N		5
महामन्त्री	N	S	8
महामहिम	N		3
महामारि	N		5
महामारी	N	S	11
महायज्ञ	N		6
महारथी	N		2
महाराज	N		7
महाराजगंज	N		5
महाराजगञ्ज	N		6
महाराजगन्ज	N		4
महाराजा	N		5
महारानी	N		6
महाराष्ट्र	N		4
महालक्ष्मी	N		3
महालेखा	N		5
महालेखापरीक्षक	N		2
महावाणिज्यदूतावास	N		2
महाविद्यालय	N		4
महाविधेशन	N		2
महाविपत्ति	N		2
महाविहार	N		3
महावीर	N		3
महाव्याधि	N		5
महाशक्ति	N		2
महाशाखा	N	S	11
महाशिला	N		3
महाशिवरात्रि	N		3
महाशिवरात्री	N		3
महासँघ	N		3
महासंकट	N		2
महासंघ	N	S	11
महासघ	N		3
महासघं	N		2
महासङघ	N		3
महासङ्घ	N		8
महासचिव	N	S	10
महासन्धि	N		5
महासन्धी	N		2
महासभा	N		6
महासमिति	N		5
महासरस्वती	N		2
महासागर	N		8
महासेठ	N		4
महासेनानी	N		2
महि	N		3
महिन	N		3
महिना	N	S	14
महिनाबारी	N		2
महिनावारी	N		5
महिनौ	N		2
महिनौँ	N		3
महिनौं	N		3
महिन्द्रा	N		3
महिमा	N		6
महिला	N	S	13
महिषासुर	N		2
महीना	N		9
महेन्द्र	N		9
महेन्द्रनगर	N		8
महेन्द्रपुल	N		3
महेश	N		4
महेशपुर	N		2
महेश्वर	N		3
महोतरी	N		2
महोत्तरी	N		8
महोत्वस	N		2
महोत्सब	N		5
महोत्सव	N	S	11
महोदय	N		4
माँग	N		2
मांग	N		2
मांशपेशी	N		5
मांसपेशि	N		2
मांसपेशी	N		5
माअोवादी	N		2
माइक	N		6
माइकल	N		3
माइक्रो	N		5
माइक्रोफाइनान्स	N		4
माइक्रोफोन	N		3
माइक्रोबस	N		5
माइक्रोसफ्ट	N		7
माइजू	N		2
माइत	N		4
माइति	N		3
माइतिघर	N		2
माइती	N		8
माइतीघर	N		6
माइन्ड	N		2
माइन्डफुलनेस	N		2
माइल	N		3
माइलस्टोन	N		2
माइला	N		2
माइली	N		3
माइलेज	N		2
माइसंसार	N		3
माइस्थान	N		2
माई	N		5
माईखोला	N		2
माईती	N		3
माउ	N		3
माउते	N		3
माउन्ट	N		4
माउन्टेन	N		2
माउरिन्हो	N		2
माउस	N		4
माओ	N		5
माओत्से	N		2
माओत्सेतुङ	N		2
माओबादि	N		2
माओबादी	N		6
माओवाद	N		5
माओवादी	N	S	13
माकुरा	N		4
माकुरो	N		0
माके	N		3
माक्र्स	N		4
माक्र्सवाद	N		6
माक्र्सवादी	N		4
माक्स	N		2
माखिम	N		2
मागअनुसार	N		2
मागपत्र	N		4
मागसहित	N		2
मागहरु	N		4
मागहरू	N		4
मागिए	N		2
मागे	N		5
माग्न	N		3
माघ	N		8
माघी	N		5
माघेसंक्रान्ति	N		2
माङसेबुङ	N		2
माछा	N	S	8
माछापालन	N		4
माछापुच्छ्रे	N		3
माछापोखरी	N		3
माछामासु	N		3
माछो	N		0
माझफाँट	N		2
माझि	N		4
माझी	N		7
माझे	N		2
माटा	N		5
माटो	N		9
माडी	N		8
माडीवासी	N		2
माण्डवी	N		3
मातहत	N		7
मातहात	N		3
माता	N		4
मातातीर्थ	N		4
मातापिता	N		4
माताहत	N		2
मातृका	N		2
मातृत्व	N		2
मातृभाषा	N		6
मातृभुमि	N		2
मातृभूमि	N		6
मातृभूमी	N		2
मात्र	N		5
मात्रा	N		5
मात्रै	N		5
माथि	N		9
माथी	N		4
माथेमा	N		3
मादल	N		4
मादी	N		3
मादुरो	N		3
मादेन	N		2
माद्री	N		2
माधव	N	S	8
माधवजी	N		4
माधवी	N		2
माधुरी	N		3
माधोपुर	N		2
माध्य	N		2
माध्यम	N	S	10
माध्यमिक	N		2
माध्ययम	N		4
माध्याम	N		4
मानक	N		7
मानचित्र	N		2
मानदेव	N		2
माननीय	N		6
माननीयज्यू	N		3
मानन्धर	N		7
मानपदवी	N		2
मानबहादुर	N		2
मानव	N	S	11
मानवअधिकार	N		4
मानवअधिकारकर्मी	N		3
मानवअधिकारवादी	N		2
मानवजाति	N		6
मानवजाती	N		3
मानवजीवन	N		3
मानवता	N		6
मानवबस्ती	N		2
मानवशास्त्र	N		3
मानवाधिकार	N		2
मानविकी	N		4
मानवी	N		2
मानस	N		2
मानसपटल	N		2
मानसम्मान	N		2
मानसरोवर	N		4
मानसिकता	N		6
मानहरू	N		2
मानहानी	N		2
मानहुँकोट	N		2
माना	N		2
मानि	N		2
मानिए	N		3
मानिस	N	S	13
मानीस	N		4
मानुङकोट	N		2
मानुषी	N		3
माने	N		6
मानेभञ्ज्याङ	N		2
मान्छे	N	S	12
मान्न	N		2
मान्म	N		3
मान्यजन	N		6
मान्यता	N	S	10
मापदण्ड	N	S	11
मापन	N		6
माफिया	N		9
माफी	N		3
माबि	N		5
माबी	N		2
मामला	N		6
मामा	N		7
मामाघर	N		4
मामिला	N	S	9
मामु	N		4
माया	N		9
मायाँ	N		3
मायादेवी	N		4
मायाप्रीति	N		2
मायाप्रेम	N		5
मायालु	N		3
मारवाडी	N		2
मारिए	N		3
मारिया	N		3
मारी	N		3
मारुनी	N		2
मारे	N		5
मार्क	N		5
मार्कल	N		3
मार्कसिट	N		2
मार्केट	N		7
मार्केटर	N		2
मार्केटरहरू	N		3
मार्केटिंग	N		5
मार्केटिङ	N		5
मार्कोस	N		2
मार्क्स	N		4
मार्क्सवाद	N		4
मार्क्सवादी	N		2
मार्ग	N	S	10
मार्गचित्र	N		4
मार्गदर्शक	N		2
मार्गदर्शन	N		7
मार्गनिर्देशन	N		4
मार्च	N		8
मार्जिन	N		3
मार्ट	N		7
मार्टम	N		2
मार्टिन	N		3
मार्टिनेज	N		3
मार्तडी	N		6
मार्न	N		4
मार्फत	N		3
मार्फा	N		4
मार्बल	N		2
मार्शल	N		3
मार्स	N		2
मार्सल	N		2
मार्से	N		4
मार्सेलो	N		3
माल	N		7
मालढुंगा	N		3
मालती	N		2
मालदिभ्स	N		4
मालपोत	N		6
मालसामान	N		3
माला	N	S	8
मालाखेती	N		3
मालारानी	N		3
मालिक	N	S	10
मालिका	N		4
मालिकार्जुन	N		2
मालिक्नी	N		2
मालिनी	N		2
मालिश	N		2
माली	N		6
मालु	N		2
माले	N		8
मालेन	N		2
मालेपाटन	N		3
मालेमावाद	N		2
मालोर्का	N		3
माल्टा	N		5
माल्दिभ्स	N		7
माल्भिका	N		2
मावली	N		2
मावि	N		11
मावी	N		5
मासाचुसेट्स	N		2
मासिए	N		2
मासिक	N		6
मासिन	N		2
मासु	N	S	9
मास्क	N	S	8
मास्के	N		5
मास्टर	N		6
मास्टरकार्ड	N		3
मास्टर्स	N		2
माहामारी	N		6
माहुरी	N		4
माहोल	N		6
माहौल	N		4
माेरङ	N		3
मिका	N		3
मिक्लाजुङ	N		3
मिक्स	N		2
मिचे	N		2
मिचेल	N		2
मिजार	N		4
मिजास	N		3
मिजौरी	N		2
मिट	N		4
मिटर	N	S	12
मिटरब्याज	N		5
मिटरब्याजी	N		5
मिटिङ	N		6
मिठाइ	N		4
मिठाई	N		5
मिठास	N		2
मिडटाउन	N		2
मिडफिल्ड	N		2
मिडफिल्डर	N		4
मिडल्याण्ड	N		2
मिडवाइफ	N		2
मिडिया	N	S	14
मिडियाकर्मी	N		4
मित	N		3
मितव्ययिता	N		2
मिति	N	S	12
मितेरी	N		2
मित्तल	N		2
मित्याल	N		3
मित्र	N	S	9
मित्रता	N		6
मित्रपार्क	N		2
मित्रराष्ट्र	N		7
मिथक	N		7
मिथिला	N		5
मिथिलाञ्चल	N		3
मिथुन	N		4
मिनट	N		3
मिनभवन	N		3
मिना	N		4
मिनाप	N		2
मिनामिनो	N		2
मिनाहा	N		2
मिनिट्रक	N		3
मिनेट	N	S	9
मिनेसोटा	N		2
मिन्ह	N		3
मिया	N		4
मियाँ	N		4
मियामी	N		4
मियो	N		3
मिरर	N		7
मिरिक	N		2
मिरुना	N		3
मिर्गाैला	N		3
मिर्गौला	N		6
मिर्गौलो	N		0
मिर्च	N		2
मिर्चैया	N		6
मिर्जा	N		2
मिर्मिरे	N		4
मिलन	N		7
मिलनचोक	N		4
मिलर	N		2
मिलहरु	N		2
मिलाउन	N		4
मिलाए	N		4
मिलान	N		7
मिलाप	N		4
मिलापत्र	N		4
मिलिग्राम	N		2
मिलिमिटर	N		3
मिलियन	N		3
मिलिलिटर	N		2
मिले	N		5
मिलेमतो	N		4
मिलोमतो	N		3
मिल्काए	N		2
मिल्न	N		2
मिल्स	N		5
मिशन	N		6
मिश्र	N		8
मिश्रण	N		7
मिश्रा	N		4
मिस	N		3
मिसन	N		7
मिसाइल	N		7
मिसाए	N		2
मिसावट	N		5
मिसिए	N		3
मिसिगन	N		3
मिसिन	N		3
मिसिल	N		5
मिस्त्री	N		5
मिहिनेत	N		6
मिहेनत	N		3
मीटर	N		2
मीडिया	N		2
मीत	N		0
मीनभवन	N		2
मीना	N		4
मीनेन्द्र	N		3
मीरा	N		3
मुआब्जा	N		3
मुइज्जु	N		2
मुकाम	N		5
मुकारुङ	N		3
मुकुट	N		2
मुकुन	N		2
मुकुन्दे	N		2
मुकेश	N		4
मुक्तक	N		6
मुक्तककार	N		3
मुक्तकमैया	N		2
मुक्तान	N		3
मुक्ति	N		5
मुक्तिनाथ	N		8
मुख	N	S	11
मुखपत्र	N		3
मुखर्जी	N		5
मुखिया	N		6
मुख्यद्वार	N		2
मुख्यमन्त्री	N	S	12
मुख्यमन्त्रीज्यू	N		2
मुख्यसचिव	N		7
मुख्यालय	N		7
मुगा	N		2
मुगाबे	N		3
मुगावे	N		3
मुगु	N		8
मुग्लिङ	N		2
मुग्लिन	N		6
मुचुल्का	N		3
मुछिए	N		3
मुजफ्फरपुर	N		2
मुजेलिया	N		2
मुटु	N		11
मुटुरोग	N		6
मुटुरोगी	N		3
मुठभेड	N		4
मुठी	N		2
मुठ्ठी	N		2
मुड	N		5
मुडभरी	N		2
मुडा	N		2
मुडिकुवा	N		2
मुडे	N		2
मुढा	N		5
मुदी	N		2
मुद्दती	N		2
मुद्दा	N	S	11
मुद्धा	N	S	8
मुद्रण	N		3
मुद्रा	N	S	10
मुद्राकोष	N		2
मुद्रास्फीति	N		5
मुद्वा	N		2
मुन	N		4
मुना	N		6
मुनाफा	N		6
मुनामदन	N		2
मुनाल	N		2
मुनि	N		6
मुनी	N		5
मुन्टो	N		0
मुन्दडा	N		2
मुन्दुम	N		2
मुन्धुम	N		4
मुन्ना	N		2
मुभमेन्ट	N		4
मुभिज	N		4
मुभी	N		2
मुमा	N		3
मुम्बइ	N		4
मुम्बई	N		9
मुरलीधर	N		3
मुरारका	N		3
मुरिएटा	N		2
मुर्गिया	N		2
मुर्ति	N		5
मुर्ती	N		2
मुर्मु	N		3
मुर्मू	N		3
मुल	N		4
मुलक	N		6
मुलधार	N		3
मुलपानी	N		4
मुलर	N		3
मुला	N		6
मुलु	N		4
मुलुक	N	S	14
मुलुकवासी	N		3
मुलुुक	N		3
मुलूक	N		2
मुल्मी	N		2
मुल्य	N		6
मुल्यमान्यता	N		3
मुल्यांकन	N		3
मुल्याङ्कन	N		3
मुसर्रफ	N		3
मुसलमान	N		6
मुसहर	N		6
मुसा	N		9
मुसिकोट	N		5
मुसीकोट	N		2
मुसो	N		2
मुस्कान	N		5
मुस्किल	N		2
मुस्कुराए	N		2
मुस्तफा	N		2
मुस्ताङ	N		11
मुस्ताङी	N		2
मुस्ताङ्ग	N		2
मुस्लिम	N	S	8
मुहान	N		10
मुहार	N		6
मुहूर्त	N		2
मुुलुक	N		5
मूनि	N		2
मूर्ख	N		4
मूर्खता	N		2
मूर्ति	N	S	9
मूर्तिकला	N		3
मूर्तिकार	N		2
मूर्तिपूजा	N		2
मूर्ती	N		2
मूल	N	S	9
मूलढोका	N		2
मूलधार	N		5
मूलपानी	N		3
मूलमन्त्र	N		2
मूला	N		2
मूलुक	N		5
मूल्य	N	S	11
मूल्यमान्यता	N		7
मूल्यवृद्धि	N		6
मूल्यांकन	N		6
मूल्याङ्कन	N	S	8
मृग	N		5
मृगौला	N		6
मृतक	N	S	11
मृत्तक	N		2
मृत्यु	N	S	11
मृत्युदण्ड	N		5
मृत्युदर	N		4
मृर्गौला	N		2
मेकअप	N		5
मेकर	N		5
मेकर्स	N		2
मेकिङ	N		2
मेक्सिको	N		8
मेगन	N		2
मेगा	N		3
मेगावाट	N		5
मेगाहर्ज	N		5
मेघन	N		4
मेघना	N		3
मेघालय	N		2
मेघाहर्ज	N		2
मेघौली	N		2
मेची	N		6
मेचीनगर	N		7
मेचे	N		3
मेजर	N		3
मेटलाइफ	N		3
मेटा	N		5
मेटाउन	N		2
मेटाए	N		2
मेटिए	N		2
मेट्न	N		2
मेट्रो	N		3
मेडल	N		2
मेडिकल	N		6
मेडिसिटी	N		4
मेडिसिन	N		4
मेथड	N		2
मेथी	N		2
मेनका	N		2
मेनकाजी	N		3
मेनन	N		3
मेनपावर	N		6
मेनु	N		7
मेनुका	N		4
मेनू	N		5
मेनेजमेन्ट	N		2
मेनेजर	N		4
मेन्डी	N		3
मेन्याङ्बो	N		2
मेमोरियल	N		4
मेमोरी	N		4
मेम्बर	N		3
मेयर	N	S	13
मेयरकप	N		2
मेरा	N		0
मेरिट	N		3
मेरियट	N		2
मेरिल्याण्ड	N		3
मेरी	N		2
मेरील्याण्ड	N		2
मेरुदण्ड	N		3
मेरूदण्ड	N		2
मेरै	N		0
मेरो	N		0
मेल	N		6
मेलबर्न	N		5
मेलबेट	N		4
मेलमिलाप	N		6
मेलमिलापकर्ता	N		4
मेलम्ची	N		8
मेलवर्न	N		3
मेला	N	S	9
मेलानिया	N		2
मेलिना	N		2
मेलो	N		2
मेलौली	N		4
मेल्लेख	N		3
मेवा	N		5
मेशिन	N		8
मेशीन	N		2
मेसिन	N	S	11
मेसिनरी	N		4
मेसी	N		7
मेसु	N		3
मेसुके	N		3
मेसेज	N		4
मेसेन्जर	N		4
मेस्सी	N		8
मेहता	N		4
मेहनत	N		6
मेहेता	N		2
मेहेनत	N		4
मै	N		4
मैतिदेवी	N		4
मैतीदेवी	N		2
मैत्री	N		2
मैथिली	N		4
मैथुन	N		2
मैदा	N		4
मैदान	N	S	12
मैन	N		0
मैनबत्ती	N		2
मैना	N		5
मैनापोखर	N		3
मैनाली	N		6
मैया	N		2
मोक्तान	N		5
मोचन	N		2
मोजा	N		2
मोजाम्बिक	N		4
मोजिबुल्लाह	N		3
मोटर	N	S	8
मोटरबाटो	N		6
मोटरसाइक	N		2
मोटरसाइकल	N	S	11
मोटरसाइल	N		2
मोटरसाईकल	N		7
मोटर्स	N		6
मोटाइ	N		2
मोटाए	N		3
मोटोकर्प	N		3
मोटोपन	N		5
मोटोपना	N		5
मोटोरोला	N		2
मोडर्ना	N		2
मोडल	N	S	9
मोडलिङ	N		6
मोडहरू	N		2
मोडालिटी	N		4
मोडिए	N		2
मोडे	N		2
मोडेर्ना	N		3
मोडेल	N	S	8
मोड्युल	N		4
मोड्रिच	N		2
मोतिपुर	N		4
मोतिबिन्दु	N		2
मोतियाबिन्दु	N		2
मोतियाविन्दु	N		2
मोतिहारी	N		4
मोती	N		3
मोतीराम	N		5
मोतीहारी	N		3
मोदी	N	S	10
मोदीखोला	N		2
मोदीजी	N		3
मोना	N		3
मोनालिसा	N		2
मोनिका	N		2
मोनिटर	N		2
मोफसल	N		6
मोबाइल	N	S	10
मोबाईल	N		5
मोरंग	N		3
मोरक्को	N		6
मोरङ	N		9
मोरङ्ग	N		3
मोराटा	N		2
मोरिन्हो	N		2
मोरिस	N		2
मोरिसन	N		2
मोरी	N		3
मोरोक्को	N		5
मोर्गन	N		3
मोर्चा	N	S	10
मोर्चाबन्दी	N		3
मोर्टस	N		2
मोलमोलाइ	N		2
मोले	N		2
मोल्ड	N		4
मोवाइल	N		6
मोवाईल	N		4
मोशा	N		3
मोसुल	N		2
मोसो	N		0
मोस्टबेट	N		3
मोह	N		7
मोहडा	N		3
मोहन	N		3
मोहनपुर	N		2
मोहनशमशेर	N		4
मोहना	N		3
मोहनी	N		2
मोहन्याल	N		2
मोहमद	N		2
मोहम्मद	N		4
मोहम्मदी	N		2
मोही	N		5
मोहोडा	N		2
मौका	N	S	8
मौजा	N		3
मौज्दात	N		5
मौनता	N		6
मौनी	N		2
मौरिसस	N		2
मौरी	N		6
मौरीपालन	N		5
मौलाना	N		2
मौलापुर	N		4
मौलिकता	N		6
मौलिकपन	N		3
मौषम	N		4
मौसम	N		9
मौसमविद	N		2
मौसमविद्हरु	N		2
मौसुफ	N		3
म्पर्क	N		2
म्बन्ध	N		2
म्याक	N		7
म्याकबुक	N		2
म्याकोस	N		2
म्याक्रों	N		4
म्याक्रोन	N		4
म्याक्स	N		4
म्याक्सवेल	N		2
म्याक्सिम	N		3
म्यागजिन	N		6
म्यागेजिन	N		4
म्याग्दी	N		9
म्याग्देली	N		4
म्याग्नेसियम	N		2
म्याङलुङ	N		2
म्याच	N		7
म्याट	N		4
म्याटिस	N		3
म्याडम	N		2
म्याडिसन	N		2
म्याड्रिड	N		7
म्याद	N		4
म्यादी	N		3
म्यान	N		4
म्यानचेस्टर	N		4
म्यानपावर	N		7
म्यानमार	N		8
म्यानहटन	N		2
म्यानहट्टन	N		2
म्यानुअल	N		3
म्यानेजमेन्ट	N		7
म्यानेजर	N	S	9
म्यान्चेष्टर	N		2
म्यान्डेट	N		3
म्यान्मा	N		5
म्यान्मार	N		6
म्याप	N		3
म्याप्स	N		2
म्याम	N		3
म्याराडोना	N		6
म्याराथन	N		5
म्याराथुन	N		2
म्यासेज	N		8
म्यासेन्जर	N		3
म्युजिक	N		5
म्युजियम	N		5
म्युनिक	N		2
म्युनिख	N		7
म्यूजिक	N		4
म्वाइँ	N		0
म्हेपी	N		2
यक्सो	N		2
यज्ञ	N		6
यज्ञनिधि	N		2
यज्ञराज	N		3
यता	N		6
यति	N		8
यतिबेला	N		3
यती	N		7
यतै	N		3
यत्ति	N		6
यथार्थ	N		8
यथार्थता	N		5
यथास्थिति	N		5
यदाकदा	N		0
यन्त्र	N		9
यन्त्रण	N		2
यमदूत	N		2
यमन	N		7
यमपञ्चक	N		3
यमराज	N		4
यमलोक	N		2
यमी	N		3
यमुना	N		4
यरूशलेम	N		5
यर्थाथ	N		2
यश	N		4
यशराज	N		2
यशैया	N		2
यशोदा	N		2
यस	N		11
यसपाली	N		2
यसप्रकार	N		3
यसबेला	N		2
यसरी	N		0
यसर्थ	N		0
यसवर्ष	N		3
यसै	N		7
यसैवर्ष	N		3
यसो	N		0
यस्कारण	N		0
यस्ता	N		5
यस्तो	N		4
यहा	N		6
यहाँ	N	S	11
यहां	N		4
यहाा	N		2
यहि	N		3
यही	N		6
यहीँ	N		3
यहीं	N		3
यहुदी	N		3
यहूदा	N		4
यहूदी	N		2
यहोवा	N		4
याइए	N		3
याउन	N		3
याए	N		5
याकूब	N		3
याक्खा	N		3
याख्खा	N		2
याङ	N		5
याचना	N		2
याडिया	N		2
यातना	N	S	8
यातयात	N		3
यातायात	N	S	12
यात्रा	N	S	13
यात्री	N		8
यात्रु	N	S	11
याद	N		7
यादब	N		4
यादव	N		9
यान	N		8
यान्छी	N		4
यान्त्रिकरण	N		3
यान्त्रिकीकरण	N		2
यान्त्रीकरण	N		2
यापन	N		4
याफ्टिङ	N		2
याम	N		4
यामाहा	N		4
याम्दी	N		3
यायोक्खा	N		3
यार्ड	N		3
यार्सा	N		2
याली	N		5
यावा	N		2
यासोक	N		2
याहु	N		2
याेजना	N		4
यिन	N		8
यिनिहरु	N		3
यिनी	N		4
यिनै	N		4
यी	N		4
यीनिहरु	N		2
यीनीहरु	N		3
युआन	N		4
युआरएल	N		3
युइएफए	N		2
युएइ	N		6
युएई	N		8
युएन	N		4
युएनएफपिए	N		2
युएनडिपी	N		3
युएनडीपी	N		3
युएसए	N		4
युएसएआइडी	N		2
युएसएड	N		3
युएससीआईएस	N		3
युके	N		7
युक्रेन	N		9
युक्रेनी	N		4
युग	N	S	13
युगाण्डा	N		3
युगान्डा	N		6
युगोस्लाभिया	N		4
युगौं	N		2
युजर	N		2
युजी	N		2
युटिएल	N		2
युटुब	N		4
युटुव	N		2
युट्युब	N		6
युट्युबर	N		4
युट्युव	N		5
युट्यूब	N		2
युथ	N		3
युद्द	N		3
युद्ध	N	S	12
युद्धपोत	N		4
युद्धविराम	N		5
युद्व	N		3
युधिष्ठिर	N		3
युनाइटेड	N		8
युनाईटेड	N		5
युनान	N		2
युनिका	N		2
युनिट	N		10
युनिटी	N		4
युनिफर्म	N		2
युनिभर्स	N		4
युनिभर्सिटि	N		3
युनिभर्सिटी	N		8
युनियन	N	S	11
युनिलिभर	N		2
युनिसेफ	N		6
युनेस्को	N		4
युपी	N		3
युबा	N		2
युभेन्टस	N		7
युभेन्ट्स	N		7
युरिया	N		2
युरो	N		4
युरोकप	N		4
युरोजोन	N		2
युरोप	N		12
युरोलोजी	N		2
युवक	N	S	10
युवति	N		5
युवती	N	S	11
युवराज	N		6
युवा	N	S	12
युवापुस्ता	N		6
युवायुवती	N		7
युवावर्ग	N		4
युवावस्था	N		4
युवाशक्ति	N		2
युवासंघ	N		3
युसुफ	N		2
यूआरएल	N		2
यूईएफए	N		2
यूएइ	N		2
यूएई	N		8
यूएन	N		3
यूएनएचसीआर	N		2
यूएनडीपी	N		4
यूके	N		7
यूक्रेन	N		5
यूग	N		4
यूजर	N		2
यूजर्स	N		3
यूट्युब	N		2
यूट्यूब	N		3
यूद्ध	N		3
यूनाइटेड	N		2
यूनिट	N		6
यूनिभर्सिटी	N		4
यूनियन	N		6
यूनिसेफ	N		2
यूपी	N		2
यूरो	N		4
यूरोप	N		6
यूवती	N		4
यूवा	N		4
यूहन्ना	N		2
येचौ	N		2
येन	N		3
येशु	N		3
येशू	N		7
यो	N		4
योग	N		7
योगदान	N	S	9
योगदानकर्ता	N		4
योगपीठ	N		2
योगफल	N		3
योगमाया	N		2
योगाभ्यास	N		2
योगासन	N		2
योगि	N		2
योगिता	N		2
योगी	N		5
योगेश	N		3
योग्य	N		5
योग्यता	N		7
योङहाङ	N		2
योजन	N		3
योजना	N	S	13
योजनाकार	N		6
योञ्जन	N		4
योद्धा	N		6
योनि	N		3
योनी	N		4
योन्जन	N		3
योरुम	N		2
योर्क	N		3
यौगिक	N		2
यौन	N		8
यौनकर्मी	N		5
यौनकार्य	N		2
यौनसम्पर्क	N		4
यौनसम्बन्ध	N		3
यौनहिंसा	N		4
यौनांग	N		2
यौनाङ्ग	N		2
यौनिकता	N		4
यौवन	N		3
रँको	N		0
रंग	N	S	10
रंगकर्मी	N		4
रंगमञ्च	N		6
रंगरोगन	N		3
रंगशाला	N		8
रंगाशाला	N		2
रंगिए	N		2
रंगेली	N		6
रंगोली	N		2
रअ	N		3
रकम	N	S	12
रकमान्तर	N		2
रकेट	N		8
रक्तअल्पता	N		2
रक्तचन्दन	N		2
रक्तचाप	N		6
रक्तदाता	N		5
रक्तदान	N		6
रक्तनली	N		5
रक्तपात	N		2
रक्तश्राव	N		2
रक्तसञ्चार	N		4
रक्तस्राव	N		3
रक्तिम	N		2
रक्षक	N		7
रक्षा	N		9
रक्षापंक्ति	N		2
रक्षाबन्धन	N		2
रक्षामन्त्रालय	N		4
रक्षामन्त्री	N		6
रक्सि	N		3
रक्सी	N	S	8
रक्सौल	N		6
रखाल	N		2
रगंशाला	N		2
रगत	N	S	10
रग्बी	N		3
रघुगंगा	N		2
रङ	N	S	10
रङ्ग	N		8
रङ्गमञ्च	N		4
रङ्गशाला	N		5
रचना	N	S	8
रचनात्मकता	N		2
रचिए	N		2
रचे	N		3
रछ्यान	N		2
रजनी	N		4
रजनीकान्त	N		5
रजस्वला	N		3
रजहर	N		3
रजिष्टर	N		2
रजिष्टार	N		4
रजिष्ट्रार	N		6
रजिस्ट्रार	N		4
रजोनिवृत्ति	N		2
रजौटा	N		2
रज्जाक	N		2
रञ्जन	N		4
रञ्जना	N		4
रञ्जित	N		3
रञ्जितकार	N		3
रञ्जिता	N		2
रञ्जु	N		2
रटान	N		2
रड	N		4
रण	N		3
रणनिति	N		2
रणनीति	N	S	10
रणबीर	N		3
रणवीर	N		5
रण्डो	N		0
रतन	N		4
रतन्छा	N		2
रति	N		3
रतुवामाई	N		2
रत्न	N	S	8
रत्ननगर	N		5
रत्नपार्क	N		6
रत्नबहादुर	N		2
रत्नेचौर	N		3
रत्यौली	N		3
रथ	N		7
रथयात्रा	N		4
रथी	N		3
रन	N		7
रनरअप	N		3
रनरेट	N		3
रनवे	N		5
रनावत	N		2
रनौत	N		2
रन्जिता	N		2
रन्थनिए	N		2
रपुनजेल	N		2
रफ्तार	N		5
रबर	N		5
रबाडा	N		2
रबि	N		4
रबिना	N		2
रबैया	N		2
रमजान	N		2
रमझम	N		3
रमदैया	N		2
रमा	N		4
रमाइलो	N		5
रमाईलो	N		3
रमाउन	N		2
रमाए	N		4
रमिता	N		3
रमिते	N		2
रमिला	N		3
रमेश	N		5
रम्तेल	N		3
रम्भा	N		3
रयाली	N		2
रवाफ	N		2
रवि	N		9
रविन	N		3
रविना	N		3
रविन्द्र	N		2
रविशंकर	N		2
रवी	N		3
रवीन्द्र	N		3
रवैया	N		6
रशिला	N		2
रश्मी	N		2
रस	N		8
रसाइली	N		4
रसाईली	N		3
रसाए	N		2
रसायन	N		8
रसिक	N		3
रसिद	N		5
रसिया	N		8
रसुवा	N		8
रसुवागढी	N		6
रसेल	N		3
रस्मि	N		2
रस्साकस्सी	N		4
रहँदा	N		5
रहदा	N		2
रहन	N		5
रहनसहन	N		5
रहना	N		2
रहनेहरु	N		3
रहनेहरू	N		2
रहमान	N		4
रहर	N		7
रहस्य	N	S	9
रहिम	N		2
रहे	N		8
रहेकाहरु	N		6
रहेकाहरू	N		5
रहेकाे	N		2
राँगा	N		5
राँगो	N		3
राइ	N		4
राइट	N		4
राइट्स	N		2
राइड	N		3
राइडर	N		5
राइडर्स	N		5
राइन	N		3
राइनोज	N		4
राइफल	N		4
राइफल्स	N		2
राइस	N		3
राई	N	S	11
राईन	N		2
राउटर	N		7
राउटे	N		7
राउण्ड	N		5
राउत	N		9
राउन्ड	N		4
राकेश	N		3
राक्षस	N		7
राक्सिराङ	N		3
राखिए	N		5
राखी	N		3
राखे	N		6
राखेप	N		7
राख्न	N		7
राग	N		3
राघव	N		2
राज	N		6
राजकर्णिकार	N		2
राजकाज	N		3
राजकिशोर	N		3
राजकुमार	N		7
राजकुमारी	N		6
राजगद्दी	N		2
राजतन्त्र	N		8
राजथला	N		2
राजदरबार	N		5
राजदुत	N		6
राजदुताबास	N		4
राजदुतावास	N		6
राजदूत	N	S	12
राजदूताबास	N		2
राजदूतावास	N		8
राजधानि	N		3
राजधानी	N	S	12
राजधानीबासी	N		4
राजधानीवासी	N		4
राजन	N		6
राजनिति	N		6
राजनिती	N		5
राजनीति	N		11
राजनीतिक	N		5
राजनीतिकरण	N		4
राजनीतिकर्मी	N		6
राजनीतिज्ञ	N		8
राजनीतिशास्त्र	N		2
राजनीतीकरण	N		3
राजनेता	N		7
राजपत्र	N		5
राजपथ	N		2
राजपरिवार	N		6
राजपा	N		9
राजपाक्षे	N		2
राजपुत	N		4
राजपुर	N		4
राजपूत	N		4
राजबंशी	N		3
राजबाहक	N		3
राजबिराज	N		3
राजभण्डारी	N		5
राजभाट	N		2
राजमार्ग	N	S	13
राजमो	N		4
राजवंश	N		3
राजवंशी	N		4
राजविराज	N		7
राजश्व	N		6
राजसंस्था	N		5
राजस्थान	N		8
राजस्व	N		6
राजा	N	S	13
राजापाक्ष	N		2
राजापाक्षे	N		4
राजापानी	N		2
राजापुर	N		5
राजामौली	N		2
राजारानी	N		5
राजावादी	N		7
राजिनामा	N		2
राजिव	N		2
राजी	N		2
राजीना	N		2
राजीनामा	N		6
राजीव	N		3
राजु	N		8
राजेन्द्र	N		6
राजेन्द्रमान	N		2
राजेश	N		5
राजेशपायल	N		2
राजोपाध्याय	N		2
राज्य	N	S	14
राज्यकोष	N		4
राज्यपक्ष	N		3
राज्यपाल	N		2
राज्यप्रणाली	N		2
राज्यमन्त्री	N	S	9
राज्यव्यवस्था	N		5
राज्यशक्ति	N		2
राज्यसंयन्त्र	N		3
राज्यसत्ता	N		7
राज्यसभा	N		4
राज्याभिषेक	N		2
राठी	N		3
राठौर	N		4
राडार	N		4
राडी	N		2
राणा	N	S	12
राणाकाल	N		4
राणाशासन	N		3
रात	N	S	12
रातमाटे	N		2
रातामाटा	N		4
राति	N		6
राती	N		5
रातो	N		4
रातोपाटी	N		7
रातोमाटे	N		2
रातोमाटो	N		2
रात्रि	N		3
रात्रिभोज	N		4
रात्री	N		2
रात्रीभोज	N		2
राधा	N		5
राधाकृष्ण	N		4
राधिका	N		4
राधे	N		3
राना	N		6
रानाभाट	N		4
रानामगर	N		3
रानी	N	S	12
रानीघाट	N		2
रानीपानी	N		3
रानीपोखरी	N		7
रानीपौवा	N		2
रानीमहल	N		3
रानीवन	N		2
रानु	N		2
राप	N		3
रापताप	N		3
राप्ती	N		5
राप्तीसोनारी	N		3
राप्रपा	N		10
राम	N		7
रामकुमारी	N		3
रामकृष्ण	N		2
रामग्राम	N		3
रामघाट	N		4
रामचन्द्र	N		4
रामचन्द्रजी	N		3
रामजी	N		3
रामदाम	N		2
रामदेव	N		4
रामधुनी	N		4
रामनगर	N		4
रामनवमी	N		3
रामपाल	N		2
रामपुर	N		8
रामप्यारी	N		2
रामप्रसाद	N		3
रामबजार	N		4
रामबहादुर	N		4
रामबाबु	N		3
राममन्दिर	N		2
राममाया	N		3
रामरेखा	N		2
रामशंकर	N		2
रामशाहपथ	N		4
रामाफोसा	N		2
रामायण	N		7
रामारोशन	N		3
रामिरेज	N		3
रामी	N		4
रामीडाँडा	N		2
रामु	N		2
रामेछाप	N		8
रामोस	N		3
राम्चे	N		3
राम्दी	N		3
राम्ररी	N		0
राम्रा	N		2
राम्रै	N		2
राम्रो	N		5
राय	N	S	9
रायन	N		2
रायमाझि	N		2
रायमाझी	N		6
राया	N		2
रारा	N		7
रारामार्ट	N		3
राव	N		5
रावण	N		5
रावत	N		6
रावल	N		6
राशि	N	S	8
राशिद	N		3
राशिफल	N		4
राशी	N		7
राष्ट	N		3
राष्टपति	N		2
राष्ट्र	N	S	11
राष्ट्रकवि	N		4
राष्ट्रगान	N		2
राष्ट्रघात	N		4
राष्ट्रघाती	N		3
राष्ट्रनिर्माण	N		3
राष्ट्रपति	N	S	13
राष्ट्रपतिज्यू	N		4
राष्ट्रपती	N		3
राष्ट्रप्रमुख	N		5
राष्ट्रप्रेम	N		2
राष्ट्रबैंक	N		7
राष्ट्रभाषा	N		3
राष्ट्रवाद	N		7
राष्ट्रवादी	N		5
राष्ट्रसंघ	N		8
राष्ट्रसङ्घ	N		5
राष्ट्रसेवक	N		3
राष्ट्रसेवा	N		2
राष्ट्रहित	N		4
राष्ट्राध्यक्ष	N		6
राष्ट्रिय	N		2
राष्ट्रियता	N		6
राष्ट्रियसभा	N		7
राष्ट्रियस्तर	N		4
रासन	N		2
रासफोर्ड	N		2
रासस	N		7
रास्कोटी	N		2
रास्ट्र	N		5
रास्ट्रपति	N		2
रास्वपा	N		9
राहत	N		6
राहदानी	N		5
राहात	N		2
राहु	N		3
राहुघाट	N		3
राहुल	N		5
राेग	N		2
राेजगारी	N		2
राेल्पा	N		2
रिंग	N		3
रिकभरी	N		4
रिकेल्मे	N		2
रिक्तता	N		5
रिक्सा	N		7
रिगल	N		3
रिङ	N		3
रिङरोड	N		2
रिचर्ड	N		4
रिचार्ज	N		3
रिचार्जर	N		4
रिजन	N		3
रिजर्भ	N		4
रिजल्ट	N		4
रिजवान	N		3
रिजाल	N		6
रिजोलुसन	N		2
रिट	N		7
रिटर्न	N		2
रिट्रीट	N		2
रिठेडाँडा	N		2
रिड	N		3
रिडर	N		4
रिडिङ	N		2
रिडी	N		4
रिता	N		3
रितिरिवाज	N		2
रितेश	N		2
रित्तिए	N		2
रिना	N		2
रिन्कु	N		2
रिन्पोछे	N		3
रिपब्लिक	N		6
रिपब्लिकन	N		7
रिपो	N		2
रिपोर्ट	N	S	9
रिपोर्टर	N		5
रिपोर्टिङ	N		4
रिपोर्टिङ्ग	N		2
रिब्दीकोट	N		2
रिभ्यु	N		2
रिम	N		3
रिमा	N		4
रिमाइन्डर	N		2
रिमाल	N		5
रिमेक	N		2
रिमोट	N		4
रिम्पोछे	N		2
रियल	N		8
रियलमी	N		2
रिया	N		5
रियाज	N		2
रियाद	N		6
रियाल	N		5
रियालिटी	N		2
रियाशा	N		2
रियो	N		3
रिर्पोट	N		6
रिर्सोट	N		3
रिल	N		3
रिलायन्स	N		5
रिलिज	N		5
रिलीज	N		2
रिले	N		2
रिलेसनसिप	N		2
रिस	N		5
रिसर्च	N		6
रिसाए	N		3
रिसाल	N		4
रिसोर्ट	N		11
रिस्क	N		2
रिहाइ	N		4
रिहाई	N		2
रीता	N		2
रीति	N		2
रीतिरिवाज	N		5
रीना	N		3
रुंगटा	N		2
रुइत	N		3
रुकुम	N		9
रुकुमकोट	N		3
रुकुमपश्चिम	N		3
रुकुमपूर्व	N		4
रुख	N	S	10
रुघा	N		4
रुघाखोकी	N		8
रुचाइए	N		3
रुचाए	N		4
रुचाल	N		3
रुचि	N		7
रुची	N		5
रुझान	N		4
रुट	N		8
रुदाने	N		2
रुद्ध	N		2
रुद्र	N		3
रुद्राक्ष	N		4
रुनी	N		3
रुप	N	S	8
रुपनी	N		3
रुपन्देहि	N		2
रुपन्देही	N		9
रुपयाँ	N		2
रुपा	N		5
रुपाकोट	N		2
रुपाखेती	N		2
रुपान्तर	N		3
रुपान्तरण	N		5
रुपियाँ	N		7
रुपेन्देही	N		2
रुपेन्द्र	N		2
रुपेश	N		4
रुपैँया	N		5
रुपैंया	N		5
रुपैंयाँ	N		4
रुपैडिहा	N		2
रुपैया	N		6
रुपैयाँ	N		10
रुपैयाँबराबर	N		2
रुप्से	N		2
रुबिना	N		2
रुबी	N		2
रुम	N		8
रुमलिए	N		2
रुमाल	N		3
रुम्बा	N		3
रुवाइ	N		3
रुवाए	N		2
रुवाण्डा	N		4
रुवान्डा	N		3
रुवी	N		2
रुस	N		9
रुसो	N		2
रुस्दी	N		3
रूकुम	N		3
रूख	N		9
रूचि	N		3
रूट	N		4
रूप	N	S	10
रूपन्देही	N		7
रूपरेखा	N		3
रूपान्तरण	N		6
रूपियाँ	N		2
रूपेश	N		2
रूपैया	N		2
रूपैयाँ	N		8
रूबी	N		3
रूम	N		4
रूस	N		7
रेउले	N		2
रेकर्ड	N	S	10
रेकर्डिङ	N		3
रेकर्ड्स	N		3
रेक्टर	N		2
रेखदेख	N		4
रेखा	N	S	10
रेखांकन	N		2
रेखाङ्कन	N		2
रेखाचित्र	N		3
रेग्मि	N		2
रेग्मी	N		6
रेजर्स	N		4
रेजा	N		2
रेजिमेन्ट	N		3
रेञ्ज	N		4
रेट	N		4
रेटिङ	N		5
रेटिना	N		2
रेडक्रस	N		7
रेडपाण्डा	N		3
रेडबुल	N		2
रेडिकलहरू	N		2
रेडियन्ट	N		2
रेडियो	N	S	10
रेड्डी	N		2
रेणु	N		4
रेनशा	N		2
रेनु	N		4
रेनो	N		3
रेन्ज	N		4
रेन्जर	N		3
रेन्डर	N		2
रेफ्रि	N		3
रेफ्रिजेरेटर	N		2
रेफ्री	N		8
रेबान	N		2
रेबिज	N		3
रेमिट	N		5
रेमिटान्स	N		3
रेमिटेन्स	N		6
रेमिट्यान्स	N		7
रेम्डेसिभिर	N		2
रेयान	N		2
रेल	N	S	10
रेलमार्ग	N		7
रेलवे	N		5
रेलिगेसन	N		3
रेलिङ	N		2
रेल्वे	N		4
रेवती	N		2
रेश	N		3
रेशम	N		8
रेश्मा	N		2
रेष्टुराँ	N		3
रेष्टुरेण्ट	N		5
रेष्टुरेन्ट	N		8
रेष्ट्रो	N		2
रेस	N		5
रेसलिङ	N		2
रेसिपी	N		3
रेसियो	N		6
रेसुंगा	N		2
रेसुङ्गा	N		2
रेस्क्यु	N		2
रेस्टुराँ	N		5
रेस्टुरेन्ट	N		8
रेस्लिङ	N		2
रैंकिंग	N		3
रैछाकुले	N		3
रैती	N		5
रैथाने	N		3
रैदास	N		2
रैना	N		2
रोए	N		4
रोकथाम	N		4
रोकामगर	N		3
रोकाय	N		4
रोकाया	N		5
रोकावट	N		2
रोकिए	N		5
रोके	N		5
रोक्न	N		6
रोग	N	S	11
रोगन	N		2
रोगी	N		7
रोजगार	N	S	9
रोजगारदाता	N		8
रोजगारि	N		4
रोजगारी	N	S	11
रोजर्स	N		2
रोजा	N		3
रोजाइ	N		3
रोजाई	N		3
रोजागरी	N		4
रोजागारी	N		3
रोजीरोटी	N		3
रोजे	N		5
रोटर	N		2
रोटरी	N		3
रोटी	N		6
रोड	N		8
रोडम्याप	N		2
रोडिज	N		3
रोड्रिगो	N		2
रोथस्टेन	N		2
रोदन	N		5
रोनाल्डिन्हो	N		3
रोनाल्डो	N		7
रोनी	N		2
रोपण	N		3
रोपनी	N		5
रोपवे	N		3
रोपाइ	N		2
रोपाइँ	N		3
रोपाई	N		2
रोपाईं	N		2
रोपिए	N		2
रोपे	N		3
रोप्न	N		3
रोबट	N		2
रोबर्ट	N		3
रोबर्टो	N		2
रोबिन	N		3
रोबोट	N		7
रोबोर्ट	N		2
रोभर	N		3
रोम	N		6
रोमन	N		4
रोमा	N		6
रोमानिया	N		6
रोमान्स	N		5
रोमी	N		2
रोय	N		3
रोयटर्स	N		7
रोयल	N		3
रोयल्टी	N		6
रोयल्स	N		7
रोल	N		4
रोलक्रम	N		2
रोलर	N		3
रोल्पा	N		9
रोल्पाली	N		3
रोविन	N		2
रोशन	N		5
रोशनी	N		5
रोशी	N		3
रोष्टम	N		3
रोष्ट्रम	N		3
रोस्टम	N		2
रोहन	N		2
रोहिंग्या	N		3
रोहिणी	N		2
रोहित	N		5
रौंढो	N		0
रौतहट	N		9
रौनक	N		3
रौनियार	N		4
र्घटना	N		2
र्याक	N		2
र्याडिसन	N		2
र्याप	N		2
र्याफ्टिङ	N		2
र्याम	N		2
र्याल	N		2
र्याली	N		6
लंका	N		3
लक	N		3
लकडाउ	N		3
लकडाउन	N		9
लकान्द्री	N		2
लक्जेम्बर्ग	N		2
लक्ष	N		4
लक्षण	N	S	9
लक्ष्मण	N		4
लक्ष्मी	N		5
लक्ष्मीनारायण	N		3
लक्ष्मीपुर	N		4
लक्ष्मीपूजा	N		3
लक्ष्य	N	S	10
लखन	N		3
लखनउ	N		6
लखनऊ	N		3
लखनपुर	N		3
लखेटिए	N		3
लखेटे	N		2
लगत्तै	N		2
लगन	N		4
लगनखेल	N		5
लगनशिलता	N		2
लगनशीलता	N		4
लगाइ	N		2
लगाइए	N		4
लगाईदिए	N		2
लगाउ	N		2
लगाउन	N		7
लगाए	N		6
लगाएकाहरु	N		3
लगाएकाहरू	N		3
लगाएत	N		5
लगाएतका	N		2
लगात	N		3
लगातार	N		2
लगानि	N		3
लगानिकर्ता	N		2
लगानी	N	S	12
लगानीकर्ता	N	S	10
लगाय	N		3
लगायत	N		7
लगायतका	N		3
लगायात	N		3
लगाव	N		6
लगिए	N		3
लगुन	N		2
लगे	N		5
लगेज	N		3
लग्न	N		3
लघु	N		0
लघुकथा	N		7
लघुबित्त	N		3
लघुवित्त	N	S	11
लचकता	N		4
लचिलोपन	N		3
लछमा	N		4
लज	N		7
लट्टो	N		0
लट्ठी	N		2
लठ्ठा	N		2
लठ्ठी	N		2
लडाइ	N		5
लडाइँ	N		8
लडाई	N		7
लडाईं	N		5
लडाए	N		2
लडाकु	N		8
लडाकू	N		6
लडे	N		5
लड्न	N		5
लण्डन	N		7
लत	N		6
लता	N		5
लत्को	N		0
लत्ताकपडा	N		5
लत्याए	N		2
लद्दाख	N		4
लन	N		3
लन्च	N		3
लन्डन	N		7
लप्का	N		2
लप्सी	N		2
लप्सीफेदी	N		3
लफडा	N		4
लबिङ	N		2
लभ	N		4
लभ्लीहिल	N		2
लमजुङ	N		9
लमजुङ्ग	N		2
लमही	N		6
लम्किए	N		2
लम्की	N		6
लम्कीचुहा	N		2
लम्के	N		2
लम्जुङ	N		2
लम्पसारवाद	N		2
लम्बाइ	N		4
लम्बाई	N		2
लम्बिए	N		3
लम्ब्याए	N		2
लम्साल	N		6
लय	N		6
लर्को	N		2
ललतिपुर	N		0
ललित	N		2
ललितकला	N		4
ललितपुर	N		10
ललिता	N		3
ललितानिवास	N		2
ललिपुर	N		2
लवज	N		3
लसुन	N		6
लस्कर	N		3
लहड	N		4
लहर	N	S	10
लहरा	N		4
लहरी	N		3
लहरो	N		0
लहान	N		7
लाइक	N		2
लाइट	N		6
लाइन	N	S	12
लाइनअप	N		2
लाइन्स	N		3
लाइपजिग	N		2
लाइफ	N		6
लाइफलाइन	N		2
लाइब्रेरी	N		4
लाइभ	N		8
लाइसेन्स	N		6
लाईट	N		3
लाईन	N		8
लाईफ	N		4
लाईसेन्स	N		2
लाउन	N		4
लाउन्ज	N		2
लाउरे	N		2
लाए	N		3
लाओती	N		2
लाओस	N		6
लाक्पा	N		2
लाख	N		10
लाखे	N		3
लाखेनाच	N		2
लाखौ	N		3
लाखौँ	N		5
लाखौं	N		5
लागत	N	S	8
लागनी	N		2
लागयत	N		2
लागाए	N		2
लागायत	N		3
लागि	N		2
लागिए	N		2
लागुऔषध	N		5
लागूऔषध	N		4
लागूपदार्थ	N		3
लागे	N		6
लागेकाहरु	N		3
लागेकाहरू	N		3
लाग्न	N		5
लाङटाङ	N		2
लाचारीपन	N		2
लाज	N		5
लाजिम्पाट	N		3
लाजियो	N		6
लाञ्छना	N		2
लाटो	N		0
लाठी	N		3
लाठीचार्ज	N		2
लादे	N		2
लादेन	N		4
लापरबाही	N		6
लापरवाहि	N		2
लापरवाही	N		5
लापर्बाही	N		3
लापर्वाही	N		3
लाप्राक	N		4
लाभ	N	S	8
लाभकर	N		3
लाभग्राही	N		6
लाभहानि	N		2
लाभांश	N		6
लाम	N		3
लामखुट्टे	N		7
लामा	N	S	11
लामाचौर	N		4
लामाबगर	N		4
लामिछाने	N		9
लामीछाने	N		2
लामोसमय	N		2
लामोसाँघु	N		2
लाम्पार्ड	N		3
लायक	N		2
लायन	N		3
लायन्स	N		4
लायन्सचोक	N		2
लार्के	N		2
लार्भा	N		2
लाल	N		4
लालच	N		3
लालचन	N		2
लालझाडी	N		2
लालनपालन	N		3
लालपुर्जा	N		3
लालबन्दी	N		5
लालबहादुर	N		4
लालबाबु	N		3
लालमटिया	N		3
लालसा	N		3
लालाबाला	N		2
लालीगुराँस	N		3
लालु	N		4
लावती	N		3
लाश	N		6
लास	N		8
लाहान	N		3
लाहुरे	N		6
लाहोर	N		5
लिंक	N		8
लिंकन	N		4
लिंक्डइन	N		2
लिंग	N		6
लिंगी	N		2
लिइए	N		2
लिए	N		6
लिएकाहरु	N		3
लिएकाहरू	N		2
लिक	N		3
लिखत	N		6
लिखु	N		2
लिग	N	S	10
लिगल	N		2
लिगलिगकोट	N		2
लिगा	N		5
लिगेसी	N		2
लिङदेन	N		4
लिङ्क	N		7
लिङ्ग	N		5
लिङ्गदेन	N		2
लिङ्गी	N		4
लिङ्गो	N		2
लिङ्देन	N		5
लिची	N		3
लिच्छविकाल	N		4
लिच्छवीकाल	N		2
लिज	N		3
लिजेन्ड	N		2
लिटर	N		8
लिडर	N		6
लिडरसिप	N		2
लिड्स	N		4
लिदी	N		2
लिन	N		8
लिनक्स	N		2
लिपस्टिक	N		2
लिपि	N		7
लिपी	N		3
लिपुलेक	N		6
लिप्सा	N		3
लिफ्ट	N		7
लिबाङ	N		2
लिबिया	N		4
लिभर	N		2
लिभरपुल	N		8
लिभरपूल	N		4
लिभिङ	N		2
लिमिटेड	N		8
लिमी	N		3
लिमीटेड	N		2
लिम्घा	N		2
लिम्पियाधुरा	N		7
लिम्बु	N		6
लिम्बुवान	N		4
लिम्बू	N	S	8
लिम्वु	N		2
लिया	N		4
लियोन	N		6
लियोनार्दो	N		2
लियोनी	N		3
लिलाम	N		2
लिलामी	N		4
लिवाङ	N		4
लिविया	N		4
लिष्ट	N		2
लिस्ट	N		4
लिस्नो	N		0
लिस्बन	N		4
लीग	N		5
लीला	N		4
लुइँटेल	N		6
लुइटेल	N		4
लुइस	N		4
लुईंटेल	N		2
लुईटेल	N		3
लुकाउन	N		3
लुकाए	N		4
लुकाकु	N		3
लुके	N		3
लुक्स	N		5
लुगा	N	S	10
लुगो	N		0
लुजियाना	N		2
लुटतन्त्र	N		3
लुटपाट	N		3
लुटिए	N		3
लुटे	N		2
लुटेरा	N		5
लुतो	N		0
लुधियाना	N		2
लुन्डस्ट्रम	N		2
लुब्रिकेन्ट	N		2
लुभु	N		2
लुमन्ती	N		2
लुम्पेक	N		2
लुम्बिनी	N		12
लुम्ले	N		2
लुम्विनी	N		3
लुलाङ	N		3
लुहार	N		4
लेआउट	N		3
लेक	N		7
लेकम	N		2
लेकसाइड	N		5
लेकाली	N		2
लेखक	N	S	12
लेखन	N		9
लेखनाथ	N		5
लेखनी	N		5
लेखपोखरा	N		2
लेखहरु	N		2
लेखहरू	N		5
लेखा	N		5
लेखाइ	N		6
लेखाई	N		2
लेखाए	N		3
लेखापरिक्षण	N		2
लेखापरीक्षक	N		2
लेखापरीक्षण	N		5
लेखापाल	N		6
लेखासमिति	N		2
लेखिए	N		3
लेखी	N		3
लेखे	N		5
लेख्न	N		6
लेग	N		3
लेगानेस	N		2
लेगुवा	N		2
लेजर	N		3
लेटर	N		2
लेटाङ	N		5
लेते	N		2
लेदर	N		2
लेदो	N		5
लेन	N		7
लेनदेन	N		9
लेनिन	N		6
लेनिनवाद	N		3
लेन्स	N		7
लेप्चा	N		3
लेबनान	N		7
लेबर	N		3
लेबल	N		8
लेभल	N		6
लेभी	N		2
लेयर	N		2
लेले	N		2
लेल्यान्ड	N		3
लेवनान	N		2
लेवल	N		4
लेवा	N		2
लेवान्डोस्की	N		4
लेविस	N		2
लेवी	N		2
लेस्टर	N		6
लैङ्गिकता	N		3
लैजान	N		5
लैनचौर	N		6
लोक	N		6
लोककथा	N		2
लोककला	N		2
लोकगीत	N		8
लोकतन्त्र	N		10
लोकतन्त्रवादी	N		4
लोकतान्त्रिक	N		6
लोकतान्त्रिकरण	N		3
लोकदोहोरी	N		4
लोकन्थली	N		2
लोकप्रियता	N		7
लोकप्रियादेवी	N		2
लोकबहादुर	N		4
लोकभाका	N		2
लोकमान	N		4
लोकमार्ग	N		8
लोकरामायण	N		2
लोकलाज	N		2
लोकसंस्कृति	N		3
लोकसभा	N		3
लोकसाहित्य	N		2
लोकसेवा	N		6
लोकस्टार	N		2
लोकहित	N		2
लोकान्तर	N		4
लोकेन्द्र	N		3
लोकेशन	N		2
लोकेश्वर	N		2
लोकेसन	N		3
लोगो	N		6
लोग्ने	N		6
लोग्नेमान्छे	N		3
लोड	N		4
लोडर	N		2
लोडसेडिङ	N		6
लोथर	N		2
लोध	N		3
लोनिया	N		2
लोपेज	N		3
लोपेटेगी	N		3
लोप्चन	N		3
लोभ	N		6
लोभिए	N		2
लोमान्थाङ	N		4
लोरी	N		2
लोसपा	N		8
लोहनी	N		5
लोहार	N		3
लोहिया	N		2
लौका	N		3
लौको	N		0
लौरा	N		2
लौरी	N		2
लौरो	N		3
ल्याइए	N		4
ल्याउन	N		6
ल्याए	N		6
ल्याण्ड	N		2
ल्यान्ड	N		2
ल्यान्डर	N		3
ल्यापटप	N		8
ल्याब	N	S	8
ल्याव	N		6
ल्वाङ	N		3
ल्हासा	N		4
ल्हो	N		2
ल्होछार	N		4
ल्होत्से	N		3
ल्होसार	N		6
वंश	N		8
वंशज	N		7
वंशल	N		2
वंशावली	N		3
वकालत	N		3
वकिल	N	S	9
वकील	N		6
वक्तव्य	N		9
वक्ता	N		7
वक्षस्थल	N		2
वचत	N		3
वचन	N		7
वच्चा	N		2
वजन	N		4
वजार	N		5
वजे	N		4
वजेट	N		5
वज्राचार्य	N		4
वटा	N		8
वटी	N		0
वडा	N	S	14
वडाअध्यक्ष	N	S	8
वडाकार्यालय	N		2
वडाध्यक्ष	N	S	12
वडापत्र	N		2
वडाबासी	N		5
वडावासी	N		4
वडासदस्य	N		3
वढि	N		3
वढी	N		3
वताए	N		3
वती	N		4
वनक्षेत्र	N		5
वनजंगल	N		4
वनजङ्गल	N		3
वनभित्र	N		2
वनभोज	N		3
वनस्पति	N		8
वनहरु	N		2
वनाउन	N		2
वनाए	N		2
वनारस	N		2
वने	N		3
वनेम	N		2
वन्त	N		3
वन्दना	N		3
वन्यजन्तु	N	S	9
वमोजिम	N		2
वयस्क	N		6
वयान	N		5
वर	N		0
वरदान	N		5
वरपर	N		4
वराल	N		3
वराहक्षेत्र	N		3
वरिपरि	N		4
वरिपरी	N		3
वरियता	N		5
वरियताक्रम	N		2
वरिष्ठ	N		3
वरिष्ठता	N		5
वरीपरी	N		2
वरीयता	N		4
वरुण	N		3
वर्क	N		4
वर्कर	N		3
वर्कशप	N		3
वर्कसप	N		6
वर्खा	N		2
वर्ग	N	S	13
वर्गफिट	N		2
वर्गमिटर	N		2
वर्गसंघर्ष	N		2
वर्गसङ्घर्ष	N		2
वर्गीकरण	N		6
वर्चस्व	N		3
वर्डप्रेस	N		3
वर्ण	N		7
वर्णन	N		7
वर्णमाला	N		3
वर्णवाल	N		2
वर्तमान	N		8
वर्दिया	N		2
वर्मा	N		4
वर्ल्ड	N		4
वर्ल्डलिंक	N		3
वर्ल्डलिङ्क	N		3
वर्ष	N	S	14
वर्षगाँठ	N		4
वर्षदिन	N		4
वर्षभरी	N		3
वर्षमान	N		3
वर्षा	N		8
वर्षात	N		4
वर्षाद	N		3
वर्षायाम	N		5
वर्षाै	N		2
वर्षाैं	N		2
वर्षे	N		2
वर्षौ	N		3
वर्षौँ	N		3
वर्षौं	N		4
वर्षौंदेखि	N		2
वल	N		5
वलात्कार	N		2
वली	N		7
वल्भ्स	N		2
वल्र्ड	N		4
वल्र्डलिंक	N		2
वशिष्ठ	N		4
वसन्त	N		6
वसन्तपुर	N		5
वसन्ती	N		4
वस्ति	N		2
वस्ती	N		8
वस्तु	N	S	11
वस्तुतः	N		0
वस्तुभाउ	N		2
वस्तुस्थिति	N		4
वस्त्र	N		5
वस्नेत	N		3
वहस	N		5
वहा	N		5
वहाँ	N		10
वहां	N		2
वहाव	N		3
वहिनी	N		3
वहुमत	N		2
वाइडबडी	N		4
वाइडेन	N		3
वाइन	N		4
वाइन्स्टिन	N		2
वाइप	N		2
वाइबा	N		3
वाइवा	N		3
वाइसिएल	N		4
वाइसीएल	N		2
वाईफाई	N		2
वाईबा	N		3
वाईवा	N		2
वाईसीएल	N		3
वाक	N		4
वाकयुद्ध	N		2
वाकर	N		3
वाकाथन	N		2
वाक्य	N		9
वाक्यांश	N		6
वागमती	N		3
वाग्नर	N		2
वाग्मती	N		4
वाग्लुङ	N		3
वाग्ले	N		6
वाङ	N		5
वाङचुक	N		2
वाङ्मय	N		5
वाच	N		8
वाचक	N		2
वाचन	N		5
वाचा	N		5
वाजपेयी	N		3
वाटमोर	N		3
वाटर	N		3
वाटो	N		3
वाड	N		3
वाढी	N		2
वाणगंगा	N		3
वाणिज्य	N		4
वाणी	N		8
वातवरण	N		2
वाताबरण	N		2
वातारण	N		2
वातावरण	N	S	11
वात्सल्य	N		2
वात्स्यायन	N		3
वाद	N		6
वादल	N		2
वादविवाद	N		5
वादी	N		7
वाद्यवादन	N		3
वाध्यता	N		6
वान	N		5
वानेश्वर	N		3
वान्तवा	N		2
वापत	N		2
वामगठबन्धन	N		4
वामगठवन्धन	N		2
वामदेव	N		5
वामन	N		2
वामपन्थ	N		2
वामपन्थी	N		7
वायु	N		6
वायुमण्डल	N		3
वायुयान	N		2
वायुसेना	N		3
वायुसेवा	N		5
वार	N		4
वारदात	N		3
वारा	N		2
वाराणसी	N		2
वारि	N		2
वारियर्स	N		3
वारी	N		3
वारे	N		3
वारेन	N		2
वारेन्टी	N		3
वार्ड	N	S	8
वार्डरोब	N		2
वार्डेन	N		2
वार्ता	N	S	10
वार्ताकार	N		2
वार्ताटोली	N		3
वार्तालाप	N		6
वार्न	N		2
वार्नर	N		3
वार्षिकोत्सव	N		5
वाल	N		6
वालक	N		2
वालपेपर	N		3
वालबालिका	N		2
वालमार्ट	N		3
वालवालिका	N		6
वाला	N		4
वालि	N		3
वालिका	N		4
वालिङ	N		7
वाली	N		4
वालुवा	N		2
वालुवाटार	N		3
वालेट	N		9
वाल्टन	N		2
वाल्मीकि	N		2
वाल्यकाल	N		3
वावु	N		2
वाशिंगटन	N		3
वाशिङटन	N		2
वाशिङ्टन	N		2
वास	N		3
वासना	N		3
वासलात	N		3
वासस्थान	N		4
वासि	N		3
वासिंगटन	N		3
वासिंटन	N		2
वासिङटन	N		3
वासिङ्टन	N		5
वासिन्दा	N		6
वासी	N		5
वासुदेव	N		3
वास्तव	N		2
वास्तविकता	N		8
वास्तु	N		2
वास्तुकला	N		5
वास्तुशास्त्र	N		2
वास्तोला	N		3
वाहक	N		4
वाहन	N		6
वाहिर	N		3
वाहिरिए	N		2
वाहेक	N		2
विंग	N		2
विउ	N		3
विक	N		7
विकट	N		2
विकटता	N		4
विकल	N		2
विकल्प	N	S	8
विकार	N		6
विकाश	N		5
विकास	N	S	14
विकासकर्ता	N		5
विकासक्रम	N		6
विकासनिर्माण	N		2
विकासन्युज	N		2
विकासमन्त्री	N		2
विकासवाद	N		2
विकिपिडिया	N		2
विकिरण	N		7
विकीरण	N		2
विकृति	N	S	9
विकृती	N		2
विके	N		2
विकेट	N		4
विकेन्द्रीकरण	N		4
विक्की	N		3
विक्रम	N		5
विक्रमासिंघे	N		2
विक्रि	N		4
विक्री	N		5
विक्रेता	N		9
विखण्डन	N		5
विगत	N		10
विग्रह	N		4
विघटन	N		9
विच	N		4
विचरा	N		3
विचलन	N		7
विचार	N	S	12
विचारधारा	N		8
विचित्र	N		3
विचौलिया	N		6
विच्छेद	N		5
विछोड	N		4
विजनेश	N		2
विजय	N	S	9
विजयनगर	N		3
विजयपुर	N		4
विजयादशमी	N		5
विजयी	N		4
विजयोत्सव	N		3
विजुक्छे	N		2
विजुली	N		4
विजेट	N		4
विजेता	N	S	8
विज्ञ	N	S	9
विज्ञता	N		5
विज्ञप्ति	N	S	8
विज्ञप्ती	N		3
विज्ञान	N		9
विज्ञापन	N	S	8
विज्ञापनदाता	N		4
विडम्बना	N		3
विडारी	N		4
वितरक	N		8
वितरण	N	S	12
विताए	N		2
वितृष्णा	N		4
विते	N		2
वित्त	N		6
वित्तपोषण	N		3
विदा	N		7
विदाई	N		4
विदुर	N		7
विदेश	N		10
विदेशनीति	N		2
विदेशमन्त्री	N		6
विदेशि	N		2
विदेशिए	N		3
विदेशी	N	S	10
विद्धान	N		2
विद्या	N		7
विद्याथी	N		4
विद्यापति	N		2
विद्यापीठ	N		4
विद्यायल	N		4
विद्यार्थि	N		5
विद्यार्थी	N	S	12
विद्यार्थीकाल	N		2
विद्यार्र्थी	N		2
विद्याल	N		3
विद्यालय	N	S	14
विद्यालयल	N		2
विद्यालयस्तर	N		5
विद्यावारिधि	N		3
विद्याश्रम	N		3
विद्युत	N		8
विद्युतगृह	N		4
विद्युतिकरण	N		2
विद्युतीकरण	N		5
विद्युत्गृह	N		3
विद्येयक	N		6
विद्रोह	N	S	10
विद्रोही	N	S	8
विद्वता	N		2
विद्वान	N		6
विद्वान्हरू	N		3
विद्हरु	N		2
विधयेक	N		3
विधवा	N		4
विधा	N		12
विधान	N	S	9
विधानसभा	N		3
विधायक	N		6
विधायिका	N		3
विधार्थी	N		5
विधालय	N		7
विधि	N	S	10
विधिविधान	N		3
विधिशास्त्र	N		2
विधी	N		4
विधेयक	N	S	11
विध्यार्थी	N		2
विध्यालय	N		5
विन	N		3
विनम्रता	N		3
विनय	N		3
विना	N		4
विनायक	N		4
विनाश	N		6
विनास	N		4
विनिता	N		3
विनिमय	N		2
विनियम	N		2
विनियमावली	N		3
विनियोजन	N		4
विनिर्देशहरू	N		2
विनोद	N		5
विन्टरबोर्न	N		2
विन्डो	N		5
विन्डोज	N		4
विन्दु	N		9
विन्दू	N		2
विन्यास	N		2
विपक्ष	N		8
विपक्षी	N	S	9
विपत	N		5
विपत्त	N		2
विपत्ति	N		9
विपत्ती	N		5
विपद	N		7
विपना	N		3
विपन्न	N		6
विपन्नता	N		6
विपरित	N		3
विपरीत	N		2
विपश्यना	N		2
विपि	N		3
विपिन	N		4
विपी	N		6
विप्रेषण	N		6
विप्लब	N		4
विप्लव	N	S	10
विफलता	N		3
विबाद	N		2
विबाह	N		3
विभाग	N	S	14
विभाजन	N	S	10
विभूषण	N		6
विभेद	N	S	10
विमति	N		2
विमर्श	N		4
विमल	N		4
विमला	N		4
विमली	N		2
विमस्टेक	N		3
विमा	N		6
विमान	N	S	12
विमानस्थ	N		4
विमानस्थल	N	S	13
विमानस्थाल	N		2
विमारी	N		2
विमास्थल	N		2
विमित	N		3
विमोचन	N		3
विम्ब	N		5
वियर	N		2
वियोग	N		4
वियोगी	N		2
विरगंज	N		3
विरगञ्ज	N		4
विरह	N		3
विरही	N		3
विराज	N		3
विराट	N		6
विराटचोक	N		3
विराटनगर	N		12
विराम	N		2
विरामि	N		2
विरामी	N	S	9
विरालो	N		2
विरासत	N		6
विरुद्घ	N		2
विरुद्द	N		2
विरुद्ध	N		4
विरुद्व	N		2
विरुवा	N		8
विरूद्ध	N		3
विरेन्द्र	N		4
विरोध	N	S	10
विरोधसभा	N		4
विरोधाभाष	N		2
विरोधाभास	N		5
विरोधी	N		7
विर्ता	N		4
विर्तामोड	N		5
विर्य	N		2
विर्सिए	N		2
विर्से	N		2
विल	N		3
विलास	N		2
विलासिता	N		3
विलियम	N		3
विलियम्स	N		3
विलियम्सन	N		2
विल्डर्स	N		2
विल्डिङ	N		2
विल्सन	N		2
विवरण	N	S	10
विवश	N		4
विवशता	N		4
विवाद	N	S	12
विवाह	N	S	12
विवाहपञ्चमी	N		2
विवाहित	N		2
विवि	N		3
विविधता	N		7
विविधिकरण	N		2
विविधीकरण	N		3
विवेक	N		7
विवेकशील	N		4
विवेकानन्द	N		3
विवेचना	N		2
विव्यस	N		2
विशाखापट्टनम	N		2
विशाल	N		4
विशिष्टता	N		7
विशेष	N		7
विशेषज्ञ	N	S	9
विशेषज्ञता	N		4
विशेषता	N	S	8
विशेषाधिकार	N		3
विश्कप	N		2
विश्राम	N		3
विश्रामपुर	N		3
विश्रामस्थल	N		2
विश्लेषक	N		6
विश्लेषण	N	S	8
विश्व	N		10
विश्वकप	N		9
विश्वकर्मा	N		6
विश्वदृष्टिकोण	N		3
विश्वनाथ	N		2
विश्वप्रकाश	N		3
विश्वबजार	N		2
विश्वबैंक	N		2
विश्वभरी	N		4
विश्वयुद्ध	N		5
विश्वविद्याल	N		3
विश्वविद्यालय	N	S	14
विश्वविधालय	N		3
विश्वव्यवस्था	N		2
विश्वव्यापीकरण	N		5
विश्वशान्ति	N		2
विश्वसनियता	N		3
विश्वसनीयता	N		4
विश्वामित्र	N		4
विश्वास	N	S	11
विश्वासपात्र	N		3
विश्वासी	N		4
विष	N		6
विषय	N	S	13
विषयबस्तु	N		6
विषयवस्तु	N		9
विषयविज्ञ	N		2
विषाणु	N		4
विषादी	N		7
विष्ट	N		8
विष्णु	N		6
विष्णुमती	N		2
विष्णुमाया	N		3
विष्फोट	N		5
विसंगति	N		7
विसंगती	N		3
विसङ्गति	N		5
विसर्जन	N		3
विसी	N		4
विस्ट	N		2
विस्तार	N	S	10
विस्तारवाद	N		3
विस्थापन	N		3
विस्थापित	N		6
विस्फोट	N		7
विस्फोटन	N		4
विस्मृति	N		3
विस्व	N		2
विस्वास	N		2
विहान	N		5
विहानी	N		2
विहानै	N		2
विहार	N		7
विहिन	N		2
विहिबार	N		3
विहिवार	N		3
विहीबार	N		5
विहीवार	N		2
विहे	N		3
वीच	N		3
वीणा	N		3
वीपी	N		6
वीर	N		7
वीरगंज	N		8
वीरगञ्ज	N		12
वीरगन्ज	N		11
वीरजङ्ग	N		3
वीरता	N		4
वीरबल	N		2
वीरबहादुर	N		4
वीरेन्द्र	N		7
वीरेन्द्रनगर	N		9
वीर्य	N		4
वुटवल	N		3
वुढा	N		2
वुढाथोकी	N		2
वुद्ध	N		2
वुमन	N		2
वुल्भ्स	N		2
वुवा	N		3
वुहान	N		5
वुहारी	N		2
वृक्ष	N		6
वृक्षरोपण	N		3
वृक्षारोपण	N		4
वृत	N		3
वृत्त	N		6
वृत्तचित्र	N		7
वृत्ति	N		4
वृत्तिविकास	N		3
वृद्ध	N	S	10
वृद्धभत्ता	N		3
वृद्धवृद्धा	N		9
वृद्धा	N		7
वृद्धावस्था	N		3
वृद्धाश्रम	N		5
वृद्धि	N	S	10
वृद्धिदर	N		5
वृन्दा	N		2
वृन्दावन	N		2
वृहस्पति	N		2
वेग	N		5
वेटर	N		3
वेड	N		3
वेतन	N		2
वेथिति	N		2
वेद	N		6
वेदना	N		6
वेदप्रसाद	N		2
वेदव्यास	N		2
वेदी	N		2
वेन	N		3
वेपत्ता	N		2
वेब	N		4
वेबपृष्ठहरू	N		2
वेबपेज	N		3
वेबपेजहरू	N		3
वेबसाइट	N	S	9
वेबसाईट	N		5
वेबिनार	N		3
वेभसाइट	N		3
वेयर	N		4
वेर्नर	N		3
वेल	N		3
वेला	N		5
वेलायत	N		6
वेल्जियम	N		2
वेल्वासे	N		2
वेल्स	N		6
वेवसाइट	N		5
वेवसाईट	N		2
वेवास्ता	N		3
वेश्यावृत्ति	N		2
वेस्ट	N		5
वेस्टइन्डिज	N		5
वैंक	N		4
वैक	N		4
वैकल्पिक	N		2
वैज्ञानिक	N		7
वैठक	N		8
वैदिक	N		3
वैदिककाल	N		2
वैद्य	N		7
वैद्यखाना	N		2
वैधता	N		4
वैधानिकता	N		4
वैभव	N		4
वैरागी	N		4
वैशाख	N		8
वैशाखी	N		2
वैश्य	N		3
वैष्णव	N		3
वोरा	N		2
वोर्ड	N		5
वोले	N		2
वोहरा	N		3
वोहोरा	N		2
व्यंग्य	N		4
व्यंजन	N		2
व्यक्ति	N	S	14
व्यक्तिगत	N		2
व्यक्तित्व	N	S	9
व्यक्तिविशेष	N		2
व्यक्ती	N		6
व्यग्रता	N		2
व्यङ्ग्य	N		5
व्यञ्जन	N		2
व्यञ्जनकार	N		2
व्यत्ति	N		4
व्यथा	N		7
व्यपारी	N		3
व्यबसायी	N		4
व्यबस्था	N		3
व्यबस्थापन	N		4
व्यबहार	N		3
व्यय	N		2
व्यर्थ	N		3
व्यवधान	N		6
व्यवशाय	N		2
व्यवशायी	N		3
व्यवसाय	N	S	13
व्यवसायि	N		5
व्यवसायिकता	N		4
व्यवसायी	N	S	11
व्यवसायीकरण	N		3
व्यवस्था	N	S	13
व्यवस्थान	N		4
व्यवस्थाप	N		2
व्यवस्थापक	N	S	9
व्यवस्थापन	N		11
व्यवस्थापिका	N		6
व्यवहार	N	S	12
व्यवहारिकता	N		2
व्यवासायी	N		3
व्यसायी	N		3
व्यस्तता	N		6
व्यस्थापन	N		3
व्यहोरा	N		5
व्यहोरे	N		2
व्याकरण	N		5
व्याक्टेरिया	N		2
व्याक्ति	N		5
व्याख्या	N	S	8
व्याख्यान	N		2
व्याच	N		3
व्याज	N		5
व्याजदर	N		4
व्याटिङ	N		2
व्याण्ड	N		4
व्यानर	N		3
व्यानर्जी	N		2
व्यापकता	N		2
व्यापार	N	S	11
व्यापारघाटा	N		2
व्यापारि	N		3
व्यापारी	N	S	12
व्यापारीकरण	N		4
व्यायम	N		2
व्यायाम	N	S	8
व्यायामशाला	N		3
व्यारेक	N		3
व्यारेज	N		2
व्यावसाय	N		5
व्यावसायि	N		2
व्यावसायिकता	N		4
व्यावसायी	N		8
व्यावसायीकरण	N		3
व्यावस्था	N		2
व्यावस्थापन	N		3
व्यावहारिकता	N		3
व्यास	N		4
व्युरो	N		3
व्यूरो	N		5
व्रत	N		5
व्रतबन्ध	N		2
व्रतालु	N		6
व्राण्ड	N		2
व्हाट्सएप	N		4
शंकर	N		4
शंकरपुर	N		2
शंकराचार्य	N		2
शंका	N	S	8
शंकास्पद	N		2
शंख	N		4
शंखधर	N		2
शंखमुल	N		4
शक्ति	N	S	12
शक्तिकेन्द्र	N		6
शक्तिखोर	N		3
शक्तिपिठ	N		3
शक्तिपीठ	N		5
शक्तिराष्ट्र	N		4
शक्तिशाली	N		3
शक्तिसंघर्ष	N		2
शक्ती	N		4
शगुन	N		2
शङ्कर	N		3
शङ्का	N		4
शट	N		3
शतक	N		3
शतप्रतिशत	N		2
शताब्दि	N		4
शताब्दी	N		10
शताब्दीयौं	N		2
शताव्दी	N		3
शत्र	N		6
शत्रु	N		8
शत्रुता	N		4
शनि	N		4
शनिदेव	N		3
शनिबार	N		7
शनिवार	N		5
शनिश्चरे	N		3
शपथ	N		4
शपथग्रहण	N		3
शब	N		3
शब्द	N	S	13
शब्दकोश	N		6
शब्दकोष	N		5
शब्दावली	N		7
शमशेर	N		4
शमसेर	N		2
शम्भु	N		3
शम्शेर	N		2
शयनकक्ष	N		2
शय्या	N		6
शरण	N		4
शरणार्थी	N	S	9
शरद	N		3
शरिफ	N		4
शरिर	N		6
शरीफ	N		4
शरीर	N	S	11
शर्ट	N		3
शर्त	N		7
शर्मा	N		9
शर्मिला	N		4
शर्मिष्ठा	N		2
शल्यक्रिया	N	S	8
शव	N	S	9
शवयात्रा	N		3
शव्द	N		6
शशक्तिकरण	N		2
शशांक	N		4
शशी	N		3
शसक्तिकरण	N		3
शसस्त्र	N		2
शस्त्र	N		3
शहर	N	S	14
शहरबजार	N		2
शहरीकरण	N		4
शहिद	N		4
शहीद	N		7
शाऊल	N		2
शाओमी	N		3
शाकाहारी	N		3
शाक्य	N		8
शाख	N		3
शाखा	N	S	12
शान	N		4
शान्त	N		2
शान्ता	N		4
शान्ति	N		8
शान्तिनगर	N		4
शान्तिपुर	N		4
शान्तिप्रक्रिया	N		4
शान्तिप्रिय	N		2
शान्तिबाटिका	N		2
शान्तिवाटिका	N		2
शान्तिवार्ता	N		2
शान्तिसम्झौता	N		2
शान्तिसुरक्षा	N		3
शान्ती	N		3
शाफ्ट	N		3
शामी	N		2
शारजाह	N		2
शारदा	N		5
शालिक	N		6
शालिकराम	N		2
शालिग्राम	N		2
शालिन	N		3
शालीनता	N		2
शाश्वतधाम	N		2
शासक	N		9
शासकवर्ग	N		2
शासन	N		9
शासनकाल	N		6
शासनप्रणाली	N		2
शासनसत्ता	N		3
शास्त्र	N		8
शास्त्रार्थ	N		2
शास्त्री	N		5
शाह	N	S	12
शाहजादा	N		3
शाहरुख	N		6
शाहरूख	N		3
शाहा	N		3
शाहि	N		4
शाहिद	N		2
शाही	N		8
शिकागो	N		3
शिकार	N		6
शिकारी	N		8
शिक्ष	N		3
शिक्षक	N	S	11
शिक्षण	N		5
शिक्षणसिकाइ	N		3
शिक्षा	N	S	13
शिक्षाक्षेत्र	N		2
शिक्षादीक्षा	N		3
शिक्षामन्त्री	N		4
शिक्षालय	N		8
शिक्षाविद्हरु	N		2
शिक्षाविद्हरू	N		2
शिक्षाशास्त्र	N		2
शिक्षिका	N		6
शिख	N		3
शिखर	N	S	10
शिखा	N		2
शितल	N		3
शितलहर	N		4
शिथिलता	N		4
शिपिंग	N		2
शिफ्टर	N		2
शिबिर	N		4
शिर	N		6
शिरा	N		2
शिरिष	N		2
शिरीष	N		3
शिर्षक	N		5
शिर्षा	N		2
शिलन्यास	N		2
शिलशिला	N		2
शिला	N		5
शिलान्यास	N		4
शिलापत्र	N		4
शिलालेख	N		3
शिल्ड	N		3
शिल्प	N		6
शिल्पकार	N		4
शिल्पा	N		5
शिव	N		8
शिवकुमार	N		2
शिवचोक	N		2
शिवजी	N		4
शिवनगर	N		4
शिवपुर	N		2
शिवपुरी	N		3
शिवम	N		2
शिवमाया	N		2
शिवराज	N		5
शिवरात्रि	N		3
शिवरात्री	N		4
शिवलिंग	N		3
शिवलिङ्ग	N		2
शिवसताक्षी	N		3
शिवसेना	N		4
शिवा	N		3
शिवाकोटी	N		4
शिवालय	N		3
शिविर	N	S	12
शिवीर	N		2
शिशिर	N		3
शिशु	N	S	10
शिशुवा	N		2
शिष्य	N		4
शीत	N		4
शीतभण्डार	N		5
शीतयुद्ध	N		4
शीतल	N		3
शीतलनिवास	N		4
शीतलहर	N		4
शीर	N		3
शीर्ष	N		3
शीर्षक	N	S	9
शीर्षनेता	N		5
शीर्षस्थान	N		2
शीला	N		2
शुक्र	N		4
शुक्रकीट	N		2
शुक्रबार	N		8
शुक्रराज	N		3
शुक्रवार	N		5
शुक्राचार्य	N		2
शुक्ल	N		3
शुक्लपक्ष	N		2
शुक्ला	N		3
शुक्लागण्डकी	N		3
शुक्लाफाँटा	N		3
शुटिङ	N		3
शुद्धता	N		4
शुद्धिकरण	N		3
शुद्धीकरण	N		6
शुद्र	N		3
शुन्य	N		6
शुभकामना	N		4
शुभकार्य	N		3
शुभचिन्तक	N		9
शुभजन्मोत्सव	N		2
शुभसाइत	N		2
शुभारम्भ	N		4
शुभेच्छा	N		4
शुभेच्छुक	N		8
शुरक्षा	N		3
शुरु	N		7
शुरुआत	N		4
शुरुवात	N		6
शुरू	N		5
शुरूआत	N		2
शुरूवात	N		2
शुल्क	N	S	11
शुसासन	N		3
शूटर	N		2
शूद्र	N		2
शून्य	N		8
शून्यता	N		5
शृंखला	N		7
शृंगार	N		3
शृङ्खला	N		8
शृङ्गार	N		3
शेक्सपियर	N		3
शेख	N		6
शेखर	N		3
शेट्टी	N		4
शेयर	N	S	9
शेयरधनी	N		7
शेयरबजार	N		3
शेयरिङ	N		2
शेर	N		4
शेरचन	N		5
शेरधन	N		3
शेरपुञ्जा	N		2
शेरबहादुर	N		3
शेरबहादुरजी	N		3
शेरा	N		3
शेर्पा	N	S	9
शेर्मा	N		3
शेली	N		3
शेल्फ	N		3
शेष	N		3
शेषनाग	N		2
शैंया	N		2
शैक्षिकसत्र	N		3
शैतान	N		7
शैया	N		5
शैय्या	N		4
शैलि	N		5
शैली	N	S	12
शैलुङ	N		6
शो	N	S	12
शोक	N		6
शोककाव्य	N		2
शोकसभा	N		2
शोध	N		5
शोधकर्ता	N		3
शोभराज	N		4
शोभा	N		4
शोरुम	N		5
शोरूम	N		2
शोषण	N		6
शौचालय	N	S	12
श्यया	N		3
श्याम	N		4
श्रद्धा	N		5
श्रद्धाञ्जली	N		3
श्रद्धालु	N		5
श्रम	N		7
श्रमजीवी	N		5
श्रमदान	N		5
श्रमबजार	N		3
श्रममन्त्री	N		2
श्रमशक्ति	N		3
श्रमिक	N	S	11
श्रमीकहरु	N		2
श्रवण	N		4
श्रवणकुमार	N		2
श्रव्यदृश्य	N		2
श्रष्टा	N		5
श्राद्ध	N		4
श्राप	N		4
श्राफ	N		5
श्रावण	N		3
श्रिमान	N		2
श्री	N		5
श्रीअन्तु	N		2
श्रीकृष्ण	N		5
श्रीदेवी	N		5
श्रीनगर	N		4
श्रीनिवास	N		3
श्रीपञ्चमी	N		2
श्रीपाली	N		3
श्रीपुर	N		3
श्रीपेच	N		3
श्रीमति	N		6
श्रीमती	N	S	12
श्रीमान	N	S	9
श्रीराम	N		2
श्रीलंका	N		9
श्रीलङ्का	N		8
श्रीवास्तव	N		4
श्रीवृद्धि	N		3
श्रीष	N		3
श्रीस	N		3
श्रृंखला	N	S	10
श्रृंगला	N		2
श्रृंगार	N		3
श्रृखंला	N		2
श्रृखला	N		3
श्रृङखला	N		2
श्रृङ्खला	N		6
श्रृजना	N		4
श्रेणी	N		8
श्रेणीकरण	N		2
श्रेया	N		3
श्रेष्ट	N		2
श्रेष्ठ	N	S	12
श्रेष्ठता	N		2
श्रोत	N	S	8
श्रोता	N		9
श्लोक	N		5
श्वास	N		4
श्वासनली	N		2
श्वासप्रश्वास	N		4
श्वेतपत्र	N		4
श्वेता	N		6
षडयन्त्र	N		8
षडानन्द	N		3
षड्यन्त्र	N	S	8
षष्ठी	N		2
सँग	N		3
सँगठन	N		2
सँगीत	N		2
सँगै	N		3
सँग्रह	N		2
सँघ	N		3
सँधै	N		2
सँस्करण	N		2
सँस्कार	N		2
सँस्कृति	N		5
सँस्था	N		7
संंघ	N		2
संकट	N	S	10
संकटकाल	N		3
संकटा	N		6
संकरण	N		2
संकलक	N		4
संकलन	N		8
संकल्प	N		7
संकाय	N		8
संकीर्णता	N		2
संकुचन	N		5
संकृति	N		2
संकेत	N	S	10
संक्रमण	N	S	10
संक्रमणकाल	N		4
संक्रमति	N		2
संक्रमित	N	S	9
संक्रान्ति	N		5
संखुवासभा	N		7
संख्या	N	S	10
संग	N		3
संगठक	N		2
संगठन	N	S	12
संगत	N		5
संगम	N		5
संगाले	N		3
संगित	N		6
संगिता	N		2
संगीत	N	S	11
संगीतकर्मी	N		4
संगीतकार	N		7
संगीता	N		3
संग्रह	N	S	8
संग्रहालय	N		9
संग्राम	N		3
संग्रालय	N		3
संग्राहलय	N		4
संग्रौला	N		5
संघ	N	S	13
संघठन	N		3
संघर्ष	N	S	12
संघसंगठन	N		3
संघसंस्था	N		9
संघसस्था	N		7
संघाई	N		3
संघार	N		3
संघियता	N		5
संघीयता	N		8
संचरना	N		2
संचार	N		5
संचारकर्मी	N		6
संचारमाध्यम	N		7
संचाल	N		2
संचालक	N		7
संचालन	N		7
संचिता	N		2
संचिति	N		2
संचिती	N		3
संजय	N		3
संजाल	N	S	11
संजेल	N		2
संजोग	N		2
संझना	N		0
संझौता	N		5
संञ्चालन	N		3
संञ्जाल	N		2
संत्रास	N		2
संदिग्ध	N		3
संदेश	N		3
संबन्ध	N		2
संबिधान	N		6
संबिधानसभा	N		2
संबृद्धि	N		2
संबोधन	N		2
संभव	N		0
संभार	N		2
संभावना	N		6
संमृद्धि	N		3
संयन्त्र	N	S	10
संयम	N		3
संयमता	N		4
संयुक्त	N		5
संयोग	N		8
संयोजक	N	S	8
संयोजकत्व	N		2
संयोजन	N		7
संरक्ष	N		2
संरक्षक	N		6
संरक्षण	N		9
संरक्षणकर्मी	N		4
संरचना	N	S	12
संर्घष	N		3
संलग्न	N		6
संलग्नता	N		6
संवत	N		4
संवद्र्धन	N		3
संवर्द्धन	N		2
संवर्धन	N		2
संवाद	N	S	11
संवाददाता	N		6
संवाहक	N		2
संविधान	N	S	10
संविधानवाद	N		2
संविधानविपरीत	N		2
संविधानसभा	N		9
संवृद्धि	N		2
संवेग	N		5
संवेदनशिलता	N		3
संवेदनशीलता	N		5
संवेदना	N		7
संशय	N		3
संशोधन	N	S	12
संशोधनवाद	N		3
संश्लेषण	N		4
संसद	N	S	13
संसदवाद	N		2
संसद्भित्र	N		2
संसर्ग	N		3
संसाधन	N		6
संसार	N	S	12
संसारभरी	N		3
संसोधन	N		4
संस्करण	N	S	13
संस्कार	N	S	11
संस्कृत	N		5
संस्कृति	N	S	12
संस्कृतिकर्मी	N		3
संस्कृती	N		3
संस्था	N	S	14
संस्थान	N	S	11
संस्थापक	N		6
संस्थापन	N		8
संस्थापनइतर	N		2
संस्मरण	N		6
संहार	N		2
संहिता	N		5
सई	N		6
सकराती	N		2
सकस	N		4
सकाए	N		3
सकार	N		5
सकारात्मकता	N		3
सकारे	N		2
सकिए	N		4
सकृयता	N		3
सके	N		7
सक्किगोनी	N		3
सक्न	N		3
सक्रमण	N		2
सक्रान्ति	N		3
सक्रियता	N		7
सक्षम	N		3
सक्षमता	N		5
सख्खर	N		2
सख्या	N		2
सगठन	N		3
सगरमाथा	N		9
सगुन	N		5
सगोल	N		3
सघं	N		3
सघर्ष	N		3
सघाउन	N		2
सघाए	N		4
सङक्रमण	N		2
सङ्कट	N		8
सङ्कटा	N		2
सङ्कलन	N		6
सङ्कल्प	N		4
सङ्काय	N		4
सङ्केत	N		5
सङ्क्रमण	N	S	9
सङ्क्रमणकाल	N		3
सङ्क्रमित	N	S	8
सङ्क्रान्ति	N		4
सङ्खुवासभा	N		5
सङ्ख्या	N		6
सङ्ग	N		2
सङ्गठन	N	S	11
सङ्गत	N		2
सङ्गम	N		4
सङ्गीत	N		6
सङ्गीतकार	N		2
सङ्ग्रह	N		7
सङ्ग्रहालय	N		5
सङ्ग्रौला	N		2
सङ्घ	N	S	11
सङ्घर्ष	N	S	8
सङ्घसंस्था	N		8
सङ्घीयता	N		5
सचिन	N		4
सचिब	N		6
सचिव	N	S	12
सचिवज्यू	N		2
सचिवलाय	N		3
सचिवाल	N		4
सचिवालय	N		11
सचेतक	N	S	8
सचेतता	N		2
सचेतना	N		5
सच्चिन	N		2
सच्याउन	N		2
सच्याए	N		3
सजगता	N		2
सजाउन	N		2
सजाए	N		3
सजाय	N		7
सजावट	N		6
सजिए	N		3
सजिलो	N		4
सज्जन	N		6
सज्जा	N		3
सञ्चय	N		3
सञ्चयकर्ता	N		3
सञ्चयकोष	N		4
सञ्चार	N	S	9
सञ्चारकर्मी	N	S	9
सञ्चारगृह	N		7
सञ्चारजगत	N		2
सञ्चारमन्त्री	N		4
सञ्चारमाध्यम	N		11
सञ्चारमाध्याम	N		3
सञ्चाल	N		3
सञ्चालक	N	S	10
सञ्चालन	N	S	12
सञ्चिता	N		3
सञ्चिति	N		4
सञ्जय	N		5
सञ्जाल	N	S	14
सञ्जीव	N		3
सञ्जु	N		3
सञ्जेल	N		4
सञ्झ्याल	N		2
सट	N		5
सटर	N		6
सटही	N		3
सटीकता	N		2
सट्टेबाज	N		2
सट्टेबाजी	N		5
सठ्चालीस	N		0
सडक	N	S	13
सडकखण्ड	N		6
सडकपेटी	N		2
सडकमार्ग	N		2
सड़क	N		2
सड्क	N		3
सतर्कता	N		6
सतलज	N		3
सतह	N	S	11
सताए	N		3
सताब्दी	N		2
सतासी	N		0
सतीदेवी	N		4
सतुंगल	N		2
सत्कर्म	N		5
सत्कार	N		4
सत्तरी	N		0
सत्तल	N		2
सत्तहत्तर	N		0
सत्ता	N	S	11
सत्ताईस	N		0
सत्तागठबन्धन	N		7
सत्ताधारी	N		5
सत्तापक्ष	N		8
सत्तामोह	N		4
सत्तारुढ	N		2
सत्तारोहण	N		2
सत्तालिप्सा	N		2
सत्तास्वार्थ	N		3
सत्ते	N		0
सत्य	N	S	10
सत्यतथ्य	N		2
सत्यता	N	S	8
सत्यदेवी	N		2
सत्यनारायण	N		3
सत्यवती	N		4
सत्याग्रह	N		5
सत्याग्रही	N		2
सत्याल	N		3
सत्र	N	S	10
सत्रु	N		3
सत्सठी	N		0
सदन	N		10
सदभाव	N		4
सदरमुकाम	N		10
सदश्य	N		2
सदस्य	N	S	14
सदस्यता	N		7
सदस्यसचिव	N		5
सदा	N		4
सदाचार	N		5
सदाय	N		3
सदासयता	N		2
सदिना	N		2
सदुपयोग	N		5
सद्गुरु	N		2
सद्दाम	N		2
सद्भाव	N		6
सद्भावना	N		3
सधान	N		2
सधै	N		3
सधैँ	N		3
सधैं	N		3
सन	N		6
सनक	N		5
सनम	N		3
सनाखत	N		3
सनातन	N		2
सनासो	N		0
सनी	N		4
सन्चारकर्मी	N		2
सन्चारमाध्यम	N		2
सन्चालन	N		3
सन्जाल	N		7
सन्जेल	N		2
सन्त	N		6
सन्तति	N		7
सन्तती	N		5
सन्तपुर	N		2
सन्तमान	N		3
सन्ताउन्न	N		0
सन्तान	N	S	11
सन्तानब्बे	N		0
सन्तुलन	N		6
सन्तुष्टि	N		5
सन्तोष	N		6
सन्तोषी	N		2
सन्त्रास	N		6
सन्थाल	N		2
सन्दकपुर	N		2
सन्दर्भ	N	S	11
सन्दिप	N		3
सन्दीप	N		5
सन्देश	N	S	9
सन्धान	N		4
सन्धि	N	S	11
सन्धिखर्क	N		5
सन्धी	N		7
सन्ध्या	N		5
सन्नाटा	N		3
सन्नी	N		3
सन्यास	N		2
सन्सार	N		3
सप	N		5
सपथ	N		4
सपथग्रहण	N		3
सपना	N	S	13
सपरिवार	N		2
सपही	N		2
सपिङ	N		2
सपुत	N		3
सपूत	N		4
सपोर्ट	N		4
सप्तऋषि	N		2
सप्तकोशी	N		3
सप्तकोसी	N		4
सप्तमी	N		5
सप्तरी	N		11
सप्ताह	N		6
सप्ताहन्त	N		2
सप्रिए	N		2
सप्लाई	N		2
सप्लायर्स	N		7
सप्लिमेन्ट	N		2
सफल	N		3
सफलता	N	S	11
सफाइ	N		6
सफाई	N		4
सफारी	N		6
सफ्ट	N		3
सफ्टवयर	N		3
सफ्टवेयर	N	S	9
सब	N		5
सबलीकरण	N		3
सबस्टेशन	N		5
सबस्टेसन	N		6
सबाल	N		3
सबिता	N		2
सबिन	N		2
सबिना	N		2
सबेरै	N		2
सबै	N		9
सबैकुरा	N		3
सबैक्षेत्र	N		2
सबैजना	N		3
सबैजसो	N		3
सबैपक्ष	N		2
सबैला	N		2
सब्जी	N		2
सब्द	N		3
सभा	N	S	14
सभागृह	N		4
सभाध्यक्ष	N		4
सभापति	N	S	12
सभापतिजी	N		3
सभापती	N		3
सभामुख	N		9
सभामुखज्यू	N		2
सभासद	N		7
सभासद्हरु	N		3
सभासद्हरू	N		3
सभाहल	N		5
सभ्यता	N	S	10
सम	N		6
समकक्ष	N		2
समकक्षी	N		4
समग्र	N		3
समग्रता	N		3
समचार	N		4
समजी	N		2
समझ	N		5
समझदारी	N	S	10
समझदारीपत्र	N		3
समता	N		4
समति	N		4
समदूरी	N		2
समधान	N		3
समन्वय	N		7
समन्वयन	N		2
समय	N	S	14
समयअवधि	N		2
समयक्रम	N		2
समयसीमा	N		5
समयावधि	N		5
समर	N		3
समर्थक	N	S	9
समर्थन	N	S	8
समर्पण	N		6
समवेदना	N		2
समशेर	N		2
समष्टि	N		3
समस्य	N		6
समस्या	N	S	13
समाए	N		2
समागम	N		2
समाग्री	N		3
समाचार	N	S	11
समाचारदाता	N		3
समाचारपत्र	N		7
समाज	N	S	14
समाजबादी	N		4
समाजवाद	N		8
समाजवादी	N	S	11
समाजशास्त्र	N		4
समाजशास्त्री	N		2
समाजसेवा	N		8
समाजसेवी	N		6
समातिए	N		2
समाते	N		4
समात्न	N		2
समाधन	N		2
समाधान	N	S	10
समाधि	N		2
समाधिस्थल	N		3
समान	N		6
समानता	N		7
समानान्तर	N		3
समानुपातिक	N		6
समापन	N		3
समाप्ति	N		3
समाप्ती	N		3
समायोजन	N	S	9
समायोजना	N		2
समारोह	N	S	10
समाले	N		2
समालोचक	N		4
समालोचना	N		5
समावेश	N		2
समावेशिता	N		4
समावेशी	N		5
समावेशीकरण	N		4
समावेशीता	N		4
समिकरण	N		5
समिक्षक	N		3
समिक्षा	N		5
समिट	N		5
समित	N		4
समिति	N	S	14
समिती	N	S	9
समिर	N		4
समिश्रण	N		3
समीकरण	N		7
समीक्षक	N		6
समीक्षा	N	S	8
समीती	N		2
समीप	N		4
समीर	N		5
समुदाय	N	S	14
समुदायस्तर	N		6
समुद्र	N		10
समुन्द्र	N		5
समुन्नति	N		3
समुह	N	S	12
समुुदाय	N		3
समूदाय	N		8
समूह	N	S	14
समृद्धि	N	S	11
समृद्धी	N		3
समृद्वि	N		3
समेटिए	N		2
समेटे	N		3
समेत	N		7
सम्झना	N		7
सम्झाए	N		3
सम्झिए	N		3
सम्झे	N		4
सम्झौता	N	S	12
सम्झौतापत्र	N		2
सम्धी	N		3
सम्पति	N		6
सम्पती	N		4
सम्पत्ति	N	S	10
सम्पत्ती	N		4
सम्पदा	N	S	9
सम्पदास्थल	N		2
सम्पन्न	N		3
सम्पन्नता	N		6
सम्पर्क	N	S	9
सम्पादक	N	S	9
सम्पादकीय	N		2
सम्पादन	N		7
सम्पुर्ण	N		4
सम्पूर्ण	N		6
सम्पूर्णता	N		3
सम्प्रदाय	N		7
सम्प्रभुता	N		4
सम्प्रेषण	N		3
सम्बद्र्धन	N		3
सम्बन्ध	N	S	11
सम्बन्धन	N		4
सम्बन्धबिच्छेद	N		2
सम्बन्धविच्छेद	N		4
सम्बन्धि	N		2
सम्बन्धित	N		2
सम्बन्धी	N		2
सम्बर्द्धन	N		2
सम्बर्धन	N		2
सम्बाद	N		4
सम्बाहाम्फे	N		2
सम्बिधान	N		2
सम्बृद्धि	N		3
सम्बोधन	N		7
सम्भव	N		2
सम्भार	N		4
सम्भावना	N	S	10
सम्भावित	N		2
सम्भाव्यता	N		4
सम्भोग	N		4
सम्भ्रान्त	N		2
सम्म	N		7
सम्मलेन	N		2
सम्मान	N	S	9
सम्मानपत्र	N		3
सम्मिश्रण	N		2
सम्मृद्धि	N		2
सम्मेल	N		2
सम्मेलन	N	S	12
सम्राट	N		6
सम्वत	N		3
सम्वद्र्धन	N		3
सम्वन्ध	N		7
सम्वर्द्धन	N		3
सम्वाद	N		6
सम्वाददाता	N		2
सम्वृद्धि	N		3
सम्वेदनशीलता	N		2
सम्वोधन	N		4
सम्सी	N		2
सम्हाले	N		5
सय	N		10
सयजना	N		3
सयपत्री	N		3
सयम	N		5
सयौँ	N		4
सयौं	N		4
सरकर	N		2
सरकार	N	S	14
सरकारल	N		2
सरकारी	N		6
सरकारीस्तर	N		2
सरगम	N		3
सरदर	N		2
सरदार	N		4
सरल	N		6
सरलता	N		3
सरला	N		3
सरसफाइ	N		7
सरसफाई	N		4
सरसर्ति	N		0
सरसल्लाह	N		2
सरसामान	N		2
सरस्वती	N		4
सरह	N		4
सरहरु	N		4
सरहरू	N		2
सराइ	N		2
सराई	N		3
सराङकोट	N		4
सरावगी	N		4
सरिता	N		5
सरिफ	N		3
सरिर	N		2
सरीता	N		2
सरीर	N		3
सरु	N		3
सरुभक्त	N		2
सरुवा	N		7
सरूवा	N		2
सरे	N		4
सरेङधङ्ना	N		2
सरोकार	N		7
सरोकारवाल	N		3
सरोकारवाला	N	S	9
सरोगेसी	N		2
सरोज	N		4
सरोवर	N		2
सर्कल	N		7
सर्कस	N		3
सर्किट	N		7
सर्कुलर	N		4
सर्ग	N		2
सर्च	N		3
सर्जक	N		7
सर्जन	N		4
सर्जरी	N		4
सर्जिकल	N		2
सर्ट	N		5
सर्टकट	N		3
सर्टिफिकेट	N		5
सर्त	N		7
सर्तकता	N		2
सर्न	N		2
सर्प	N		10
सर्पदंश	N		3
सर्बसाधरण	N		2
सर्बसाधारण	N		6
सर्बिया	N		6
सर्बेक्षण	N		2
सर्बोच्च	N		5
सर्भर	N		8
सर्भिस	N		7
सर्भिसेज	N		3
सर्भिसेस	N		4
सर्भे	N		5
सर्भेक्षण	N		3
सर्भेयर	N		4
सर्मा	N		2
सर्राफ	N		3
सर्लाही	N		8
सर्व	N		2
सर्वनाम	N		2
सर्वसत्तावाद	N		2
सर्वसधारण	N		4
सर्वसम्मत	N		4
सर्वसम्मति	N		5
सर्वसम्मती	N		5
सर्वसहमति	N		5
सर्वसहमती	N		2
सर्वसाधरण	N		9
सर्वसाधारण	N	S	12
सर्वहारा	N		3
सर्वहारावर्ग	N		3
सर्वाेच्च	N		5
सर्विया	N		4
सर्वे	N		3
सर्वेक्षण	N		7
सर्वोच्च	N		10
सर्वोच्चता	N		4
सर्वोत्तम	N		2
सल	N		3
सलकपुर	N		3
सलबलाए	N		2
सलमान	N		7
सलह	N		4
सलाई	N		3
सलाङघाट	N		2
सलाद	N		4
सलाम	N		3
सलामी	N		3
सलाह	N		3
सलिन	N		2
सलिना	N		3
सलेदो	N		0
सलोन	N		4
सल्फर	N		2
सल्यान	N		9
सल्यानटार	N		3
सल्ला	N		4
सल्लाघारी	N		4
सल्लाह	N	S	9
सल्लाहकार	N	S	10
सल्लाहाकार	N		2
सल्ले	N		3
सल्लेरी	N		5
सल्लो	N		0
सवलीकरण	N		3
सवस्टेशन	N		3
सवस्टेसन	N		2
सवा	N		0
सवार	N		3
सवारी	N	S	9
सवारीचालक	N		3
सवारीधनी	N		2
सवारीसाधन	N	S	9
सवाल	N	S	8
सविता	N		4
सविधान	N		3
सविधानसभा	N		2
सविन	N		4
सविना	N		3
सवै	N		7
सशक्तिकरण	N		5
सशक्तीकरण	N		4
सशस्त्र	N		6
ससुरा	N		5
ससुराली	N		5
ससुरो	N		0
ससेक्स	N		2
सस्करण	N		2
सस्कार	N		2
सस्कृति	N		5
सस्तो	N		4
सस्था	N		9
सहअस्तित्व	N		4
सहआयोजक	N		3
सहइञ्चार्ज	N		2
सहइन्चार्ज	N		3
सहकर्मी	N		8
सहकारि	N		2
सहकारिता	N		2
सहकारी	N	S	12
सहकारीकर्मी	N		4
सहकार्य	N	S	9
सहकाल	N		2
सहकोषाध्यक्ष	N		2
सहचारी	N		2
सहचालक	N		6
सहज	N		3
सहजकर्ता	N		6
सहजता	N		5
सहजिकरण	N		3
सहजीकरण	N		3
सहनशीलता	N		4
सहनिर्माता	N		2
सहनी	N		3
सहपाठी	N		5
सहभागि	N		5
सहभागिता	N		7
सहभागी	N	S	9
सहभागीता	N		5
सहमति	N	S	11
सहमतिपत्र	N		2
सहमती	N		8
सहमहामन्त्री	N		4
सहमित	N		2
सहयता	N		2
सहयात्रा	N		4
सहयात्री	N		6
सहयाेग	N		2
सहयो	N		2
सहयोग	N	S	11
सहयोगदाता	N		2
सहयोगि	N		2
सहयोगी	N	S	12
सहयोद्धा	N		2
सहर	N	S	14
सहरीकरण	N		5
सहलगानी	N		3
सहवाग	N		2
सहवास	N		2
सहसंयोजक	N		2
सहसचिव	N	S	8
सहादत	N		2
सहानुभूति	N		4
सहायक	N	S	8
सहायता	N	S	9
सहारा	N		6
सहित	N		5
सहित्य	N		2
सहिद	N		7
सहिमा	N		2
सहिष्णुता	N		4
सहुलियत	N		7
सहे	N		4
साँउद	N		2
साँखु	N		4
साँगा	N		4
साँघु	N		3
साँचो	N		3
साँच्चिकै	N		0
साँच्चे	N		0
साँच्चै	N		2
साँझ	N	S	9
साँठगाँठ	N		4
साँडे	N		2
साँढे	N		3
साँधे	N		2
साँफेबगर	N		4
साँवा	N		4
साँसद	N		4
सांग्रिला	N		3
सांघाई	N		3
सांसद	N	S	12
सांसद्हरु	N		3
सांसद्हरू	N		3
सांस्कृति	N		2
साइ	N		3
साइकल	N	S	9
साइकलयात्री	N		2
साइक्लिङ	N		3
साइज	N		6
साइट	N	S	11
साइड	N		4
साइत	N		3
साइनो	N		5
साइन्स	N		5
साइन्सेज	N		3
साइन्सेस	N		4
साइपाल	N		4
साइप्रस	N		5
साइबेरिया	N		3
साईकल	N		4
साईज	N		3
साईट	N		4
साईड	N		2
साईप्रस	N		4
साईला	N		2
साउँद	N		5
साउण्ड	N		3
साउथ	N		6
साउथगेट	N		3
साउथह्याम्पटन	N		6
साउद	N		5
साउदी	N		9
साउन	N		9
साउन्ड	N		2
साओमी	N		3
साकार	N		2
साकेला	N		2
साकोस	N		6
साक्षरता	N		5
साक्षात्कार	N		2
साक्षी	N		6
साख	N		3
साखा	N		4
साख्वा	N		3
साख्वाः	N		3
साग	N		8
सागपात	N		2
सागर	N		8
सागसब्जी	N		4
साङ्ला	N		5
साङ्लो	N		3
साजन	N		3
साजसज्जा	N		2
साझ	N		5
साझँ	N		3
साझा	N		7
साझेदार	N	S	9
साझेदारिता	N		2
साझेदारी	N		7
साटे	N		3
साठी	N		0
साडी	N		2
साढ़े	N		0
सात	N		7
सातजना	N		3
सातदोबाटो	N		7
साता	N		9
सातु	N		3
साथ	N	S	8
साथि	N		6
साथिभाई	N		2
साथी	N	S	11
साथीभाइ	N		9
साथीभाई	N		6
साथीसंगी	N		2
साधक	N		6
साधन	N	S	12
साधनस्रोत	N		4
साधना	N		7
साधरणसभा	N		3
साधान	N		7
साधारण	N		6
साधारणसभा	N		7
साधु	N		5
साधुसन्त	N		6
साध्य	N		2
सान	N		4
साना	N		6
सानागाउँ	N		2
सानिमा	N		3
सानी	N		4
सानीआमा	N		2
सानु	N		4
साने	N		3
सानेपा	N		5
सानै	N		3
सानो	N		6
सानोठिमी	N		4
सान्चेज	N		3
सान्चो	N		3
सान्तोष	N		3
सान्तोस	N		2
सान्त्वना	N		5
सान्दर्भिकता	N		3
सान्दाजु	N		2
सान्नानी	N		3
सान्भी	N		2
साप	N		3
सापकाेटा	N		2
सापकोट	N		3
सापकोटा	N		7
सापटी	N		3
सापेक्षता	N		2
साप्ताहिक	N		7
साफ	N		6
साफी	N		2
साब	N		3
साबिक	N		4
साबित्रा	N		2
साबुन	N		4
साबुनपानी	N		2
सामग्री	N	S	10
सामथ्र्य	N		5
सामना	N		3
सामन्त	N		5
सामन्तवाद	N		6
सामन्था	N		2
सामर्थ्य	N		5
सामसंग	N		2
सामसङ	N		4
सामसुङ	N		3
सामाखुशी	N		3
सामाखुसी	N		2
सामागाउँ	N		3
सामाग्रि	N		2
सामाग्री	N	S	9
सामाज	N		5
सामाजिक	N		2
सामाजिकीकरण	N		3
सामाधान	N		2
सामान	N	S	10
सामान्य	N		7
सामान्यतः	N		0
सामान्यीकरण	N		2
सामिप्यता	N		3
सामी	N		2
सामीप्य	N		2
सामीप्यता	N		3
सामु	N		0
सामुदाय	N		4
सामुदायिक	N		4
सामुन्ने	N		3
सामुहिकता	N		2
सामूहिकता	N		2
साम्पाङ	N		5
साम्प्रदायिकता	N		2
साम्बा	N		2
साम्यवाद	N		6
साम्रगी	N		2
साम्राज्ञी	N		5
साम्राज्य	N		6
साम्राज्यवाद	N		7
साम्राज्यवादी	N		3
सायद	N		0
सायदै	N		0
सायमी	N		4
सायरा	N		2
सारंगी	N		3
सारङ्गी	N		2
सारजाह	N		2
सारथि	N		3
सारथी	N		4
सारस	N		3
सारा	N		5
सारिए	N		2
सारी	N		6
सारु	N		4
सारुक	N		2
सारू	N		3
सारे	N		4
सारेगमप	N		2
सार्क	N		5
सार्कि	N		2
सार्थकता	N		3
सार्न	N		2
सार्वजनिक	N		3
सार्वभौमसत्ता	N		5
सार्वभौमिकता	N		4
साल	N		11
सालक	N		3
सालझण्डी	N		3
साला	N		2
सालिक	N		5
साली	N		3
सालो	N		3
साल्के	N		3
साल्ट	N		2
साल्भाडोर	N		3
सावधानी	N		7
सावन्त	N		3
सावर	N		2
सावाँ	N		3
साविक	N		4
सावित्रा	N		3
सावित्री	N		3
सास	N		6
सासंद	N		3
सासद	N		2
सासु	N		4
सासुआमा	N		2
सासुससुरा	N		3
सासू	N		4
सासूआमा	N		2
सासूससुरा	N		3
सास्ती	N		6
साह	N		9
साहनी	N		2
साहरुख	N		3
साहस	N		5
साहारा	N		4
साहि	N		2
साहित्य	N	S	12
साहित्यकार	N	S	8
साहित्यपोस्ट	N		4
साही	N		2
साहु	N		9
साहुजी	N		4
साहुनी	N		3
साहू	N		3
साहेब	N		3
सिँचाइ	N		6
सिँचाई	N		3
सिँढी	N		5
सिँह	N		3
सिंखडा	N		3
सिंगटी	N		2
सिंगल्स	N		2
सिंगा	N		3
सिंगापुर	N		10
सिंघानिया	N		2
सिंचाइ	N		4
सिंचाई	N		3
सिंजा	N		3
सिंजाली	N		3
सिंढी	N		2
सिंह	N	S	13
सिंहदबार	N		2
सिंहदरबार	N		10
सिंहदरवार	N		5
सिंहासन	N		3
सिआइए	N		3
सिआइबी	N		5
सिआईबी	N		5
सिइओ	N		5
सिईओ	N		3
सिउँदो	N		2
सिएटल	N		2
सिएनआई	N		3
सिएनएन	N		6
सिएमसी	N		6
सिकर्मी	N		3
सिकलसेल	N		2
सिकाइ	N	S	10
सिकाई	N		7
सिकाउन	N		3
सिकाए	N		4
सिकागो	N		2
सिकार	N		5
सिकारी	N		7
सिकारु	N		2
सिके	N		8
सिक्किम	N		8
सिक्टा	N		2
सिक्न	N		4
सिक्री	N		3
सिक्लेस	N		3
सिक्वेल	N		5
सिक्स	N		2
सिक्सर्स	N		2
सिगरेट	N		2
सिगात्से	N		2
सिग्देल	N		7
सिग्नल	N		5
सिङ	N		3
सिङ्गापुर	N		7
सिचाइ	N		2
सिचाई	N		3
सिचुवान	N		2
सिजन	N	S	11
सिजर	N		2
सिजापति	N		2
सिजापती	N		2
सिजी	N		3
सिजेएमसी	N		2
सिञ्जा	N		3
सिट	N	S	10
सिटामोल	N		2
सिटि	N		4
सिटिइभिटी	N		5
सिटी	N		8
सिटीहल	N		2
सिटौला	N		6
सिट्रोन	N		2
सिडनी	N		2
सिडिएससी	N		3
सिडिओ	N		5
सिडियो	N		3
सिडिसी	N		3
सिड्नी	N		5
सिण्डिकेट	N		3
सिता	N		3
सितापुर	N		2
सितामढी	N		2
सिताराम	N		2
सितै	N		0
सितो	N		0
सित्तै	N		2
सिद्दान्त	N		4
सिद्दिकी	N		2
सिद्धपोखरी	N		2
सिद्धबाबा	N		4
सिद्धान्त	N	S	11
सिद्धार्थ	N		4
सिद्धार्थनगर	N		5
सिद्धि	N		4
सिद्धिपुर	N		2
सिद्धू	N		3
सिद्वान्त	N		2
सिध्दान्त	N		2
सिध्याए	N		2
सिन	N		6
सिनजियाङ	N		2
सिनामंगल	N		3
सिनामङ्गल	N		2
सिनास	N		2
सिनियर	N		6
सिनेकर्मी	N		2
सिनेट	N		6
सिनेटर	N		3
सिनेमा	N	S	11
सिनेमाज	N		3
सिनो	N		4
सिनोफार्म	N		2
सिनोभ्याक	N		2
सिन्का	N		2
सिन्डिकेट	N		6
सिन्ड्रोम	N		3
सिन्ध	N		3
सिन्धु	N		4
सिन्धुपाल्चोक	N		9
सिन्धुली	N		8
सिन्धुलीगढी	N		4
सिन्धुलीय	N		2
सिन्हा	N		4
सिन्ह्वा	N		3
सिप	N		8
सिपाडोल	N		2
सिपाही	N		9
सिपिएल	N		3
सिप्रदी	N		3
सिफारिश	N		6
सिफारिस	N	S	9
सिफारीस	N		2
सिफ्ट	N		2
सिबिआई	N		3
सिबिफिन	N		3
सिभिल	N		4
सिम	N		6
सिमकार्ड	N		2
सिमकोट	N		7
सिमपानी	N		2
सिमरन	N		3
सिमरा	N		7
सिमल	N		2
सिमलचौर	N		2
सिमसार	N		5
सिमा	N	S	10
सिमांकन	N		2
सिमाक्षेत्र	N		2
सिमाना	N	S	12
सिमी	N		2
सिमीकोट	N		2
सिमेन्ट	N	S	8
सिमोन	N		2
सिम्खडा	N		3
सिम्ता	N		3
सिम्पानी	N		2
सिम्रिक	N		2
सिम्रौनगढ	N		3
सिम्ले	N		3
सियाराम	N		3
सियारी	N		2
सियो	N		4
सियोन	N		5
सियोल	N		4
सिर	N		3
सिरक	N		3
सिरहा	N		8
सिरान	N		3
सिरानी	N		3
सिराह	N		3
सिराहा	N		7
सिरिए	N		2
सिरिज	N	S	10
सिरियल	N		8
सिरिया	N		7
सिरिसेना	N		3
सिरीज	N		3
सिरुटार	N		3
सिरेटो	N		3
सिरोहिया	N		2
सिर्को	N		0
सिर्जनशीलता	N		5
सिर्जना	N	S	11
सिर्जनाकर्ता	N		3
सिर्पाली	N		3
सिर्सिया	N		2
सिलगढी	N		6
सिलगुडी	N		2
सिलगुढी	N		2
सिलवाल	N		5
सिलसिला	N		6
सिलाए	N		2
सिलिगुडी	N		3
सिलिङ	N		3
सिलिचोङ	N		2
सिलिण्डर	N		7
सिलिन्डर	N	S	8
सिल्ड	N		2
सिल्भा	N		3
सिवा	N		2
सिवाकोटी	N		4
सिविर	N		2
सिष्टम	N		6
सिसडोल	N		6
सिसा	N		7
सिसि	N		3
सिसिएमसी	N		5
सिसिटिभी	N		3
सिसी	N		4
सिसोदिया	N		2
सिसौ	N		2
सिस्टम	N	S	11
सिस्टर	N		4
सिस्नु	N		3
सिस्ने	N		2
सिस्नेरी	N		2
सिस्नो	N		4
सिहं	N		2
सिहदरबार	N		2
सीआइबी	N		4
सीआईए	N		3
सीआईएन	N		2
सीआईबी	N		5
सीआरपीएफ	N		3
सीइओ	N		4
सीईओ	N		6
सीए	N		3
सीएनएन	N		6
सीएमसी	N		5
सीजन	N		2
सीजी	N		4
सीजीजीसी	N		2
सीट	N		7
सीटीईभीटी	N		6
सीडीएससी	N		3
सीडीओ	N		3
सीडीसी	N		3
सीता	N		5
सीतादेवी	N		3
सीतापाइला	N		4
सीतापुर	N		2
सीतामढी	N		2
सीताराम	N		3
सीन	N		3
सीप	N	S	9
सीपी	N		2
सीपीएल	N		3
सीपीसी	N		4
सीबीआई	N		2
सीमा	N	S	13
सीमांकन	N		4
सीमाक्षेत्र	N		4
सीमाङ्कन	N		3
सीमाना	N		9
सीमान्त	N		2
सीमान्तकृत	N		3
सीमापारी	N		2
सीमितता	N		6
सीसी	N		4
सीसीएमसी	N		5
सीसीएमसीसी	N		2
सीसीटीभी	N		5
सीसीपी	N		2
सुँगुर	N		7
सुँड	N		2
सुअवसर	N		2
सुआरेज	N		2
सुइरो	N		0
सुई	N		6
सुकदेव	N		2
सुकमाया	N		2
सुकरात	N		3
सुकाउन	N		2
सुकाए	N		2
सुकी	N		4
सुकुन	N		3
सुकुमबासी	N		5
सुकुम्बासी	N		6
सुकुम्वासी	N		5
सुके	N		2
सुकेटार	N		2
सुकेधारा	N		2
सुकै	N		4
सुक्खायाम	N		2
सुख	N	S	10
सुखड	N		4
सुखदुःख	N		3
सुखदुख	N		2
सुखानी	N		3
सुख्खा	N		3
सुख्खायाम	N		2
सुगठन	N		3
सुगन्ध	N		6
सुगम	N		5
सुगर	N		5
सुगा	N		5
सुगौली	N		2
सुचक	N		3
सुचकांक	N		2
सुचना	N	S	8
सुचारु	N		2
सुचि	N		2
सुचित्रा	N		2
सुची	N		4
सुज	N		3
सुजन	N		4
सुजाता	N		3
सुजित	N		2
सुजिता	N		4
सुजुकी	N		3
सुझबुझ	N		3
सुझाए	N		3
सुझाब	N		5
सुझाव	N	S	9
सुट	N		4
सुटआउट	N		2
सुटकेस	N		2
सुटर	N		3
सुटिङ	N		6
सुटिङ्ग	N		3
सुटुक्क	N		0
सुडान	N		5
सुडाल	N		2
सुताइ	N		3
सुती	N		2
सुते	N		5
सुत्केरी	N		7
सुत्न	N		3
सुत्नेबेला	N		2
सुत्र	N		6
सुदर्शन	N		5
सुदिप	N		2
सुदीप	N		4
सुदुरपश्चिम	N		8
सुदूपश्चिम	N		2
सुदूर	N		4
सुदूरपश्चि	N		2
सुदूरपश्चिम	N		9
सुदृढिकरण	N		3
सुदृढीकरण	N		4
सुधा	N		2
सुधारगृह	N		4
सुधारहरू	N		3
सुधारे	N		2
सुधार्न	N		3
सुध्रिए	N		2
सुनक	N		2
सुनकाण्ड	N		3
सुनकोशी	N		4
सुनकोसी	N		2
सुनखानी	N		3
सुनचाँदी	N		3
सुनबहादुर	N		3
सुनमाया	N		2
सुनवल	N		5
सुनवाइ	N		3
सुनसरी	N		9
सुनाइए	N		2
सुनाए	N		4
सुनाम	N		2
सुनामी	N		5
सुनार	N		5
सुनारी	N		3
सुनिए	N		4
सुनिता	N		6
सुनिल	N		5
सुनिश्चितता	N		4
सुनिश्चिता	N		2
सुनीता	N		3
सुनील	N		3
सुनुवाइ	N		8
सुनुवाई	N		6
सुनुवार	N		5
सुने	N		5
सुनैना	N		2
सुनौली	N		3
सुन्तला	N		6
सुन्तली	N		6
सुन्दर	N		3
सुन्दरता	N		7
सुन्दरबजार	N		3
सुन्दरहरैँचा	N		3
सुन्दरहरैंचा	N		3
सुन्दरहरैचा	N		3
सुन्दरी	N		7
सुन्दरीजल	N		7
सुन्दास	N		3
सुन्धारा	N		5
सुन्न	N		6
सुन्य	N		2
सुप	N		3
सुपरजोन	N		4
सुपरभाइजर	N		5
सुपरमार्केट	N		5
सुपरस्टार	N		4
सुपरिवेक्षक	N		5
सुपरिवेक्षण	N		4
सुपरीवेक्षक	N		3
सुपरीवेक्षण	N		3
सुपारी	N		3
सुपुत्र	N		2
सुप्रिया	N		2
सुबिधा	N		7
सुबिन	N		3
सुबेदि	N		2
सुबेदी	N		4
सुब्बा	N	S	10
सुभद्रा	N		2
सुभाष	N		2
सुमन	N		5
सुमार	N		3
सुमार्गी	N		4
सुमित्रा	N		3
सुमिना	N		2
सुमी	N		3
सुमो	N		4
सुम्निमा	N		5
सुम्पिए	N		2
सुम्पिदिए	N		2
सुम्पे	N		2
सुर	N		3
सुरक्ष	N		3
सुरक्षण	N		3
सुरक्षा	N	S	11
सुरक्षाकर्मी	N	S	11
सुरक्षागार्ड	N		5
सुरक्षाफौज	N		2
सुरक्षाबल	N		3
सुरक्षित	N		3
सुरज	N		5
सुरत	N		3
सुराकी	N		5
सुरी	N		3
सुरु	N		8
सुरुआत	N		6
सुरुङ	N		7
सुरुङमार्ग	N		6
सुरुङ्गा	N		3
सुरुवात	N		8
सुरुवाल	N		2
सुरू	N		5
सुरूआत	N		2
सुरूवात	N		3
सुरेन्द्र	N		4
सुरेश	N		4
सुरैया	N		5
सुर्के	N		2
सुर्खेत	N		12
सुर्ती	N		3
सुर्य	N		5
सुलसुले	N		2
सुलिचौर	N		3
सुलेमान	N		2
सुलेमानी	N		2
सुल्झाए	N		2
सुल्तान	N		3
सुवर्ण	N		4
सुवर्णशमशेर	N		3
सुवारेज	N		2
सुवाल	N		4
सुवास	N		5
सुविधा	N	S	11
सुविस्ता	N		2
सुवेदि	N		2
सुवेदी	N		8
सुव्यवस्था	N		4
सुव्वा	N		2
सुशन	N		2
सुशान्त	N		7
सुशासन	N		6
सुशिल	N		2
सुशील	N		4
सुशीला	N		4
सुषमा	N		4
सुष्मा	N		4
सुष्मिता	N		3
सुसमाचार	N		2
सुसार	N		3
सुस्केरा	N		3
सुस्केरो	N		0
सुस्तता	N		4
सुस्तरी	N		0
सुस्ता	N		5
सुस्ताए	N		2
सुस्ताबासी	N		2
सुस्मिता	N		4
सुस्लिङ	N		2
सुस्वास्थ्य	N		2
सुहागरात	N		4
सुहाङ	N		3
सुहाना	N		4
सुहानी	N		2
सूक्ष्मजीवहरू	N		2
सूचक	N		7
सूचकांक	N		6
सूचकाङ्क	N		4
सूचना	N	S	12
सूचनाप्रविधि	N		3
सूचि	N		5
सूची	N	S	8
सूचीकरण	N		3
सूजन	N		2
सूट	N		3
सूत्र	N		8
सूत्रधार	N		2
सूर्य	N		8
सूर्यग्रहण	N		3
सूर्यदेव	N		3
सूर्यमाया	N		2
सूर्यवंशी	N		2
सूर्यविनायक	N		6
सूर्यास्त	N		3
सूर्योदय	N		4
सृजना	N	S	9
सृष्टि	N		7
सृष्टिकर्ता	N		3
सेंगर	N		2
सेकुवा	N		4
सेकेण्ड	N		4
सेकेन्ड	N		6
सेक्टर	N		8
सेक्युरिटिज	N		4
सेक्युरिटी	N		5
सेक्रेटरी	N		3
सेक्स	N		6
सेक्सन	N		5
सेख	N		3
सेगमेन्ट	N		4
सेग्मेन्ट	N		5
सेज	N		5
सेजन	N		3
सेजुवाल	N		2
सेञ्चुरी	N		3
सेट	N	S	9
सेटअप	N		4
सेटर	N		2
सेटलमेन्ट	N		2
सेटिंग्स	N		3
सेटिङ	N		10
सेटिन	N		3
सेट्टी	N		4
सेढाई	N		4
सेढाईं	N		3
सेण्टर	N		3
सेती	N		4
सेतीनदी	N		2
सेतु	N		3
सेतो	N		4
सेतोपाटी	N		6
सेन	N		8
सेनन	N		2
सेना	N	S	14
सेनाध्यक्ष	N		3
सेनानी	N		5
सेनापति	N		4
सेनाप्रमुख	N		3
सेनिटाइजर	N		3
सेनेगल	N		6
सेन्चुरी	N		3
सेन्ट	N		3
सेन्टर	N	S	13
सेन्टिग्रेड	N		2
सेन्टिमिटर	N		3
सेन्ट्रल	N		2
सेन्सर	N		8
सेप्टेम्बर	N		8
सेप्टेम्वर	N		2
सेफ	N		6
सेफ्टी	N		2
सेबोन	N		4
सेभिङ	N		2
सेभिया	N		6
सेभिल्ला	N		5
सेभेन	N		4
सेमिनार	N		8
सेमिफाइनल	N		6
सेमिफाईनल	N		3
सेमीफाइनल	N		2
सेमीफाईनल	N		2
सेमेष्टर	N		3
सेमेस्टर	N		3
सेयर	N	S	8
सेयरधनी	N		6
सेयरबजार	N		4
सेयरिङ	N		3
सेरम	N		4
सेरा	N		2
सेरिज	N		2
सेरोफेरो	N		6
सेल	N		7
सेलाए	N		2
सेलिब्रिटी	N		5
सेलिब्रेटी	N		7
सेलो	N		2
सेल्टर	N		3
सेल्टा	N		2
सेल्फी	N		6
सेल्स	N		6
सेल्सियस	N		5
सेवक	N		6
सेवन	N		7
सेवनकर्ता	N		4
सेवा	N	S	14
सेवाकेन्द्र	N		4
सेवाक्षेत्र	N		2
सेवाग्रही	N		5
सेवाग्राहि	N		3
सेवाग्राही	N	S	9
सेवाप्रदायक	N		4
सेवाप्रवाह	N		4
सेवाभाव	N		5
सेवासुविधा	N		7
सेविका	N		3
सेवी	N		2
सेशन	N		2
सेशेल्स	N		2
सेसन	N		7
सैंजु	N		3
सैजु	N		2
सैत्तीस	N		0
सैनामैना	N		6
सैनिक	N	S	11
सैन्य	N		2
सैफ	N		5
सैया	N		2
सैलुङ	N		2
सैलुन	N		4
सो	N		8
सोँच	N		4
सोंच	N		6
सोंचे	N		2
सोकेस	N		2
सोख	N		3
सोचविचार	N		2
सोचाइ	N		7
सोचाई	N		5
सोचे	N		4
सोच्न	N		3
सोझिए	N		2
सोडा	N		3
सोडारी	N		3
सोडियम	N		2
सोताङ	N		4
सोती	N		5
सोधपुछ	N		5
सोधिए	N		2
सोधे	N		5
सोध्न	N		2
सोनम	N		3
सोनल	N		3
सोना	N		2
सोनाक्षी	N		3
सोनाम	N		5
सोनार	N		3
सोनारी	N		3
सोनाली	N		2
सोनि	N		2
सोनिका	N		2
सोनिया	N		4
सोनी	N		4
सोनु	N		3
सोफा	N		4
सोफिया	N		4
सोभराज	N		3
सोमपाल	N		2
सोमबार	N		8
सोमवार	N		5
सोमालिया	N		4
सोरुकोट	N		2
सोरुम	N		5
सोर्सफोर्स	N		2
सोल	N		5
सोला	N		2
सोलार	N		5
सोलु	N		5
सोलुखुम्बु	N		6
सोलुसन	N		6
सोल्टी	N		4
सोविता	N		2
सोसाइटी	N		8
सोसाईटी	N		3
सोसिडाड	N		5
सोही	N		2
सोहेल	N		2
सोह्रखुट्टे	N		4
सौगात	N		4
सौचालय	N		2
सौता	N		3
सौदाबाजी	N		3
सौन्दर्य	N		7
सौन्दर्यकरण	N		3
सौन्दर्यता	N		5
सौन्दर्यशास्त्र	N		2
सौन्दर्यीकरण	N		3
सौभाग्य	N		4
सौरभ	N		3
सौराग	N		2
सौराह	N		2
सौराहा	N		8
सौर्य	N		5
सौर्यमण्डल	N		3
स्कट	N		2
स्कटल्याण्ड	N		6
स्कटल्यान्ड	N		6
स्कन्दपुराण	N		2
स्कर्ट	N		2
स्कर्टिङ	N		2
स्काइप	N		3
स्काई	N		2
स्काउट	N		5
स्काभेटर	N		4
स्कारपियो	N		3
स्किन	N		4
स्किम	N		5
स्किल	N		2
स्की	N		3
स्कीम	N		3
स्कुटर	N		9
स्कुटी	N		4
स्कुल	N	S	14
स्कुलिङ	N		4
स्कूटर	N		5
स्कूल	N	S	13
स्केल	N		4
स्कोर	N		6
स्क्यान	N		3
स्क्यानर	N		3
स्क्रबटाइफस	N		2
स्क्रिन	N		7
स्क्रिनशट	N		2
स्क्रिनसट	N		2
स्क्रिनिङ	N		2
स्क्रिप्ट	N		5
स्क्रीन	N		4
स्क्रू	N		2
स्क्वायर	N		4
स्खलन	N		2
स्टक	N		7
स्टकहोम	N		2
स्टडिज	N		3
स्टडी	N		3
स्टन्ट	N		3
स्टप	N		4
स्टर्लिङ	N		2
स्टल	N		8
स्टाइल	N		5
स्टाटस	N		7
स्टाफ	N		8
स्टार	N	S	9
स्टारडम	N		3
स्टार्टअप	N		6
स्टार्स	N		4
स्टालिन	N		4
स्टिक	N		3
स्टिकर	N		5
स्टिफिन	N		2
स्टिल	N		5
स्टील	N		5
स्टील्स	N		2
स्टुडियो	N		8
स्टूडियो	N		2
स्टे	N		6
स्टेचर	N		2
स्टेज	N		8
स्टेट	N		6
स्टेडियम	N		6
स्टेप	N		5
स्टेफनी	N		2
स्टेशन	N		11
स्टेशनरी	N		3
स्टेसन	N		9
स्टोक्स	N		2
स्टोन	N		3
स्टोभ	N		2
स्टोर	N	S	9
स्टोरी	N		5
स्टोरेज	N		4
स्टोर्स	N		6
स्ट्याटस	N		3
स्ट्यान्ड	N		3
स्ट्यान्डर्ड	N		2
स्ट्रबेरी	N		3
स्ट्राइक	N		2
स्ट्राइकर	N		5
स्ट्राटेजी	N		3
स्ट्रिट	N		3
स्ट्रिप	N		3
स्ट्रिम	N		3
स्ट्रिमिङ	N		2
स्ट्रीट	N		3
स्ट्रेट	N		3
स्ट्रोक	N		5
स्तन	N		7
स्तनपान	N		5
स्तम्भ	N		8
स्तम्भकार	N		3
स्तर	N	S	14
स्तरउन्नति	N		3
स्तरउन्नती	N		2
स्तरवृद्धि	N		3
स्तरीकरण	N		2
स्तरोन्नति	N		5
स्तरोन्नती	N		4
स्तालिन	N		3
स्तुप	N		2
स्तुपा	N		4
स्तूप	N		2
स्त्री	N		9
स्थगन	N		4
स्थगित	N		2
स्थर	N		2
स्थल	N	S	12
स्थलमार्ग	N		3
स्था	N		2
स्थान	N	S	14
स्थानान्तरण	N		4
स्थानिय	N	S	8
स्थानियतह	N		4
स्थानियबासी	N		4
स्थानियवासी	N		2
स्थानी	N		5
स्थानीय	N	S	11
स्थानीयतह	N		8
स्थानीयबासिन्दा	N		3
स्थानीयबासी	N		9
स्थानीयवासी	N	S	9
स्थानीयस्तर	N		6
स्थानीवासी	N		2
स्थान्तरण	N		2
स्थापन	N		3
स्थापना	N	S	10
स्थापनाकाल	N		5
स्थापित	N		5
स्थायित्व	N		5
स्थायी	N		3
स्थायीत्व	N		2
स्थित	N		3
स्थिति	N	S	10
स्थिती	N		5
स्थिरता	N		5
स्नातक	N		6
स्नातकोत्तर	N		4
स्नान	N		3
स्नायु	N		3
स्नेह	N		5
स्न्यापच्याट	N		2
स्पट	N		3
स्पन्दन	N		2
स्पर्धा	N		3
स्पर्श	N		7
स्पर्स	N		3
स्पष्टता	N		3
स्पष्टिकरण	N		4
स्पष्टीकरण	N		5
स्पा	N		5
स्पाइकर	N		2
स्पान	N		2
स्पार्क	N		2
स्पिकर	N		4
स्पिड	N		4
स्पिन	N		3
स्पिनर	N		4
स्पिरिट	N		3
स्पीड	N		2
स्पेक्ट्रम	N		2
स्पेन	N		10
स्पेल	N		2
स्पेश	N		2
स्पेस	N		5
स्पेसएक्स	N		3
स्पेसिफिकेसन	N		2
स्पोन्सर	N		2
स्पोर्टस	N		5
स्पोर्ट्स	N		5
स्प्राइट	N		2
स्प्रिट	N		2
स्प्रे	N		2
स्मरण	N		5
स्माइल	N		2
स्मारक	N		6
स्मारिका	N		3
स्मार्ट	N		4
स्मार्टफोन	N	S	9
स्मार्टवाच	N		4
स्मिता	N		3
स्मिथ	N		4
स्मृति	N	S	8
स्मृती	N		2
स्या	N		2
स्याउ	N		6
स्याउला	N		2
स्याङजा	N		5
स्याङतान	N		3
स्याङ्गजा	N		2
स्याङ्जा	N		8
स्याङ्तान	N		3
स्याङ्बो	N		3
स्याटलाइट	N		3
स्याटेलाइट	N		6
स्यानिटाइजर	N		3
स्यान्डर्स	N		2
स्याफ्रु	N		2
स्याल	N		6
स्याहार	N		3
स्याहारसुसार	N		2
स्रष्टा	N		7
स्राव	N		2
स्राेत	N		2
स्रोत	N	S	12
स्रोतसाधन	N		7
स्रोता	N		8
स्लट	N		3
स्लेट	N		2
स्लोभाकिया	N		4
स्वंयम	N		2
स्वचालन	N		3
स्वच्छता	N		4
स्वतः	N		0
स्वतन्त्र	N	S	9
स्वतन्त्रता	N	S	9
स्वदेश	N		8
स्वदेशी	N		4
स्वनियमन	N		2
स्वभाव	N	S	11
स्वयं	N		7
स्वयंसेवक	N		7
स्वयंसेवा	N		3
स्वयंसेविका	N		5
स्वयंसेवी	N		5
स्वयम	N		5
स्वयमसेवक	N		4
स्वयमसेविका	N		2
स्वयम्भु	N		4
स्वयम्भू	N		6
स्वयम्सेवक	N		5
स्वर	N	S	9
स्वराज	N		4
स्वरुप	N	S	8
स्वरूप	N		7
स्वरोजगार	N		4
स्वरोजगारी	N		3
स्वर्ग	N		10
स्वर्गदूत	N		4
स्वर्गदूतहरू	N		4
स्वर्गद्वारी	N		2
स्वर्ण	N		3
स्वर्णकार	N		3
स्वर्णिम	N		3
स्ववियु	N		5
स्वविवेक	N		3
स्वशासन	N		2
स्वस्ति	N		2
स्वस्तिक	N		2
स्वस्तिका	N		3
स्वस्तिमा	N		5
स्वस्ती	N		2
स्वस्थानी	N		2
स्वस्थ्य	N		4
स्वाँर	N		3
स्वागत	N		6
स्वाथ्य	N		4
स्वाथ्यकर्मी	N		2
स्वाद	N	S	8
स्वाधिनता	N		4
स्वाधीनता	N		5
स्वाब	N		6
स्वाभाव	N		4
स्वाभावतः	N		0
स्वाभिमान	N		6
स्वामित्व	N		6
स्वामिनाथन	N		3
स्वामी	N		5
स्वामीजी	N		3
स्वायत्तता	N		4
स्वार	N		2
स्वारेज	N		4
स्वार्थ	N	S	11
स्वार्थपूर्ति	N		3
स्वास	N		2
स्वासप्रश्वास	N		3
स्वासप्रस्वास	N		2
स्वास्थ	N		4
स्वास्थकर्मी	N		3
स्वास्थय	N		3
स्वास्थ्य	N		10
स्वास्थ्यकर्मि	N		2
स्वास्थ्यकर्मी	N	S	11
स्वास्थ्यखबर	N		2
स्वास्थ्यचौकी	N		8
स्वास्थ्यमन्त्री	N		7
स्वास्थ्यलाभ	N		2
स्वास्थ्यसंस्था	N		2
स्वास्थ्यसेवा	N		3
स्वास्थ्यस्थिति	N		2
स्वास्थ्योपचार	N		4
स्वास्नी	N		5
स्विकारे	N		3
स्विकृति	N		2
स्विच	N		4
स्विजरल्याण्ड	N		5
स्विजरल्यान्ड	N		3
स्विटजरल्याण्ड	N		2
स्विट्जरल्याण्ड	N		5
स्विट्जरल्यान्ड	N		7
स्विडेन	N		8
स्वीकारे	N		5
स्वीकारोक्ति	N		4
स्वीकार्यता	N		3
स्वीकृत	N		2
स्वीकृति	N		6
स्वीकृती	N		3
स्वीच	N		2
स्वीजरल्याण्ड	N		2
स्वीटजरल्याण्ड	N		2
स्वीट्जरल्याण्ड	N		4
स्वीट्जरल्यान्ड	N		3
स्वीडेन	N		8
स्वेच्छा	N		3
स्वेच्छाचारिता	N		5
स्वेतपत्र	N		2
स्वेता	N		3
स्वेदश	N		2
हँस	N		0
हँसाए	N		2
हँसिया	N		2
हंगकंग	N		2
हंगामा	N		2
हंगेरी	N		5
हंसपुर	N		2
हक	N	S	10
हकअधिकार	N		3
हकदार	N		4
हकप्रद	N		3
हकवाला	N		3
हकहित	N		5
हकिङ	N		2
हक्कानी	N		2
हङकङ	N		11
हङ्कङ	N		4
हङ्गेरी	N		3
हचुवा	N		5
हच्किए	N		2
हजरा	N		2
हजार	N		11
हजारजना	N		3
हजारे	N		2
हजारौ	N		3
हजारौँ	N		5
हजारौं	N		5
हजार्ड	N		3
हजुर	N	S	11
हजुरआमा	N		7
हजुरबा	N		4
हजुरबुबा	N		3
हजुरबुवा	N		4
हजूर	N		3
हटलाइन	N		2
हटाइए	N		2
हटाईए	N		2
हटाउन	N		4
हटाए	N		4
हटिया	N		5
हटे	N		5
हठ	N		5
हडताल	N		6
हड्डी	N		7
हड्ताल	N		5
हतार	N		5
हतारिए	N		3
हतारो	N		4
हतास	N		2
हतियार	N	S	9
हतियारधारी	N		2
हत्केला	N		5
हत्केलो	N		0
हत्या	N	S	11
हत्याए	N		2
हत्याकाण्ड	N		6
हत्यारा	N		7
हथौडा	N		3
हद	N		7
हदबन्दी	N		4
हदम्याद	N		2
हदसम्म	N		2
हनन	N		3
हनिमुन	N		3
हनुमान	N		5
हनुमानढोका	N		2
हनुमाननगर	N		4
हन्ट	N		4
हन्टर	N		2
हप्काए	N		2
हप्ता	N	S	12
हप्तौँ	N		2
हप्तौं	N		2
हब	N		7
हमला	N	S	8
हमाल	N		8
हमास	N		5
हमिद	N		4
हरकोही	N		2
हरफ	N		6
हराउन	N		3
हराए	N		5
हराम	N		3
हरि	N		6
हरिचौर	N		2
हरिजन	N		4
हरिण	N		2
हरिद्वार	N		3
हरिनगर	N		2
हरिपुर	N		4
हरिप्रसाद	N		2
हरिबहादुर	N		2
हरियाणा	N		4
हरियाली	N		5
हरियो	N		3
हरिलाल	N		2
हरिवंश	N		4
हरिवन	N		5
हरिसिद्धि	N		3
हरिहर	N		3
हरी	N		5
हरु	N		8
हरू	N		8
हरेक	N		7
हर्क	N		3
हर्कत	N		8
हर्के	N		3
हर्जोग	N		2
हर्ड	N		2
हर्ताकर्ता	N		2
हर्नान्डेज	N		2
हर्मोन	N		7
हर्ष	N		5
हर्षोल्लास	N		2
हल	N	S	11
हलचल	N		3
हलचोक	N		2
हलिउड	N		7
हलिया	N		6
हलेसी	N		4
हलो	N		4
हल्का	N		2
हल्कु	N		2
हल्दिबारी	N		3
हल्याण्ड	N		2
हल्यान्ड	N		2
हल्ला	N	S	9
हल्लाए	N		2
हल्लिए	N		2
हव	N		3
हवलदार	N		2
हवल्दार	N		5
हवाइजहाज	N		4
हवाइमार्ग	N		2
हवाई	N		2
हवाईजहाज	N		5
हवाईमार्ग	N		2
हव्वा	N		2
हसन	N		3
हसनपुर	N		2
हसिना	N		4
हस्तकला	N		4
हस्तक्षेप	N	S	10
हस्तमैथुन	N		3
हस्ताक्षर	N		7
हस्तान्तरण	N		6
हस्तिनापुर	N		3
हस्ती	N		5
हस्पिटल	N		10
हस्पिटालिटी	N		4
हाँके	N		2
हाँगा	N		7
हाँगो	N		0
हाँडी	N		2
हाँडीगाउँ	N		2
हाँसे	N		3
हाँसो	N		4
हाइकिङ	N		2
हाइट	N		2
हाइटी	N		3
हाइड्रो	N		7
हाइड्रोजन	N		6
हाइड्रोपावर	N		6
हाइलाइट	N		2
हाइवे	N		4
हाइस्कुल	N		5
हाइस्कूल	N		2
हाईड्रोपावर	N		2
हाईवे	N		2
हाईस्कुल	N		3
हाउजिङ	N		4
हाउभाउ	N		5
हाउस	N	S	14
हाउसफुल	N		2
हाकिम	N		8
हाछेथु	N		2
हाजार्ड	N		3
हाजिरी	N		2
हाट	N		3
हाटखोला	N		3
हाटबजार	N		6
हाड	N		4
हाडजोर्नी	N		3
हाडनाता	N		2
हात	N	S	12
हातखुट्टा	N		3
हातगोडा	N		2
हातपात	N		2
हातहतियार	N		3
हाता	N		3
हाती	N		2
हातेमालो	N		4
हातै	N		2
हात्ति	N		3
हात्ती	N	S	10
हात्तीपाइले	N		2
हात्तीसार	N		3
हाना	N		2
हानाहान	N		3
हानि	N		6
हानिए	N		3
हानी	N		5
हाने	N		4
हापुरे	N		3
हाफ	N		6
हामफाले	N		3
हामारी	N		2
हामि	N		5
हामी	N	S	9
हामीसबै	N		2
हाम्फाले	N		3
हाम्रा	N		3
हाम्राकुरा	N		2
हाम्री	N		0
हाम्रै	N		0
हाम्रो	N		3
हायात	N		3
हायु	N		2
हारजित	N		2
हाराहारी	N		7
हारे	N		5
हार्ट	N		3
हार्डवेयर	N		5
हार्दिक	N		4
हार्दिकता	N		4
हार्मोन	N		5
हार्मोनियम	N		2
हालत	N		4
हालसम्म	N		4
हालसाल	N		2
हालसालै	N		2
हालान्ड	N		3
हाले	N		5
हालै	N		4
हाल्न	N		5
हावा	N		9
हावापानी	N		6
हावाहुरी	N		6
हासिल	N		2
हास्य	N		2
हास्यव्यङ्ग्य	N		2
हाहाकार	N		2
हाेटल	N		2
हिँउ	N		3
हिँउद	N		3
हिँडडुल	N		2
हिँडाइ	N		3
हिँडे	N		6
हिँड्न	N		3
हिँसा	N		3
हिंडे	N		4
हिंसा	N	S	10
हिउँ	N		8
हिउँद	N		7
हिउँदयाम	N		2
हिउद	N		3
हिजकियाह	N		2
हिजै	N		3
हिजो	N		6
हिजोआज	N		2
हिज्जे	N		3
हिटर	N		6
हिटलर	N		5
हिट्लर	N		2
हिडाइ	N		2
हिडे	N		5
हिड्न	N		2
हित	N	S	9
हितविपरीत	N		2
हिताधिकारी	N		2
हितान	N		2
हिति	N		2
हिनामिना	N		3
हिन्दी	N		8
हिन्दु	N		6
हिन्दुधर्म	N		3
हिन्दुस्तान	N		5
हिन्दू	N		7
हिन्दूत्व	N		2
हिन्दूधर्म	N		2
हिन्दूराष्ट्र	N		2
हिप	N		3
हिप्पी	N		2
हिमचिम	N		2
हिमताल	N		4
हिमनदी	N		4
हिमपहिरो	N		5
हिमपात	N		5
हिमवत्खण्ड	N		2
हिमशृङ्खला	N		2
हिमा	N		3
हिमाचल	N		2
हिमानी	N		4
हिमाल	N	S	13
हिमालखबर	N		4
हिमालय	N		8
हिमालयन	N		4
हिमाली	N		2
हिमेश	N		2
हिम्मत	N		4
हिरा	N		4
हिराचन	N		3
हिरानी	N		2
हिरासत	N		5
हिरो	N		7
हिरोइन	N		6
हिरोसिमा	N		2
हिर्काए	N		2
हिल	N		5
हिलारी	N		4
हिलाल	N		2
हिलिहाङ	N		2
हिले	N		4
हिलो	N		6
हिल्स	N		4
हिल्सा	N		5
हिसा	N		2
हिसां	N		3
हिसान	N		3
हिसाब	N		6
हिसाबकिताब	N		4
हिसाव	N		3
हिसिला	N		2
हिस्सा	N		6
हीत	N		3
हीनताबोध	N		2
हीरा	N		5
हुटहुटी	N		3
हुटिङ	N		2
हुण्डाई	N		2
हुण्डी	N		3
हुदा	N		3
हुदाँ	N		2
हुन	N		9
हुनुअघि	N		4
हुनेखाने	N		6
हुनेभए	N		2
हुन्डाइ	N		2
हुन्डाई	N		3
हुन्डी	N		2
हुप्सेकोट	N		3
हुमागाइ	N		2
हुमागाई	N		3
हुमागाईँ	N		3
हुमागाईं	N		3
हुम्ला	N		8
हुम्ली	N		2
हुरी	N		5
हुर्काइ	N		2
हुर्काउन	N		2
हुर्काए	N		3
हुर्किए	N		3
हुर्के	N		3
हुलाक	N		6
हुलाकी	N		2
हुलिया	N		3
हुवावे	N		5
हुसेन	N		5
हुसैन	N		4
हुस्सु	N		3
हृदय	N		10
हृदयघात	N		4
हृदयाघात	N		3
हेक्टर	N		5
हेगन	N		2
हेगेल	N		2
हेजिङ	N		2
हेटौँडा	N		7
हेटौंडा	N		11
हेटौडा	N		7
हेड	N		7
हेडक्वाटर	N		4
हेडक्वार्टर	N		4
हेडफोन	N		3
हेडमास्टर	N		3
हेडर	N		2
हेडवर्क्स	N		2
हेडसर	N		3
हेतु	N		2
हेनरी	N		3
हेपाटाइटिस	N		2
हेपे	N		2
हेफर	N		2
हेम	N		3
हेमजा	N		5
हेमन्त	N		3
हेमराज	N		4
हेमा	N		4
हेमिंवे	N		2
हेमोफेलिया	N		2
हेम्जा	N		4
हेम्प	N		2
हेरचाह	N		6
हेरफेर	N		5
हेरविचार	N		2
हेराइ	N		4
हेराई	N		2
हेरात	N		2
हेरालु	N		4
हेराल्ड	N		2
हेरिए	N		2
हेरिटेज	N		2
हेरे	N		5
हेर्दाहेर्दै	N		2
हेर्न	N		6
हेलचेक्र्याइँ	N		2
हेलमेट	N		3
हेलम्बु	N		5
हेला	N		2
हेलिकप्टर	N	S	10
हेलिकोप्टर	N		8
हेलिप्याड	N		3
हेली	N		4
हेलेन	N		5
हेल्थ	N		5
हेल्थकेयर	N		2
हेल्थपोष्ट	N		2
हेल्थपोस्ट	N		2
हेल्पर	N		2
हेल्पलाइन	N		2
हेल्मेट	N		3
हैजा	N		5
हैदराबाद	N		6
हैदरावाद	N		6
हैरानी	N		4
हैसियत	N		9
होक्काइडो	N		2
होक्से	N		3
होङ	N		3
होङ्सी	N		3
होटल	N	S	14
होटेल	N	S	11
होड	N		5
होडबाजी	N		3
होण्डा	N		2
होन्डा	N		3
होन्डुरस	N		2
होबार्ट	N		2
होम	N		7
होमस्टे	N	S	9
होमिए	N		3
होमियोप्याथिक	N		2
होमियोप्याथी	N		2
होम्स	N		4
होल	N		3
होलसेल	N		2
होलि	N		3
होलिडे	N		3
होलिडेज	N		2
होलेरी	N		2
होल्ड	N		2
होल्डर	N		6
होल्डिङ	N		4
होल्डिङ्स	N		4
होस्ट	N		5
होस्टल	N		6
होस्टेल	N		5
होहल्ला	N		2
हौसला	N		3
हौसिए	N		2
हौस्याए	N		2
ह्याक	N		5
ह्याकर	N		7
ह्याकिङ	N		4
ह्याक्स	N		2
ह्याग	N		2
ह्याचरी	N		3
ह्याट्रिक	N		3
ह्याण्डल	N		3
ह्यान्डल	N		5
ह्यान्डलिङ	N		2
ह्याम	N		4
ह्यारिएट	N		3
ह्यारिस	N		4
ह्यारी	N		5
ह्यासट्याग	N		2
ह्युगो	N		2
ह्युस्टन	N		4
ह्रदय	N		3
ह्रास	N		5
ह्वा	N		2
ह्वाइट	N		2
ह्वाइटहाउस	N		5
ह्वाटमोर	N		3
ह्वाट्सएप	N		5
ह्वावे	N		5
ह्विलचियर	N		2
ह्विस्की	N		2
ह्वीलचियर	N		2
ह्वेल	N		2
ीहरु	N		2
९एमाले०	N		3
