word	count
।	3608791
,	1554537
र	1081840
छ	1040405
पनि	541621
भएको	401593
छन्	380213
गरेको	326894
लागि	325948
हो	320403
गर्न	301745
गर्ने	268814
भने	263505
‘	260328
’	247627
तथा	244462
थियो	243737
यो	220176
एक	200561
–	191582
-	185965
रहेको	180158
नै	177775
उनले	169435
हुने	164983
तर	159410
गरेका	158945
थिए	155776
गरिएको	146315
नेपाल	142997
को	131917
गर्दै	121749
काम	121582
.	119482
(	116565
बताए	113426
मा	112840
गरी	112413
)	110571
आफ्नो	110222
नेपाली	109900
अध्यक्ष	108648
भन्ने	107789
भएका	101814
?	96947
हुन	95977
समेत	94315
केही	93642
हुन्छ	92359
जानकारी	91668
छैन	91096
कारण	90568
हुन्	86712
सबै	85431
दिन	85202
प्रमुख	84937
दुई	84380
१	84202
कुनै	83684
काठमाडौं	82570
धेरै	81699
गरेर	79783
अनुसार	79273
रुपमा	79272
:	79172
अहिले	78683
सरकारले	77819
त	77513
वा	76973
जिल्ला	76462
२	75995
हजार	75730
कुरा	74268
नयाँ	73848
प्रहरी	72892
मात्र	72826
यस	72284
आएको	69799
भन्दै	69549
प्रदेश	68313
विभिन्न	67092
स्थानीय	66744
गरे	66363
भयो	65223
रहेका	64048
के	63729
निर्माण	63684
त्यो	62195
जना	62111
उनको	61143
प्रधानमन्त्री	60891
गते	60689
भए	60574
वर्ष	60001
उक्त	59789
विकास	59770
हामी	59373
३	59142
गर्दा	58586
स्वास्थ्य	58266
सय	57802
५	57712
रूपमा	57657
राष्ट्रिय	57631
आज	56649
लाख	56056
पहिलो	55529
कार्यक्रम	55148
समय	55065
बढी	55014
म	53654
अन्य	53611
१०	53226
उनी	53143
आर्थिक	52966
जनाएको	52569
सेवा	52420
पार्टी	52166
भनेर	52153
निर्णय	51955
क्षेत्रमा	51037
कि	50804
समस्या	50507
प्रयोग	50125
दिएको	50044
“	49999
भन्दा	49478
दिने	48674
सार्वजनिक	48655
एउटा	48639
का	48617
तीन	48589
६	48525
कोरोना	48468
अब	48197
४	48123
कार्यक्रममा	47876
कार्यालय	47082
सुरु	47059
सहयोग	47036
हाम्रो	45549
दिए	45465
व्यवस्था	45454
नेता	44736
सदस्य	44723
सरकार	44707
थप	44060
आवश्यक	42511
नेकपा	42490
सामाजिक	42401
वडा	41982
अघि	41954
घर	41833
पर्ने	41674
जारी	41158
प्राप्त	41095
गर्नु	41001
प्रहरीले	40968
सो	40804
मात्रै	40731
पटक	40225
हामीले	40137
साथ	39932
अवस्था	39906
बताएका	39869
नेपालको	39284
अवस्थामा	38838
माग	38835
डा	38731
क्रममा	38472
साथै	38115
सम्पन्न	38037
मृत्यु	38024
यस्तो	37884
नेपालमा	37596
आएका	37575
राजनीतिक	37158
विषयमा	37005
ठूलो	36855
राम्रो	36548
वटा	36503
देखि	36115
होइन	36063
उहाँले	35773
महिला	35682
७	35673
पक्राउ	35643
आयोजना	35508
सञ्चालन	35475
”	35058
पछि	35048
परेको	34997
मन्त्री	34621
निर्वाचन	34598
मेरो	34282
यसको	34151
उल्लेख	34110
भएर	34029
बनाउन	33882
लागेको	33800
भइरहेको	33748
नगरपालिका	33610
,’	33457
समयमा	33179
यी	33176
गत	33155
मैले	33037
/	32795
१५	32286
ले	32250
प्रतिशत	31930
दिएका	31926
८	31765
अर्को	31747
अगाडि	31697
हुँदा	31556
भएपछि	31548
प्रदान	31485
गएको	31401
छलफल	31182
क्षेत्र	31042
२०	31040
बनाउने	30764
जुन	30618
१२	30593
करोड	30559
सक्ने	30472
बताउनुभयो	30438
ती	30380
सडक	30121
कम	30080
बेला	30040
केन्द्रीय	29829
योजना	29584
११	29227
तयार	29185
भएकाले	29130
गर्नुपर्ने	29040
आउने	28769
दोस्रो	28621
उत्पादन	28617
पाँच	28530
सरकारको	28376
गाउँपालिका	28324
चार	28155
कसरी	28112
सक्छ	28077
सकिन्छ	27842
१९	27769
विशेष	27709
शिक्षा	27682
हुँदै	27639
रकम	27573
माओवादी	27303
रुपैयाँ	27275
हुनेछ	27244
घोषणा	27213
भारतीय	27060
९	26977
लिएर	26975
उच्च	26772
मलाई	26767
एमाले	26738
देखिएको	26734
जाने	26591
निकै	26575
तयारी	26496
बारेमा	26478
नाम	26170
आग्रह	26114
गरिने	25939
त्यस्तै	25652
भनेको	25598
मुख्य	25550
नम्बर	25548
लामो	25496
पछिल्लो	25408
नभएको	25383
उनलाई	25337
सन्	25318
यस्तै	25310
त्यसैले	25238
कार्य	25140
सरकारी	25030
सबैभन्दा	24469
अनुसन्धान	24458
यसले	24290
व्यवस्थापन	24283
अनि	24275
शर्मा	24252
'	24159
जस्तो	24136
भनाइ	24119
सफल	24095
बैठक	24073
करिब	24016
पुगेको	23999
कृषि	23963
समिति	23948
आधारमा	23934
काठमाडौँ	23886
पत्रकार	23855
!	23846
बन्द	23844
उपचार	23779
आगामी	23766
एवं	23718
५०	23571
२५	23559
अस्पताल	23476
बनेको	23372
उपलब्ध	23341
खेल	23287
गरिरहेको	23238
सुरक्षा	23162
ओलीले	23076
हरेक	22770
आफ्ना	22757
लगानी	22583
अन्तर्राष्ट्रिय	22527
परेका	22505
पूरा	22444
बाट	22444
राष्ट्रपति	22424
३०	22396
देखिन्छ	22305
केन्द्र	22284
अझै	22279
समाचार	22259
यही	22194
खर्च	22126
दर्ता	22069
छन	22063
आफ्नै	22005
किन	21926
लिन	21922
त्यसको	21880
सहभागी	21875
गर्दछ	21841
बजेट	21687
न	21686
सूचना	21396
पानी	21279
नीति	21220
१४	21160
थाहा	21156
छु	21106
स्थापना	20997
सम्म	20991
देश	20893
वितरण	20834
नेपालले	20813
सचिव	20775
युवा	20594
छौं	20592
जनाको	20586
अधिकारी	20574
निर्देशन	20517
उद्योग	20498
स्थानमा	20496
बिहान	20419
नागरिक	20418
त्यहाँ	20417
भारत	20333
वर्षीय	20227
अधिकार	20197
नं	20135
केपी	20042
हाल	20016
वर्षको	19970
यदि	19964
त्यसपछि	19952
१३	19946
पूर्व	19942
यहाँ	19920
सम्बन्धित	19897
व्यक्त	19841
बैठकमा	19822
यसअघि	19797
कांग्रेस	19774
सोमबार	19682
आरोप	19681
प्रस्ताव	19588
गरि	19558
सहित	19481
घरमा	19479
तपाईं	19441
पर्छ	19441
विश्वास	19345
मत	19319
यसलाई	19229
परिवर्तन	19147
गर्छ	19095
बाहिर	19084
विषय	19073
गरेपछि	19062
सांसद	18979
बाँकी	18945
प्रवेश	18925
हुँदैन	18914
दाबी	18912
अध्ययन	18896
१६	18864
शुक्रबार	18820
ओली	18803
बढेको	18782
नहुने	18750
लिएको	18706
प्रकाशित	18700
जसले	18684
ठाउँमा	18632
पाउने	18615
संविधान	18610
खेलमा	18538
छैनन्	18527
यस्ता	18490
अन्तिम	18449
उनका	18416
लगायतका	18376
मन	18340
गरिरहेका	18317
लाई	18316
बुधबार	18291
होला	18213
बस्ने	18200
पर्यटन	18168
श्रेष्ठ	18155
सामान्य	18130
त्यही	18092
प्रस्तुत	18014
मूल्य	17976
पैसा	17971
अस्पतालमा	17949
दुवै	17923
जीवन	17913
गठन	17801
संघ	17762
१८	17739
फरक	17697
प्रयास	17662
कोभिड	17564
कति	17525
¥	17516
जनताको	17499
आइतबार	17491
सोही	17396
ध्यान	17393
यसरी	17314
सहमति	17314
विश्व	17310
पार्टीको	17301
संक्रमण	17298
बैठकले	17292
अमेरिकी	17280
बजारमा	17271
नेपालका	17210
संख्या	17183
संयुक्त	17083
जस्तै	17048
नेतृत्व	17013
गर्नुभएको	16974
हामीलाई	16965
बैंक	16958
गीत	16955
कायम	16954
भूमिका	16875
लागी	16850
आफू	16838
विद्यालय	16828
बजार	16801
फेरि	16774
सम्झौता	16699
जिल्लामा	16670
सम्मान	16659
भिडियो	16631
उपाध्यक्ष	16581
शनिबार	16488
महिना	16416
कर्मचारी	16415
सहज	16411
बसेको	16401
’,	16353
सकिने	16343
बनाएको	16331
१७	16327
थापा	16258
हुनु	16217
गोल	16154
निजी	16134
जस्ता	16112
दिनुभयो	16074
रहने	16060
पूर्ण	15950
२४	15947
हुन्छन्	15921
नाममा	15902
सभापति	15868
राष्ट्र	15854
थिएन	15845
निर्देशक	15840
अवसरमा	15793
अधिकृत	15778
अर्ब	15763
मुद्दा	15689
बजे	15682
पोखरा	15671
जोड	15617
प्रक्रिया	15605
बताउँछन्	15600
देशको	15566
जान	15506
प्रश्न	15442
असार	15425
घाइते	15420
व्यक्ति	15399
गर्छन्	15369
लिने	15357
पहिले	15292
सकेको	15255
फिल्म	15245
मार्फत	15223
गम्भीर	15194
दैनिक	15165
श्रेष्ठले	15151
सम्भावना	15110
लगायत	15044
मानव	15039
विद्यार्थी	15033
मंगलबार	15026
खोप	14987
सुझाव	14973
फिर्ता	14945
परीक्षण	14891
थालेको	14885
मन्त्रालयले	14848
यसमा	14838
क्षेत्रको	14780
२१	14780
जेठ	14779
प्रवक्ता	14774
गराउने	14773
सम्पूर्ण	14757
गर्नुभयो	14740
घटना	14718
नगर	14716
संयोजक	14696
आफूले	14648
समितिले	14644
संस्था	14639
दिनमा	14625
दल	14617
संघीय	14606
समाज	14606
तपाईंको	14559
सम्बोधन	14509
तेस्रो	14484
चलचित्र	14463
माघ	14454
पार्टीका	14408
उम्मेदवार	14402
लाग्ने	14391
महत्वपूर्ण	14378
केहि	14357
बनाएर	14354
जग्गा	14330
जनता	14326
बाटो	14309
रु	14298
सम्बन्ध	14291
२२	14289
"	14279
राख्ने	14267
हत्या	14237
जिम्मेवारी	14209
राखेर	14208
सभा	14160
शुरु	14152
भन्छन्	14108
समितिको	14072
समितिका	14071
थापाले	14066
थिइन्	14048
प्रदर्शन	14032
कार्यान्वयन	14021
अभियान	14009
सुधार	13938
आउन	13881
गराउन	13877
आफूलाई	13873
कम्पनीले	13833
देशमा	13830
पक्षमा	13829
आन्तरिक	13817
गर्नुपर्छ	13816
समाधान	13804
जब	13801
निर्वाचित	13776
मुख्यमन्त्री	13765
भई	13758
उत्कृष्ट	13686
भन्नुभयो	13654
असोज	13630
गरेकी	13627
प्रतिक्रिया	13624
प्रतिनिधि	13603
सवारी	13597
पुगेका	13587
स्पष्ट	13565
निर्वाचनमा	13562
तत्काल	13558
भित्र	13557
बिहीबार	13501
साउन	13453
बन्न	13401
बहादुर	13319
नियन्त्रण	13309
छिन्	13304
...	13291
ज्यान	13277
सात	13236
गुनासो	13213
फागुन	13178
प्रचण्ड	13176
त्यस	13087
कम्पनी	13059
बैंकले	13026
अफ	13025
गर्नुहोस्	12964
प्रत्येक	12956
राख्न	12947
तर्फबाट	12919
ऐन	12914
नसकेको	12902
बताइएको	12832
कस्तो	12794
भारतको	12785
समन्वय	12754
प्रभावित	12753
२३	12720
सुरक्षित	12716
लाग्छ	12689
अर्थ	12677
पाएको	12664
वरिष्ठ	12663
सिर्जना	12662
गरिन्छ	12661
पुष्टि	12654
अहिलेसम्म	12649
४०	12630
भइसकेको	12574
राखिएको	12538
सुविधा	12528
संरक्षण	12518
नि	12501
पत्र	12491
सहकारी	12485
पुनः	12456
भवन	12443
२८	12435
अवसर	12419
कुमार	12415
विदेशी	12407
बताउँदै	12400
बिक्री	12392
जो	12373
वातावरण	12367
खरिद	12357
पौडेलले	12347
२७	12297
सामग्री	12295
संसदीय	12285
दाहाल	12250
पुग्ने	12245
विचार	12193
जिल्लाको	12158
भदौ	12155
अरु	12134
क्षेत्रका	12119
हात	12119
कानुन	12116
स्थित	12073
असर	12056
आयोजित	12050
माथि	11979
अझ	11977
कतिपय	11950
अन्तर्गत	11932
भनिएको	11932
खबर	11882
विरोध	11877
२६	11861
कार्यकारी	11844
चुनाव	11823
विवाद	11807
राखेको	11748
यसका	11742
हुनुहुन्छ	11737
प्रभावकारी	11736
सञ्चालनमा	11678
आयोगले	11664
चिनियाँ	11652
प्रशासन	11646
क्षमता	11643
पहिचान	11637
फेला	11626
बताउनु	11625
नियन्त्रणमा	11620
रोग	11615
निरन्तर	11601
वित्तीय	11593
भएपनि	11590
समाजवादी	11563
वर्षमा	11553
मंसिर	11548
सरकारलाई	11547
भनाई	11534
औं	11527
त्यसलाई	11501
छौँ	11482
उसले	11476
विस्तार	11467
चैत	11417
कार्यक्रमको	11412
कारणले	11411
लक्ष्य	11402
पौडेल	11399
सर्वोच्च	11399
आवश्यकता	11397
त्यस्तो	11392
व्यापार	11384
स्थायी	11364
उनीहरुले	11335
बन्ने	11332
टोली	11325
कर	11317
राति	11292
कसैले	11255
यति	11247
नेतृत्वको	11226
नियमित	11224
ल्याएको	11223
दिइएको	11214
प्रभाव	11153
उहाँको	11151
तपाईंले	11106
कहिले	11072
रहेछ	11069
दक्षिण	11058
सम्बन्धी	11058
टोलीले	11057
वन	11046
आदेश	11031
नसक्ने	11005
कार्यालयमा	11001
तत्कालीन	10954
ल्याउन	10953
उद्घाटन	10949
सक्रिय	10946
हुनुपर्ने	10942
भएन	10938
आजको	10936
आमा	10912
कुन	10872
शैक्षिक	10841
शिक्षक	10828
यात्रा	10824
अहिलेको	10810
राहत	10806
२९	10793
ऋण	10791
देशका	10786
लागू	10783
वृद्धि	10777
नेतृत्वमा	10759
लगाउने	10744
संकलन	10737
बनेका	10731
शान्ति	10730
समूह	10726
भनेका	10713
गर्यो	10709
कमजोर	10699
स्वतन्त्र	10681
चर्चा	10628
जति	10620
गलत	10619
भौतिक	10601
शाखा	10601
शक्ति	10599
पराजित	10569
एकीकृत	10568
धारणा	10563
सीमा	10536
जम्मा	10510
राज्य	10510
मध्ये	10500
परिवार	10486
जोखिम	10483
राई	10472
सालमा	10453
सामुदायिक	10450
संलग्न	10433
अनुमति	10418
मन्त्रालय	10417
अधिकारीले	10378
कारबाही	10358
अमेरिका	10355
दिएर	10355
त्यसमा	10333
गाउँ	10260
आन्दोलन	10259
पुस	10249
बर्ष	10228
बढ्दै	10226
वैशाख	10217
शुल्क	10214
प्रेम	10213
गर्नका	10205
आधार	10201
प्रदेशका	10185
दलका	10182
अनुभव	10176
सानो	10172
ल्याउने	10165
प्राविधिक	10137
सिफारिस	10112
चरणमा	10108
भन्न	10105
सहभागिता	10094
एकता	10053
भनी	10043
काममा	10035
अनलाइन	10021
सम्बन्धमा	10015
कांग्रेसका	9994
जनालाई	9990
मान्छे	9982
हाम्रा	9978
ठूला	9971
लगाएको	9946
कक्षा	9930
पुरस्कार	9924
कोही	9880
पहल	9864
अधिकांश	9855
मिति	9850
बलियो	9847
सक्नुहुन्छ	9833
कार्यालयले	9819
पु	9806
उनीहरुको	9789
अभाव	9788
बताएको	9785
संचालन	9775
तहमा	9769
यातायात	9768
संग	9754
भ्रमण	9740
पूर्वाधार	9732
पारित	9729
खेलाडी	9725
मतदान	9724
सकारात्मक	9713
कर्णाली	9711
जे	9707
एउटै	9668
व्यवसायी	9661
कार्यरत	9643
अदालतले	9639
अनुरोध	9627
भाग	9625
मेयर	9610
चयन	9601
कम्युनिष्ट	9589
सबैलाई	9579
तहको	9567
शर्माले	9563
बढाउन	9557
विवरण	9551
प्रतिवेदन	9550
प्रकाश	9543
—	9540
तालिम	9516
क्षति	9511
गराएको	9511
व्यवसाय	9493
जिल्लाका	9485
६०	9478
संक्रमित	9475
प्रदेशको	9473
विवाह	9472
गुरुङ	9464
बसेर	9463
राजधानी	9452
२०७६	9449
महासचिव	9444
प्रदेशमा	9443
स्थापित	9442
जरुरी	9438
वर्षीया	9437
नियुक्त	9424
छोरा	9415
हुनुपर्छ	9414
यादव	9411
अनुगमन	9405
उनीहरु	9398
स्वागत	9394
अनुमान	9380
उनीहरूले	9333
समर्थन	9331
सबैको	9315
गरिएका	9313
साना	9295
खुसी	9288
संशोधन	9279
÷	9278
जहाँ	9277
प्रणाली	9267
उनीहरूको	9262
गएर	9248
गाडी	9240
जनताले	9227
भर्ना	9226
प्रहरीको	9220
प्रसाद	9212
पाएका	9200
२०७५	9199
योगदान	9198
खाना	9196
चीन	9194
दिँदै	9194
जवाफ	9187
आठ	9155
गएका	9152
दुर्घटना	9147
लगाउन	9139
वाणिज्य	9131
स्थान	9117
हस्तान्तरण	9116
पुष्पकमल	9077
एमालेका	9068
औषधि	9065
पार्टीले	9059
साँझ	9057
या	9034
बैंकको	9030
भुक्तानी	9015
क्लब	9014
प्रेस	8998
विरुद्ध	8968
फोन	8967
हेर्न	8966
निश्चित	8955
विधेयक	8934
सत्ता	8909
धार्मिक	8902
पाइन्छ	8896
अन्त्य	8895
समावेश	8891
नगरपालिकाले	8888
वर्तमान	8885
महसुस	8883
दिनु	8843
मेडिकल	8826
सपना	8814
हालसम्म	8811
बताइन्	8810
यसै	8809
खेलकुद	8795
विदेश	8789
आम	8779
अर्थात्	8778
लागेका	8776
स्रोत	8771
भारतमा	8726
बिरामी	8724
दलको	8718
दिउँसो	8714
विद्यालयमा	8708
शेरबहादुर	8705
भनिन्	8696
गण्डकी	8688
प्रचण्डले	8674
राजीनामा	8654
संघका	8647
जाँदा	8646
भएकोले	8638
राजनीति	8629
बाध्य	8625
निर्माणको	8612
ठाउँ	8593
सक्छन्	8579
पारेको	8572
नगरपालिकाका	8566
चितवन	8564
आयो	8562
केन्द्रका	8554
क्रिकेट	8550
विकल्प	8538
परीक्षा	8532
२०७४	8531
उसको	8530
प्रविधि	8526
तय	8521
फुटबल	8503
शव	8501
बढ्ने	8492
प्रतियोगिता	8491
भाइरस	8489
पुरानो	8479
प्रत्यक्ष	8476
सम्पर्क	8472
जसमा	8471
सिंह	8456
नगर्ने	8451
एवम्	8450
कानुनी	8448
उपचारका	8440
…	8440
पीडित	8435
यता	8410
मानिस	8399
होस्	8390
व्यक्तिगत	8384
माया	8378
सबैले	8359
वैदेशिक	8358
कुरामा	8345
उत्तर	8344
प्रति	8341
आ	8329
३५	8322
संस्कृति	8308
त्यसैगरी	8306
कारोबार	8298
गठबन्धन	8297
एकै	8292
पाउन	8278
आएर	8273
कुल	8270
राखेका	8269
नागरिकता	8268
समाजमा	8253
केन्द्रित	8251
मन्त्रालयका	8231
बोल्दै	8227
संरचना	8212
पेश	8194
बीमा	8182
|	8181
कमिटी	8169
खान	8163
संगठन	8163
थालेका	8145
तह	8144
बस्न	8136
सही	8123
पुगेर	8117
न्याय	8116
संसद	8110
उजुरी	8109
चर्चित	8108
जनाएका	8099
कहाँ	8084
सरकारका	8068
३१	8062
बढ्न	8059
मिनेटमा	8052
भारतले	8051
साझा	8037
वार्षिक	8027
सडकमा	8020
गायक	8008
छोरी	8005
खुला	8002
हेर्दा	8002
कांग्रेसले	7992
लुम्बिनी	7983
प्रतियोगितामा	7980
बढाउने	7977
लिएका	7968
नगद	7958
०	7954
कथा	7951
विकासका	7944
पुल	7941
लगाएर	7939
त्यति	7935
त्यसका	7934
यद्यपि	7934
सेयर	7922
होटल	7922
सम्भव	7915
शुभकामना	7878
सशस्त्र	7871
उहाँ	7864
पक्ष	7855
नभई	7843
नहुँदा	7836
प्रतिनिधिसभा	7836
दलित	7835
भण्डारीले	7833
कृष्ण	7827
पुन	7825
तामाङ	7812
२०७७	7798
निर्माणका	7791
महिलाको	7789
उडान	7782
भाषा	7779
पुरुष	7776
कम्युनिस्ट	7772
कार्की	7766
सञ्चार	7761
आधारित	7758
बारे	7752
सम्मेलन	7752
थिएँ	7744
बस	7729
मोबाइल	7728
देउवाले	7716
कडा	7712
काठमाडौंमा	7709
संवैधानिक	7705
पदमा	7700
एजेन्सी	7698
माधव	7689
व्यक्तिको	7673
दिनको	7668
गाउँमा	7661
उम्मेदवारी	7659
अदालत	7653
कार्यालयका	7630
पुरा	7621
प्रहार	7619
पार्ने	7615
आयात	7590
हासिल	7581
पार्न	7568
राजा	7558
ओलीको	7539
मन्दिर	7536
आरोपमा	7532
७०	7528
ज्ञान	7514
लोकतान्त्रिक	7506
उचित	7501
कम्पनीको	7496
जित	7470
हस्ताक्षर	7469
उपयुक्त	7466
चासो	7461
हुन्थ्यो	7459
खाने	7445
प्रथम	7443
अगाडी	7437
ए	7436
हिजो	7431
उपस्थित	7418
विजयी	7418
भण्डारी	7412
पद	7408
आएपछि	7390
यादवले	7389
मिलेर	7388
सहकार्य	7384
उनीहरू	7375
चौधरी	7355
प्राकृतिक	7347
बाहेक	7346
आवाज	7345
प्रतिबद्धता	7344
निम्ति	7341
कहिल्यै	7339
मद्दत	7338
मिटर	7337
खोजी	7335
अपेक्षा	7318
भट्टराईले	7286
गरियो	7285
नगरी	7285
अदालतमा	7282
बीच	7274
तपाईंलाई	7273
अघिल्लो	7271
८०	7261
नियम	7259
विभागले	7241
सन्दर्भमा	7238
अनिवार्य	7232
अभिनय	7227
विज्ञान	7225
सहयोगमा	7223
उपस्थिति	7221
वर्षदेखि	7216
शीर्ष	7216
सांस्कृतिक	7215
उनीहरुलाई	7213
घण्टा	7195
नेपाललाई	7188
बीचमा	7185
आयोजनामा	7168
नगरपालिकाको	7168
एमालेले	7167
गरिसकेको	7161
सरकारमा	7160
मापदण्ड	7140
श्रम	7132
किनभने	7119
घरेलु	7119
यसैगरी	7116
जनतालाई	7115
रोक्न	7111
केन्द्रमा	7108
सन्देश	7108
देउवा	7106
बलात्कार	7067
सामान	7066
शेयर	7063
दिवस	7061
त्यसले	7057
मान्यता	7051
माध्यमबाट	7043
बसेका	7042
साढे	7041
कात्तिक	7034
सञ्चालक	7033
पश्चिम	7031
त्यसो	7025
गर्नेछ	7002
सभामुख	6994
भ्रष्टाचार	6984
दुर्घटनामा	6982
शब्द	6979
खानेपानी	6971
निःशुल्क	6969
आशा	6962
मुलुक	6962
पुग्न	6953
निधन	6943
विकासको	6943
तरकारी	6920
चुनावी	6917
आक्रमण	6910
पूजा	6905
हेर्ने	6902
दाहालले	6883
आउँछ	6882
निरन्तरता	6881
भएकी	6870
जनाइएको	6868
गराएका	6864
धर्म	6861
भट्टराई	6861
सजिलो	6860
बनाएका	6857
सक्दैन	6853
सुन्दर	6853
लाग्यो	6824
फाइदा	6811
मुलुकमा	6803
पत्ता	6792
बन्दै	6790
उद्धार	6786
कर्जा	6779
मुलुकको	6777
महिनामा	6776
साल	6768
गाउँपालिकाका	6750
कलाकार	6745
स्थिति	6739
चुनौती	6732
खेती	6731
विराटनगर	6728
सकेन	6728
गाउँपालिकाको	6725
चिन्ता	6721
पाइएको	6692
आदि	6690
आँखा	6689
प्रतिस्पर्धा	6687
रोजगारी	6686
सँगै	6686
विगत	6684
पर्दछ	6679
दावी	6660
समूहले	6659
२०७८	6654
सल्लाह	6632
लक्षित	6630
चेतावनी	6622
गुरुङले	6621
द	6618
तहका	6609
पहुँच	6596
धन्यवाद	6588
संविधानको	6585
सम्मेलनमा	6575
लगाएका	6564
विद्युत्	6562
सचेत	6562
संस्थाले	6556
स्थगित	6556
चीनको	6554
जिम्मा	6550
पास	6541
औपचारिक	6540
अध्यक्षतामा	6536
तर्फ	6531
विभाग	6517
दुबै	6515
विद्युत	6515
संगीत	6515
किसान	6508
ट्राफिक	6507
नगरेको	6505
चुनावमा	6503
पर्याप्त	6503
निर्धारण	6500
त्यस्ता	6498
गोली	6494
एमालेको	6491
फैसला	6483
३२	6470
महत्त्वपूर्ण	6467
तपाईको	6454
श्री	6453
बैशाख	6440
साधारण	6433
देखिएका	6428
नरहेको	6417
केसी	6413
उपाधि	6398
ठुलो	6396
देख्न	6396
लकडाउन	6392
समान	6388
अरू	6383
उमेर	6382
डलर	6382
छिटो	6368
खड्का	6366
अनुदान	6361
कतै	6361
वि	6359
सहायक	6353
स्वीकार	6348
जनाले	6345
परिचालन	6345
लिग	6344
रिपोर्ट	6337
थुप्रै	6336
ऐतिहासिक	6330
उत्पन्न	6309
फोटो	6300
संस्थाको	6298
अवधिमा	6294
जसको	6294
टिप्पणी	6288
बहस	6285
कांग्रेसको	6273
गृह	6273
साधन	6269
नागरिकको	6268
पक्षले	6264
छनोट	6247
आयोग	6246
आए	6243
मूल	6240
४५	6237
बमोजिम	6234
निर्माणमा	6231
गाउँपालिकाले	6228
तोकिएको	6224
व्यक्तिलाई	6224
गतेदेखि	6215
..	6206
पालना	6197
सम्पत्ति	6188
राईले	6185
झण्डै	6178
डाक्टर	6173
व्यक्तिले	6172
अर्का	6169
व्यवहार	6169
ग	6162
पोखरेलले	6151
विकासमा	6144
रहेर	6142
अभ्यास	6139
२०७९	6134
अपराध	6133
पहिला	6123
दिन्छ	6122
कार्यक्रमका	6121
कोइराला	6116
प्रकारको	6110
अमेरिकाको	6107
उपभोक्ता	6106
केसीले	6104
थोरै	6097
राज्यको	6096
प्रचार	6090
खेलको	6089
महासंघ	6082
उद्देश्य	6068
बिना	6066
पुस्तक	6050
नौ	6047
देखिने	6044
नभएर	6041
अर्थमन्त्री	6040
व्यवस्थित	6035
कामको	6033
भएमा	6033
मन्त्रालयको	6022
प्राथमिकता	6020
गाह्रो	6018
सुन	6016
राजनीतिमा	6014
थालेपछि	6009
कार्यकर्ता	6001
ध्यानाकर्षण	5997
जसरी	5989
बिभिन्न	5977
जाँच	5972
व्यावसायिक	5969
क्षेत्रीय	5964
वार्ता	5963
जीवनमा	5962
छानबिन	5955
),	5946
प्रशिक्षण	5938
भन्सार	5936
किनकि	5930
लामा	5929
टिम	5924
नदिने	5924
भाइरसको	5918
मानसिक	5918
कला	5916
कार्कीले	5911
मानिसको	5911
नागरिकलाई	5907
प्रधानमन्त्रीको	5905
सक्षम	5904
बनाइएको	5899
आलोचना	5898
अमेरिकामा	5889
गतिविधि	5887
मगर	5887
आह्वान	5880
कोरोनाको	5874
रोजगार	5874
संकेत	5865
संघको	5863
परियोजना	5861
सकिएको	5859
नजिक	5854
पठाउने	5838
श्रीमती	5837
हैन	5831
बढ्दो	5828
प्रधानमन्त्रीले	5826
किलोमिटर	5824
केवल	5819
समयदेखि	5809
समयमै	5809
पठाएको	5805
बेलामा	5801
क	5800
उपरीक्षक	5799
बाल	5795
डिजिटल	5794
घटनामा	5793
त्रिभुवन	5793
दिनुपर्ने	5793
सजाय	5786
गौतम	5765
?’	5761
उद्देश्यले	5758
उनीहरूलाई	5749
दुःख	5746
खारेज	5740
चालक	5738
हुँ	5738
स्थानिय	5734
दबाब	5732
तल	5730
आधा	5727
कमी	5727
the	5725
पर्यटकीय	5725
बुटवल	5723
गाउँपालिकामा	5722
समग्र	5721
की	5717
तपाइँ	5714
वडाध्यक्ष	5708
राजेन्द्र	5704
हिसाबले	5702
लागिएको	5694
कुराकानी	5692
विश्लेषण	5691
साता	5690
अर्थात	5683
प्रकारका	5681
तर्क	5664
यौन	5664
अंक	5661
कसैलाई	5661
आम्दानी	5658
संस्थाका	5644
ढंगले	5642
प्रदेशसभा	5640
आधुनिक	5635
पार्टीमा	5630
अदालतको	5624
आचार्य	5624
अधिवेशन	5620
द्वारा	5620
आवेदन	5607
मैदानमा	5603
नभए	5592
कानून	5587
क्रम	5585
क्षेत्रलाई	5584
परिवारलाई	5576
नारायण	5575
विमानस्थल	5575
बुझ्न	5563
टिकट	5546
महिनाको	5544
खुशी	5543
उपयोग	5536
भनिन्छ	5536
सोच	5530
पानीको	5529
विदेशमा	5524
प्रधान	5523
तरिकाले	5503
संघले	5494
पर्यटक	5492
घरको	5488
सामना	5485
खेल्ने	5484
छुट	5477
सी	5477
महाधिवेशन	5472
अस्पतालको	5453
परिणाम	5447
बैंकका	5447
गीतमा	5445
राज्यले	5441
फेसबुक	5440
धारा	5439
खोजेको	5437
प्रवाह	5434
पछाडि	5432
सल्लाहकार	5432
तुलनामा	5417
कार्यमा	5413
संघर्ष	5409
आयोगको	5406
लगातार	5406
बालबालिका	5403
इतिहास	5397
चाहिँ	5393
गरिन्	5392
घटनाको	5388
मिडिया	5387
निर्वाह	5381
काँग्रेस	5377
संसदमा	5377
प्रतियोगिताको	5375
गयो	5374
चीनले	5373
परिवारका	5370
नतिजा	5366
पर्न	5365
महानगरपालिका	5362
गरिनेछ	5355
सेना	5355
नगरपालिकामा	5353
रहेकाले	5350
म्याद	5349
अति	5345
देखाएको	5342
ऊर्जा	5340
महिलालाई	5338
७५	5335
३३	5332
गृहमन्त्री	5325
निवेदन	5325
कलेज	5322
पदार्थ	5322
आधारभूत	5316
समितिमा	5315
प्रकाशन	5314
भोलि	5312
यसबाट	5308
वास्तविक	5307
थाले	5302
राजस्व	5298
विभागका	5298
ऊ	5297
आयोजक	5289
राम	5287
सदस्यीय	5284
गर्छु	5274
विगतमा	5273
बताउनुभएको	5272
मुक्त	5271
अलि	5266
बढाएको	5265
नेपालीको	5264
उपकरण	5258
शासन	5254
पाए	5250
कदम	5249
बागमती	5247
लागेर	5246
कम्तीमा	5245
रमेश	5241
व्यापक	5240
गतेसम्म	5237
गए	5234
निर्वाचनको	5227
मुद्दामा	5226
लाग्न	5223
पठाउन	5221
चौथो	5217
बोकेर	5212
सभामा	5206
भिडियोमा	5205
सीमित	5203
एण्ड	5196
खाली	5188
जान्छ	5178
रक्षा	5176
निकाय	5173
महत्व	5171
बराबरको	5168
आयोजनाको	5167
चौधरीले	5166
सकेका	5166
सुनिश्चित	5166
तयारीमा	5164
अवार्ड	5161
राख्दै	5161
अस्पतालका	5158
दुरुपयोग	5138
टाढा	5135
नगर्न	5135
हुनाले	5134
दर	5133
धान	5133
कविता	5130
मानिन्छ	5119
संस्थागत	5119
आधिकारिक	5115
काठमाडौंको	5114
छिमेकी	5110
हामीसँग	5109
पोखरेल	5106
वर्षका	5104
पदाधिकारी	5099
केन्द्रको	5097
बचत	5096
सफा	5096
हातमा	5094
नम्बरको	5092
साथमा	5086
विनियोजन	5084
केन्द्रिय	5082
हवाई	5067
सत्य	5065
विश्वासको	5050
विजय	5046
संख्यामा	5046
प्रशिक्षक	5044
नदी	5035
फिल्ममा	5035
शाह	5029
;	5024
विद्युतीय	5021
नेताहरु	5020
खनाल	5018
चरणको	5014
तलब	5011
समाजको	5011
अभियानमा	5010
प्रतिबन्ध	5008
साहित्य	5008
नसक्दा	5005
समुदायको	5004
परिवारको	5003
छलफलमा	4998
रहन	4996
खण्डमा	4995
लगभग	4991
पर्व	4988
जोडिएको	4987
यहाँका	4987
स	4984
बल	4981
जिम्मेवार	4977
कार्यालयको	4976
विषयलाई	4976
लोकप्रिय	4973
खेल्न	4970
भागमा	4970
निकट	4969
मौसम	4968
एकल	4967
सहितको	4966
प्रारम्भिक	4960
छुट्टै	4959
९०	4954
खड्काले	4952
झन्	4952
कालो	4949
प्रसारण	4941
झापा	4935
प्रमाण	4926
कठिन	4922
न्यायाधीश	4919
बहुमत	4919
खुलेको	4918
कार्तिक	4911
पाण्डे	4908
ख	4903
लागु	4902
विद्यालयको	4902
सदरमुकाम	4902
अतिथि	4896
बस्दै	4896
सफलता	4890
भूमि	4889
उसलाई	4885
केन्द्रले	4883
२०७३	4882
भरतपुर	4877
भेला	4876
,”	4874
खाद्य	4873
सालको	4873
पढ्न	4872
राजदूत	4871
अतिरिक्त	4862
तिनीहरू	4856
छोटो	4850
असफल	4847
चालु	4845
सँग	4841
समूहका	4832
सत्तारुढ	4825
पाइने	4824
लगाइएको	4822
पारेर	4820
अस्पतालले	4816
कमल	4816
वर्षा	4814
हालै	4808
मामिला	4801
विष्णु	4801
दायर	4800
विज्ञप्तिमा	4800
बरामद	4797
विघटन	4797
पुर्याउने	4796
घिमिरे	4795
जडान	4795
भोट	4789
”,	4786
सञ्जालमा	4784
आन्दोलनमा	4782
सेनाले	4776
थालिएको	4773
एकजना	4771
मेरा	4768
सञ्जाल	4757
आफै	4753
पसल	4751
बेपत्ता	4751
तपाइँको	4749
आचार्यले	4748
गीतको	4744
नेकपाका	4744
जनसंख्या	4742
कारवाही	4738
विद्यालयका	4736
ताजा	4731
मात्रामा	4726
बाटोमा	4724
पेस	4723
पर्यो	4720
श्रेष्ठको	4720
बरु	4719
अवरुद्ध	4716
प्रतिनिधित्व	4712
भेट	4711
संसद्	4705
,‘	4704
२०२०	4700
ल्याएर	4698
सुदूरपश्चिम	4698
ठेक्का	4695
बच्चा	4695
मल	4693
पाण्डेले	4685
गुणस्तर	4683
भारतबाट	4677
हिंसा	4677
किसिमको	4673
इलाका	4670
मौका	4666
स्थानीयले	4663
कर्मचारीको	4661
प्रा	4661
जनामा	4659
पर्दैन	4658
आपूर्ति	4656
अध्यक्षमा	4652
हुँदैछ	4640
चलन	4628
फोहोर	4627
सरुवा	4625
कार्यान्वयनमा	4620
रन	4615
छौ	4614
वडामा	4611
पुराना	4597
नेताहरुले	4595
सैनिक	4595
आफु	4594
नभएका	4587
उपचारको	4585
मिल्ने	4579
यतिबेला	4579
कसैको	4577
अवैध	4576
पहिरो	4576
जन्म	4575
थान	4572
कार्यक्रमलाई	4566
काठमाडौ	4553
भन्नु	4543
हटाउन	4543
हेरेर	4541
सचिवालय	4540
डेढ	4539
चलाउन	4538
खासै	4537
भक्तपुर	4531
धनगढी	4529
चोरी	4528
जनशक्ति	4528
सक्नुहुनेछ	4527
लगायतको	4519
तपाईलाई	4518
५५	4516
लैजाने	4513
हुनेछन्	4512
नामक	4507
अधिक	4505
नजिकै	4505
लेखक	4502
सधैं	4500
लाइन	4498
निर्यात	4496
भइरहेका	4496
उदाहरण	4495
अलग	4493
शिक्षण	4493
पहाडी	4491
औद्योगिक	4487
ग्रहण	4486
बाबुराम	4486
बाढी	4485
गर्दछन्	4469
लाभ	4469
नेताले	4468
माध्यमिक	4468
महिलाले	4467
हप्ता	4467
प्रक्रियामा	4466
प्रमाणपत्र	4466
कपडा	4465
उत्तम	4464
नपाउने	4464
आयोगका	4463
निवास	4453
विधि	4452
कुराको	4451
दायित्व	4449
स्कुल	4446
प्रष्ट	4443
दिनुभएको	4442
म्युजिक	4440
अग्रता	4434
परम्परागत	4430
सेनाको	4429
आउँदा	4425
प	4425
बस्नेत	4422
संस्थापक	4422
विज्ञप्ति	4421
मौलिक	4418
ल्याइएको	4418
त्यसै	4416
फरार	4413
सिंहले	4413
देखा	4412
समाजका	4411
महामारी	4405
भारतका	4402
स्रोतले	4402
देशभर	4399
पुग्यो	4392
शारीरिक	4383
चलिरहेको	4378
प्राधिकरणले	4378
वटै	4378
शाही	4377
यसो	4374
गौतमले	4372
बस्नेतले	4372
पोखरामा	4371
तिमी	4370
सामाग्री	4366
गति	4362
सम्पादन	4362
प्रहरीका	4359
तीव्र	4357
ढकालले	4352
चलेको	4350
नक्कली	4349
रोक	4349
भेटिएको	4347
कार्ड	4346
अथवा	4344
आगो	4344
वर्षअघि	4343
विश्वका	4341
समयको	4334
लेखेका	4330
व्यस्त	4328
दाङ	4327
आफुले	4319
डिजाइन	4319
जसलाई	4314
फैलिएको	4314
गिरफ्तार	4312
प्रकट	4306
to	4303
क्यान्सर	4303
समाप्त	4301
मोटरसाइकल	4299
जीवनको	4296
शाहले	4292
विद्यार्थीलाई	4291
अबको	4290
छनौट	4286
ठहर	4284
दिनसम्म	4283
अर्थतन्त्र	4280
फिल्मको	4280
वस्तु	4279
सुरुमा	4279
चिया	4278
निरीक्षक	4276
कुरालाई	4275
खाता	4274
अभिनेता	4273
मास्क	4271
गरिसकेका	4270
प्राथमिकतामा	4270
गणेश	4266
तपाईले	4266
नियुक्ति	4266
रातो	4266
कोइरालाले	4259
भावना	4258
कसले	4256
छैन्	4255
रिलिज	4254
सेवामा	4254
भूकम्प	4252
सञ्चालित	4250
m	4248
अक्सिजन	4246
चिकित्सक	4242
देखियो	4240
बम	4238
बढि	4235
विश्वव्यापी	4230
थापाको	4229
ओलीलाई	4225
सन्तोष	4223
of	4220
रासस	4219
प्रगति	4218
लक्ष्मी	4212
कैद	4207
सम्मानित	4203
सुर्खेत	4203
भत्ता	4202
चलाउने	4200
सरकारसँग	4196
कर्मचारीलाई	4194
रोकिएको	4194
साह	4194
हुनसक्ने	4194
ठीक	4187
वास्तवमा	4186
सेवन	4185
आइरहेको	4184
तेल	4183
वर्षपछि	4174
समुदाय	4173
प्रहरीलाई	4168
प्रमाणित	4166
भाडा	4165
वर्षसम्म	4165
स्मरण	4165
२०७२	4164
खालको	4158
बुद्ध	4157
विमान	4156
साथी	4153
विजेता	4152
लगाए	4150
लागत	4147
दिवसको	4146
सभाको	4146
औँ	4137
विश्वकप	4137
सहयोगी	4137
सुरुवात	4132
जितेको	4131
डिभिजन	4131
बाध्यता	4122
नकारात्मक	4118
ललितपुर	4118
चल्ने	4117
हुनसक्छ	4117
and	4115
देखेर	4114
ढकाल	4112
स्वदेश	4108
खुल्ला	4106
मेला	4105
परी	4103
नारा	4101
धेरैले	4089
रेडियो	4083
मन्त्रालयमा	4082
संक्रमितको	4082
अवरोध	4081
गर्छौं	4081
बिदा	4080
गणतन्त्र	4077
योग्य	4073
जहाज	4072
गुणस्तरीय	4065
जोड्ने	4061
निर्माता	4059
मनाउने	4056
रगत	4055
रहन्छ	4054
१००	4054
गर्नुहुन्छ	4046
कोष	4045
रामचन्द्र	4044
परामर्श	4037
स्वीकृत	4037
बसोबास	4036
अभिव्यक्ति	4035
घिमिरेले	4034
आएकी	4033
मात्रा	4031
आकर्षक	4029
गर्नको	4029
ग्रामीण	4029
नसकिने	4027
समृद्ध	4026
पार्टीलाई	4025
पुगे	4024
चलचित्रमा	4023
थाल्यो	4022
वैज्ञानिक	4017
अमेरिकाले	4015
दीपक	4015
क्षेत्रबाट	4010
समस्याको	4010
न्यूनतम	4009
क्याम्पस	4006
चाहना	4006
परिवारले	4006
परे	4005
पीडा	3997
अभिनेत्री	3993
विविध	3993
भएसँगै	3986
गायिका	3985
गर्नेछन्	3978
डर	3978
प्रशासनले	3976
खतरा	3973
थिएनन्	3973
देशलाई	3973
सके	3969
उपमहानगरपालिका	3966
विपक्षी	3966
तथ्य	3965
मनमा	3965
दिगो	3961
जटिल	3956
प्रविधिको	3956
पूर्वी	3951
तपाई	3948
मर्मत	3948
जनाए	3941
शरीरमा	3941
खराब	3937
२०८०	3936
दलले	3928
नष्ट	3928
माथिल्लो	3925
विद्यार्थीको	3924
सङ्ख्या	3919
काठमाण्डौ	3918
अवलोकन	3913
खनालले	3913
उपाय	3911
कप	3911
हल	3911
आउनु	3910
दियो	3909
सडकको	3904
महोत्सव	3903
एमसीसी	3900
गोविन्द	3899
लोक	3898
शक्तिशाली	3897
उत्साहित	3896
अस्थायी	3894
घरमै	3894
विकसित	3893
हक	3893
निको	3892
परम्परा	3887
सेवाको	3886
दिएपछि	3885
कर्मचारीले	3884
प्रोत्साहन	3884
प्रावधान	3882
मासिक	3877
आफैं	3875
यहाँको	3873
चैत्र	3872
क्रान्तिकारी	3868
प्रशासकीय	3866
कुटपिट	3861
मानवीय	3860
त्यतिबेला	3859
गैर	3857
सामूहिक	3857
आमाको	3855
सङ्क्रमण	3851
पहिलोपटक	3850
उहाँलाई	3848
विशाल	3846
नदीमा	3845
जेल	3844
सिट	3843
उपप्रमुख	3840
जोखिममा	3839
३६	3839
समूहको	3838
समीक्षा	3831
नपर्ने	3829
सायद	3828
महामारीको	3826
बनाउनु	3823
निष्कर्ष	3822
गएपछि	3820
पठाइएको	3818
यहि	3818
किलो	3813
जातीय	3811
बिरामीको	3810
यसपटक	3810
झन्डै	3809
बोर्ड	3806
बिजुली	3803
लिखित	3800
नाका	3799
जानु	3796
६५	3794
परराष्ट्र	3793
रहे	3793
अत्यन्त	3786
उपचारमा	3785
अलपत्र	3783
अत्यधिक	3782
धरान	3782
कोठामा	3780
मिनेट	3769
मन्त्रिपरिषद्	3767
प्रायः	3762
मानिसहरू	3761
जेष्ठ	3758
अवधि	3757
महासंघका	3754
भारी	3753
पो	3751
सं	3751
इन्टरनेट	3741
बस्ती	3740
मतदाता	3740
अस्वीकार	3739
कम्पनीका	3734
बढिरहेको	3731
विश्वविद्यालय	3731
स्वस्थ	3728
शाहीले	3726
बन्यो	3725
रेकर्ड	3725
जुनसुकै	3724
तिनीहरूले	3724
रिट	3723
एकदमै	3721
तिम्रो	3721
सुरू	3721
भ्रमणमा	3717
लेखिएको	3717
प्रजातन्त्र	3713
बनेर	3712
राख्नु	3704
लक्षण	3700
विप्लव	3700
विमानस्थलमा	3700
पछिल्ला	3693
विस्तृत	3693
उपत्यकामा	3688
तथ्यांक	3687
संक्रमणको	3687
सिद्धान्त	3685
दश	3684
राज	3683
हिमाल	3681
सह	3678
अर्जुन	3675
उप	3675
गरौं	3675
मध्य	3671
खडा	3666
पत्रकारिता	3666
लगायतले	3666
अख्तियार	3665
अनेक	3664
दफा	3664
मासु	3664
दर्शन	3656
दुईवटा	3652
प्रधानन्यायाधीश	3649
पार	3646
३४	3643
यात्रु	3638
संकट	3638
रह्यो	3633
माओवादीले	3632
मानिसले	3632
गराए	3630
चिसो	3630
देखी	3630
खाद्यान्न	3625
बैंकिङ	3623
भेट्न	3610
युद्ध	3609
बुँदे	3607
मै	3605
समयसम्म	3604
चर्चामा	3603
जमिन	3602
थारु	3602
जरिवाना	3599
पुर्याउन	3595
बिषयमा	3595
रणनीति	3595
समस्यामा	3595
तोकेको	3592
अन्तराष्ट्रिय	3591
छाडेर	3586
फेरी	3584
बजेदेखि	3583
शिक्षाको	3583
गल्ती	3579
जापान	3574
विशिष्ट	3574
इच्छा	3570
प्रतिपक्षी	3570
भेटघाट	3564
त्यसरी	3563
बजेसम्म	3562
युवराज	3560
विज्ञापन	3559
अधिकारीको	3557
गठबन्धनको	3556
छिट्टै	3556
स्वीकृति	3556
जसका	3554
दशमलव	3552
आकर्षित	3551
उमेरमा	3549
विहान	3545
लेखा	3544
टुंगो	3542
हतियार	3540
आनन्द	3536
माधवकुमार	3536
दिनदेखि	3535
कार्यकाल	3532
आदिवासी	3530
चर्को	3530
परिचय	3528
उता	3527
घटेको	3525
यसबारे	3525
पालिका	3521
बनाई	3519
तल्लो	3517
सरल	3517
आन्दोलनको	3516
पाएपछि	3514
चाहिन्छ	3512
प्रतिष्ठान	3511
निकालेको	3508
उपत्यका	3505
मानिसहरु	3505
यसैबीच	3501
चाँडै	3499
कल्पना	3497
पक्कै	3496
नमुना	3494
न्यून	3493
छोडेर	3488
चाहन्छु	3486
नेकपाको	3486
नदिन	3483
सूचीमा	3482
कोशी	3477
करिव	3476
हकमा	3470
शरीर	3469
सुशासन	3469
सदस्यको	3465
ज्येष्ठ	3463
राजकुमार	3461
संस्थामा	3460
निवासी	3456
कार	3453
भाषामा	3452
भैरहेको	3452
सेन्टर	3452
४२	3447
पत्रमा	3441
समारोहमा	3441
भन्यो	3439
टाउको	3438
जनताका	3437
आबद्ध	3436
नागरिकले	3435
जनप्रतिनिधि	3434
बनाए	3433
राप्रपा	3433
सजिलै	3430
मधेस	3428
चाहेको	3421
भएकाे	3421
पर्नेमा	3420
सुरक्षाको	3420
मदन	3418
चिकित्सा	3414
संगै	3413
दोषी	3412
३८	3411
वर्ग	3410
नरेन्द्र	3408
प्रदीप	3408
विभाजन	3407
राजमार्ग	3403
प्रादेशिक	3400
बताएकी	3395
खोज्ने	3392
तब	3392
न्यौपाने	3391
कप्तान	3389
नेपालीले	3385
प्रशंसा	3381
रे	3381
रमाइलो	3378
त्यसकारण	3376
अधिकारको	3374
जोगाउन	3371
पर्दा	3369
गरिब	3366
मृत	3366
समृद्धि	3364
अखिल	3362
कानूनी	3362
बिकास	3359
उस्तै	3356
पुर्व	3356
अध्यादेश	3355
नपाएको	3353
लेखेको	3353
विधान	3353
लोकतन्त्र	3351
आत्महत्या	3349
मधेश	3342
राती	3342
सदस्यमा	3342
स्मार्ट	3342
नायब	3341
एक्लै	3335
महामन्त्री	3333
विकेट	3332
कुमारी	3331
कै	3331
मार्ग	3330
जागिर	3329
महानगरीय	3329
खेलेको	3326
योजनामा	3325
खोला	3321
भविष्यमा	3318
क्रियाशील	3315
सरकारबाट	3315
दृश्य	3314
पशु	3305
शिव	3305
जाँदै	3304
राम्रोसँग	3303
राखे	3302
अत्यन्तै	3301
प्रतिवद्धता	3301
अभिभावक	3299
कोषाध्यक्ष	3295
स्वास्थ्यमा	3295
बिहे	3292
प्रणालीमा	3290
प्रबन्ध	3290
स्मृति	3288
पक्षको	3286
लामिछाने	3283
समुदायका	3283
जलवायु	3280
किसानले	3279
संस्कार	3278
उत्पादनमा	3277
तिनीहरूलाई	3273
परेर	3273
३७	3272
राखी	3271
आफुलाई	3270
शुरू	3269
थियौं	3268
उत्तिकै	3266
घरबाट	3266
दोश्रो	3266
विपन्न	3265
समूहमा	3264
दर्जन	3258
प्रवृत्ति	3257
दरले	3255
शंकर	3255
वैकल्पिक	3254
गराइएको	3250
बजेटमा	3250
५१	3250
सम्बन्धि	3249
शनिवार	3241
ग्लोबल	3240
वर्षे	3239
अपडेट	3238
दिनेश	3238
भर्खरै	3238
आकर्षण	3235
पारेका	3235
विद्यादेवी	3234
तराई	3232
गर्दैन	3229
लगत्तै	3229
हुनेमा	3229
उपेन्द्र	3227
नेपालबाट	3227
रोकथाम	3227
मन्दिरमा	3226
गिरी	3225
छायांकन	3225
२०१९	3224
असल	3223
भिसा	3223
विपरीत	3220
दिइने	3217
बोल्न	3217
सहजीकरण	3217
तस्बिर	3216
जिकिर	3215
विश्वमा	3214
ति	3207
फाइनल	3207
कोठा	3206
दिएकी	3206
निमित्त	3205
बुझाएको	3201
दिदै	3200
रोगको	3200
नाटक	3196
सदस्यता	3196
मिस	3194
किसिमका	3193
चलचित्रको	3191
तत्कालिन	3191
सकेनन्	3190
माछा	3189
प्रतिशतले	3187
समायोजन	3186
बिहिबार	3185
रहनेछ	3184
सुनाए	3178
संविधानले	3177
कार्यविधि	3176
अत्यावश्यक	3175
खालका	3175
अवस्थित	3174
प्राथमिक	3169
सेतो	3168
स्तरमा	3166
दिनुहोस	3165
स्वरुप	3164
७७	3164
सुनुवाइ	3163
साहले	3162
हुदै	3162
खर्ब	3160
चन्द	3159
पारिवारिक	3158
देखाउन	3154
प्रकरणमा	3154
एसपी	3153
मुख	3153
बोर्डले	3150
चेक	3149
भन्नेमा	3146
सापकोटाले	3145
हाे	3143
ढोका	3142
अनुहार	3140
मानिसलाई	3140
एनआरएनए	3139
किरण	3138
विद्यार्थीले	3138
हस्तक्षेप	3137
स्टार	3134
भविष्य	3131
सर्वाधिक	3130
शहर	3126
सिनेमा	3126
कामदार	3121
बनाउँदै	3121
बने	3121
आजै	3120
भईरहेको	3119
गरेमा	3118
देखिन	3118
संयोजकत्वमा	3118
नोट	3117
दूध	3116
तामाङले	3115
नीतिगत	3115
७६	3115
उहाँका	3114
ग्राहक	3113
दुर्गा	3112
हिमाली	3112
मोरङ	3111
गर	3108
नायिका	3108
निषेधाज्ञा	3107
गतिमा	3105
भेटवार्ता	3105
व्यवसायीले	3101
राजनैतिक	3100
समाजले	3099
व्याख्या	3097
साउदी	3097
इमेल	3096
निकायले	3096
औषधी	3093
४८	3091
सापकोटा	3090
सैन्य	3089
मोहन	3088
सामान्यतया	3087
झनै	3086
मैदान	3081
ल्याएका	3081
विरुद्धको	3080
पारे	3075
फर्किएका	3073
परिचित	3072
माध्यम	3070
पढेर	3069
गराउनु	3068
लैजान	3068
पुग्छ	3066
मेसिन	3065
रहँदा	3065
लि	3064
सीप	3060
देशले	3059
सङ्घीय	3059
होटलमा	3059
अधिवक्ता	3055
परिणत	3055
अन्तरिम	3053
क्रमशः	3053
किसानलाई	3049
लामाले	3049
बोकेको	3048
गराउँदै	3047
गहिरो	3047
जोशी	3047
बालबालिकालाई	3047
हुन्न	3047
सम्भावित	3046
गइरहेको	3045
भइसकेका	3045
कैलाली	3044
रहनु	3038
जित्ने	3036
विशेषज्ञ	3036
लिइएको	3034
दिनुपर्छ	3033
कम्तिमा	3031
ग्यास	3031
महेन्द्र	3031
सूर्य	3031
परेपछि	3030
विभागको	3029
बिमा	3025
धनी	3015
बालुवाटारमा	3015
रेल	3015
होम	3015
नेताहरू	3014
भन्छिन्	3011
स्वतन्त्रता	3010
परिस्थिति	3009
एकपटक	3008
सधैँ	3008
तसर्थ	3007
नेपालीलाई	3007
पाउँदा	3007
रहेछन्	3006
देवी	3005
बालबालिकाको	3005
असन्तुष्टि	3002
सहायता	2998
प्रतिवेदनमा	2996
संसदको	2995
निजामती	2994
नदिएको	2987
रात	2987
आगलागी	2986
विसं	2986
आफैले	2983
पुग्दा	2983
स्वर	2983
गरेकाले	2982
राजु	2982
साझेदारी	2981
सुवेदीले	2981
ब्याज	2980
सवै	2980
संवाद	2979
सस्तो	2979
चाहिने	2978
रूप	2977
सहकार्यमा	2977
गोरखा	2976
जोशीले	2975
तरिका	2973
गरेपनि	2971
देखिएपछि	2970
लिए	2969
सम्पर्कमा	2968
जनाउँदै	2966
अन्तरक्रिया	2964
टिमले	2964
बजारको	2963
आवद्ध	2961
आशंका	2961
जसपा	2960
नियन्त्रणका	2958
प्रवद्र्धन	2954
तिर्न	2950
नेताको	2946
४१	2946
राम्रा	2945
तुलसीपुर	2943
मूल्यमा	2943
आपत्ति	2942
उपाध्यक्षमा	2939
उनकी	2937
पढ्ने	2937
सिजन	2937
सुवेदी	2936
हटाउने	2936
हौं	2934
रवि	2933
बाँके	2931
हेटौंडा	2931
अभावमा	2930
कामलाई	2930
घटनाका	2930
सदस्यले	2930
बा	2929
इन्चार्ज	2928
खोल्न	2927
मन्तव्य	2927
गर्थे	2925
खतिवडाले	2924
नक्सा	2923
नराम्रो	2923
समाधानका	2919
हिन्दु	2919
ई	2918
उठाउन	2917
खास	2917
बोल्ने	2913
पुगेपछि	2912
भट्ट	2909
सङ्कलन	2908
पश्चात	2905
पाउनु	2903
पौडेलको	2903
मधेसी	2903
सक्छौं	2903
मङ्सिर	2901
लगेर	2901
हुनुभएको	2900
उ	2898
आयोगमा	2897
ठोस	2897
बनाउँछ	2897
दीर्घकालीन	2895
भूमिकामा	2894
मजदुर	2893
तहले	2892
त्यहाँका	2892
एकताको	2891
धादिङ	2890
विभेद	2890
करीब	2887
स्थल	2885
जनमत	2883
सम्मको	2883
लगानीमा	2882
नभएपछि	2880
अनावश्यक	2879
तिर	2877
नियमावली	2877
बजेटको	2877
क्लिक	2874
चीनमा	2872
समाचारमा	2869
सहर	2868
एस	2866
बिच	2864
मनाउन	2863
परिवर्तनको	2860
कास्की	2857
कर्तव्य	2856
बयान	2856
व्यवसायिक	2856
गर्दछु	2855
स्तरीय	2853
तनाव	2848
४३	2848
अधिकतम	2846
चरण	2844
विश्वको	2844
समानुपातिक	2844
चामल	2843
समुदायमा	2842
चन्द्र	2840
पशुपति	2840
भनेपछि	2839
निर्वाचनका	2837
by	2836
बाह्य	2836
समृद्धिको	2836
संचालनमा	2834
अर्यालले	2833
विज्ञ	2832
ट्रम्पले	2831
भवनमा	2829
सृजना	2828
उठाउने	2826
२०२१	2825
५२	2823
राजेश	2822
गाउँका	2820
शेर्पा	2820
सदस्यहरु	2820
बारम्बार	2818
भएकै	2818
रहेकी	2816
सुरेन्द्र	2816
in	2815
एन्ड	2811
काँग्रेसका	2811
ठिक	2809
पदक	2808
है	2807
विरोधमा	2806
बैंकमा	2805
माटो	2804
अनुभूति	2803
तिनै	2803
त्यहाँको	2803
७२	2803
निर्णायक	2801
स्रोतका	2800
ज्ञवालीले	2798
सक्नेछन्	2797
टोल	2795
गिरीले	2794
हरि	2790
प्रचण्डको	2789
बिस्तारै	2786
गोपाल	2785
रामबहादुर	2785
बचाउन	2784
विनोद	2784
बढेर	2783
बि	2782
जित्न	2781
कब्जा	2779
कामना	2777
अ	2776
गठबन्धनका	2775
हुनुहुन्थ्यो	2775
अनुमोदन	2774
घाटा	2774
पक्षलाई	2774
तीनै	2773
चोट	2772
पुर्याएको	2771
विद्यालयले	2771
२०१७	2765
ठगी	2763
याउने	2762
हित	2761
निर्धारित	2760
सहमत	2759
दिल्ली	2758
नेताहरूले	2758
प्रदर्शनमा	2758
फाइनलमा	2758
२०१८	2757
दिनभित्र	2756
महान	2755
चितवनमा	2749
नृत्य	2749
बैठकको	2749
सम्पादक	2748
बर्षको	2747
पारिएको	2745
पार्दै	2744
क्षमताको	2741
व्यवस्थापनमा	2741
सुनको	2740
निगरानी	2737
बाबु	2737
राप्ती	2737
जोडिएका	2736
खुट्टा	2734
गराएर	2734
ठाकुर	2734
भट्टले	2734
कुराहरु	2732
नवराज	2730
महासंघको	2730
शंका	2730
आयोजकले	2729
कवि	2729
राय	2728
पेट्रोलियम	2727
पक्षका	2726
३९	2726
खोज्न	2725
परिक्षण	2725
संवेदनशील	2724
रुपैयाँको	2723
किन्न	2722
दर्शक	2722
ज्ञापन	2721
राष्ट्रपतिको	2718
बागलुङ	2717
मनोज	2716
पूरै	2715
डिएसपी	2712
निशुल्क	2712
मध्यनजर	2712
अपिल	2711
नगरप्रमुख	2710
सिटी	2710
विवादमा	2708
गरेकाे	2707
भएकोमा	2706
आदर्श	2705
भाइ	2703
भू	2703
भीम	2702
योग	2702
सगरमाथा	2699
चरम	2697
न्यौपानेले	2697
बिरामीलाई	2696
मल्ल	2694
राष्ट्रको	2694
प्रिमियर	2693
जनजाति	2690
अध्ययनरत	2689
पत्नी	2689
बधाई	2688
मिल्दैन	2686
राणा	2685
मिलाउन	2684
सुरक्षाका	2680
गर्नुको	2678
देउवालाई	2678
विस्तारै	2677
अनुरुप	2674
कमजोरी	2674
बेलुका	2674
पुनले	2673
सवार	2673
महेश	2672
रुप	2672
स्वास्थ्यकर्मी	2672
उपहार	2670
गरेकोमा	2670
स्वर्ण	2670
खोल्ने	2669
दिँदा	2664
सरोकारवाला	2664
४४	2664
आक्रोशित	2662
महानगरपालिकाले	2661
ढिलो	2657
त्यसबाट	2656
भाषाको	2656
संविधानमा	2656
विश्वभर	2653
नायक	2652
भरमा	2652
चितवनको	2650
युनियन	2650
एसियाली	2649
दिनअघि	2649
क्वारेन्टाइनमा	2647
पुरुषको	2646
तिनीहरूको	2645
महासंघले	2645
गर्नुका	2644
देखिए	2642
महामारीका	2641
दिपक	2640
भेटमा	2639
कार्यसमिति	2637
प्रशासनिक	2637
बेलायत	2637
गन्तव्य	2636
पहलमा	2636
देखाउने	2633
प्रयोगमा	2633
लकडाउनको	2630
लिई	2630
सहयोगको	2629
शुक्रवार	2627
भगवान	2625
मुलुकका	2624
जी	2623
न्युज	2623
पोस्ट	2623
विक्रम	2621
केसीको	2620
स्वार्थ	2619
कार्यक्रमहरु	2617
निकायको	2616
आई	2615
खटिएका	2615
बौद्ध	2615
नाफा	2614
अन्नपूर्ण	2611
दक्ष	2611
भनि	2611
लाग्दा	2611
–‘	2611
उपलब्धि	2610
खटिएको	2610
गतेबाट	2610
बेवास्ता	2610
कोरिया	2608
महाकाली	2608
उत्पादनको	2606
जितेका	2606
महिनादेखि	2604
अनौपचारिक	2603
मोडल	2603
बताउदै	2602
श्रमिक	2602
शपथ	2601
सशक्त	2598
गर्दछौं	2597
भन्छ	2597
इलाम	2595
आमाले	2594
जोडेर	2593
सधै	2593
सहसचिव	2593
खातामा	2591
लाग्दैन	2590
खोलामा	2589
भवनको	2588
बुधवार	2586
एकातिर	2584
आत्मनिर्भर	2583
लगिएको	2583
परिषद्	2580
छानविन	2579
पार्क	2578
साहित्यकार	2578
मौन	2574
कम्पनीलाई	2572
अन्त्यमा	2571
चालू	2570
चित्त	2570
बोलको	2570
आउँदो	2568
शिविर	2564
पारिश्रमिक	2563
जनकपुर	2560
टी	2560
४६	2559
अनुसारको	2558
स्वच्छ	2558
५३	2558
इजलासले	2557
हराएको	2556
गोप्य	2555
संगठनको	2555
ज्ञानेन्द्र	2554
मृतक	2553
हालको	2553
परिवारमा	2552
समापन	2551
खोज	2550
पात्र	2549
राईको	2549
किसानको	2548
अवस्थाको	2546
दिइन्	2546
धन	2546
अन्यथा	2545
यात्रामा	2544
देखाएर	2543
बालिका	2543
प्रणालीको	2540
आफैँ	2535
भाडामा	2535
विना	2535
हार्दिक	2535
टन	2534
पुरानै	2534
राजधानीमा	2533
लिनु	2533
आकार	2530
पदार्थको	2529
राष्ट्रपतिले	2529
पश्चिमी	2528
संसद्मा	2526
ठप्प	2525
दशक	2525
भर	2525
मन्त्रिपरिषद्को	2525
नमिल्ने	2522
पुँजी	2522
कृष्णप्रसाद	2521
उद्योगी	2520
लामिछानेले	2518
जलविद्युत्	2517
प्राय	2517
खासगरी	2514
जग्गामा	2514
प्रस्तुति	2514
लाइसेन्स	2513
सकिँदैन	2513
स्वदेशी	2512
चौकी	2511
अभियोगमा	2510
नदीको	2506
न्यायिक	2506
सूची	2505
अडान	2504
एम्बुलेन्स	2504
तत्कालै	2504
आफन्त	2503
प्रधानाध्यापक	2502
प्राधिकरण	2502
अध्यक्षता	2501
आकस्मिक	2499
पाठ	2499
बी	2499
रुकुम	2499
आजदेखि	2498
नेपालगन्ज	2498
पुरस्कृत	2497
रियल	2496
सुत्केरी	2495
अन्ततः	2494
सकिनेछ	2494
एसिया	2493
रौतहट	2493
निर्देशनमा	2491
२०२२	2491
४७	2491
सट्टा	2488
राजन	2487
होइनन्	2487
गर्नुपर्नेमा	2486
सन्तान	2486
उनि	2484
मेगावाट	2482
सामेल	2482
उद्योगमा	2481
आवास	2480
व्यापारिक	2480
नायव	2479
बुझ्ने	2476
खोज्दा	2475
मावि	2475
अवधारणा	2474
फूल	2474
ख्याल	2473
झापाको	2473
देखिन्छन्	2473
निवर्तमान	2473
महानगर	2473
प्रहरीमा	2472
मदिरा	2470
गतेको	2469
महानिर्देशक	2467
पक्का	2465
लाखको	2465
सुनसरी	2465
रोजगारीको	2464
आफैंले	2463
सर्वसाधारण	2462
बराबरी	2461
बढ्छ	2459
प्रतिनिधिसभाको	2457
उठेको	2456
पदका	2455
मौद्रिक	2452
हलमा	2449
नभएकाले	2447
अभियानको	2446
खाएर	2446
सकेसम्म	2446
समक्ष	2445
डाटा	2444
स्तर	2443
गाई	2442
प्राध्यापक	2441
अल	2440
मुक्ति	2440
विपरित	2440
सुनिल	2439
खसेको	2438
शाखाका	2438
हार	2435
कमिटीको	2434
भ्रम	2434
कार्यालयबाट	2433
कुनैपनि	2431
गर्भवती	2431
शिक्षामा	2428
देशभरका	2427
विद्यमान	2427
सुचना	2427
खपत	2424
संचालक	2424
४९	2423
संघीयता	2422
दिनुहोस्	2420
सुख	2420
ढुवानी	2419
पर्यटकको	2419
मकवानपुर	2414
रुपैया	2414
धेरैजसो	2413
प्रभु	2413
भौगोलिक	2412
राज्यका	2412
५६	2412
चरित्र	2411
चलाएको	2410
तस्करी	2410
कम्प्युटर	2409
धम्की	2409
नेताहरुको	2407
उत्तरी	2405
उत्पादित	2405
गणना	2405
पैदा	2405
कोषमा	2403
टेलिभिजन	2402
बोलाएर	2401
वाम	2401
ल	2400
देखिँदैन	2397
सम्झना	2397
आउँदै	2396
याद	2396
समुदायले	2396
स्रोतको	2396
दिनपछि	2395
देख्दा	2395
लागे	2395
अशोक	2394
ज्वरो	2394
पावर	2394
हिस्सा	2394
ओटा	2393
मार्च	2392
संसारमा	2392
समावेशी	2392
त्यहाँबाट	2390
आपसी	2389
उर्जा	2388
सुन्न	2388
परिसरमा	2386
बरिष्ठ	2386
उनकै	2385
व्यवसायमा	2385
हरु	2385
पर्सा	2383
किशोर	2382
रद्द	2382
लेख	2382
उपप्रधानमन्त्री	2380
बच्न	2380
शून्य	2380
टीका	2378
भुमिका	2378
८५	2378
त्यसबेला	2377
भाइरल	2377
फराकिलो	2376
शैली	2376
राजश्व	2373
देउवाको	2372
अर्याल	2371
रोपनी	2371
स्थानीयको	2371
कार्यलाई	2369
गाली	2369
गैरआवासीय	2369
बृद्धि	2369
सदुपयोग	2369
सहरी	2369
इतिहासमा	2366
दिनका	2366
सेट	2366
अव	2364
भइ	2364
सब	2364
शक्तिको	2363
अचानक	2362
तथ्याङ्क	2362
हेर्नुहोस्	2360
प्रशस्त	2359
निगमले	2358
एप	2356
निर्भर	2356
पत्रिका	2356
मूल्यांकन	2356
पाकिस्तान	2355
हरियो	2353
तीनवटा	2352
मान्ने	2352
लेख्न	2352
रिहा	2350
वडाका	2349
शो	2349
हजारौं	2348
आफनो	2347
लागतमा	2346
सचेतना	2346
दृष्टिकोण	2345
भाद्र	2344
शर्माको	2344
जनकपुरधाम	2343
मङ्गलबार	2343
विस्थापित	2343
पोजेटिभ	2342
समाजसेवी	2342
कुराहरू	2341
थपिएको	2341
ब्याजदर	2341
गुमाएका	2340
राना	2340
निकाल्न	2339
ः	2338
घोषित	2338
उल्लेख्य	2337
शिखर	2336
विदेशबाट	2334
समझदारी	2333
बनायो	2331
बुझाउन	2329
दु	2328
फेसबुकमा	2327
संस्थालाई	2327
पोखराको	2324
नेपालगञ्ज	2321
प्रकृति	2320
श्रीमान	2320
सहजै	2320
बाढीले	2319
रोजगारीमा	2318
अनिल	2317
उज्यालो	2317
बलिउड	2317
मुस्लिम	2314
खेलाडीले	2312
निकायमा	2312
बीचको	2312
सुचारु	2311
६३	2310
महँगो	2309
मे	2309
हल्ला	2309
आन्दोलनका	2307
आय	2306
इन्जिनियर	2305
कतार	2305
खेलाडीलाई	2305
पढाइ	2305
गरेँ	2304
रोक्ने	2303
साँच्चै	2302
मुटु	2299
ठक्कर	2297
गम्भिर	2296
पार्टीभित्र	2294
खेलाडीको	2293
बानी	2293
साइकल	2293
ताल	2292
मिलन	2292
कटौती	2291
जानुपर्ने	2291
उद्योगको	2290
मार्ने	2289
दोहोरो	2288
महाशाखाले	2287
बिशेष	2285
सागर	2285
कूल	2284
पटकपटक	2279
पुनर्निर्माण	2278
भण्डारीको	2278
केशव	2277
शिलान्यास	2277
संस्कृतिको	2277
अनुसन्धानमा	2275
महाधिवेशनमा	2275
कुराले	2272
जनतामा	2272
विक्री	2272
ध्यानमा	2270
रक्तदान	2270
चुनावको	2269
बार	2269
मगरले	2269
प्रश्नको	2268
सहिद	2268
गुरु	2267
एन	2266
सांसदले	2266
हल्का	2266
अर्थतन्त्रमा	2265
रुसी	2262
तौल	2261
सक्दैनन्	2261
अपाङ्गता	2260
माओवादीका	2260
रेग्मी	2260
नेतृत्वले	2259
भ्रमणका	2257
विरोधी	2257
संसार	2257
मान्छेको	2256
७८	2256
थियाे	2255
५४	2255
अभिवृद्धि	2253
स्वाब	2252
रही	2251
टु	2250
नसकेपछि	2249
अंग्रेजी	2248
शान्त	2248
गठित	2247
बन्छ	2247
सर्वसम्मत	2247
सञ्चालनका	2246
क्षेत्री	2244
सिधै	2244
सुपर	2244
व्यवहारमा	2243
जलविद्युत	2242
निर्मला	2242
मिलेको	2241
प्रचलन	2239
रोजगारीका	2238
क्लबले	2237
रिक्त	2236
चिन्तित	2235
शुभ	2235
चाहने	2234
छोरीको	2234
जग्गाको	2234
पाल्पा	2234
प्राधिकरणका	2234
सत्तामा	2233
रुपियाँ	2232
सुमन	2232
बुबा	2230
खत्री	2229
स्थितिमा	2229
शरीरको	2228
उच्चस्तरीय	2227
गुरुङको	2227
हजारभन्दा	2227
परमेश्वरको	2224
निम्न	2221
पवित्र	2221
हुदैन	2221
सचिवमा	2219
मानिने	2217
आवासीय	2216
चाहे	2216
सम्पुर्ण	2215
किताब	2214
दलीय	2214
बेनी	2212
बढुवा	2211
लक्ष्मण	2211
अध्यक्षको	2208
वीर	2208
मनोनयन	2207
कस्ता	2205
लिनुपर्ने	2205
a	2204
कार्यको	2204
जोडिन	2203
सिमेन्ट	2203
गरिबी	2202
झण्डा	2202
नमूना	2202
पर्नेछ	2202
५८	2202
माओवादीको	2201
विशेषगरी	2201
कूटनीतिक	2200
गराई	2200
कित्ता	2199
दरबार	2198
संयोजन	2198
बालिकालाई	2197
कागजात	2196
फोरम	2196
गर्नेलाई	2195
दरबन्दी	2195
उड्डयन	2194
ईश्वर	2193
प्रसिद्ध	2193
रावलले	2193
आश्वासन	2192
बढीको	2192
लगाउँदै	2192
लगानीको	2192
चेतना	2191
नामको	2191
पेट	2191
बढ्यो	2191
बलमा	2191
मनोरञ्जन	2189
हिरासतमा	2189
मानिएको	2186
सुवास	2186
लिमिटेड	2185
काठमाडौंका	2184
रुपले	2184
साहित्यिक	2184
वरिपरि	2181
५७	2181
शैलीमा	2178
सचिवालयले	2176
पर्वत	2175
उपयोगी	2174
क्रान्ति	2174
भव्य	2174
यसैले	2174
समितिलाई	2174
सुशील	2174
भीड	2172
शाक्य	2172
खुलासा	2171
महतो	2171
लेखन	2171
अनुसन्धानका	2169
न्यूज	2167
योजनाको	2167
सोमवार	2167
पीसीआर	2165
राम्रै	2165
कोरोनाका	2164
व्यवस्थापनका	2162
कार्यकर्तालाई	2161
विष्ट	2161
मन्दिरको	2160
आइरहेका	2158
उपस्थितिमा	2158
कृषक	2157
नियमन	2157
भित्री	2157
जल	2156
परिसर	2156
प्रतिकृया	2156
महानगरले	2156
गाडीमा	2155
सकियो	2155
एमालेमा	2154
विपद्	2153
ट्रक	2152
परिस्थितिमा	2151
जनस्वास्थ्य	2150
दोष	2150
मानिसहरूले	2150
कम्पनीमा	2149
होलान्	2148
तारा	2147
उठाएको	2145
पोष्ट	2145
भलिबल	2143
राज्यमन्त्री	2143
सङ्घ	2142
देखेको	2141
बढेपछि	2141
सम्पदा	2141
मिलाएर	2140
व्यापारी	2140
आरोपित	2139
बालकृष्ण	2138
विगतका	2138
शहरमा	2138
मिल्छ	2137
मह	2136
नेपालमै	2135
शल्यक्रिया	2135
विष्टले	2134
बारा	2133
अंश	2132
कल	2131
चल्न	2131
राम्ररी	2131
खोज्दै	2129
ज्ञवाली	2129
अरुण	2128
फलफूल	2128
महतले	2128
सहभागि	2128
ढिलाइ	2126
मध्यम	2126
रुपन्देही	2126
पन्त	2125
हिन्दू	2125
पदबाट	2124
मुलुकलाई	2123
होईन	2123
महोत्सवमा	2122
स्वयं	2122
किनकी	2121
२००	2121
अलिकति	2120
प्रस्तावित	2119
रेखा	2119
वर्षभित्र	2119
प्राधिकरणको	2118
महानिरीक्षक	2118
बाली	2117
प्रधानमन्त्रीलाई	2115
अतिक्रमण	2114
लिगमा	2114
समुह	2113
शान्तिपूर्ण	2112
६४	2112
दुःखी	2111
पारी	2111
सभाका	2108
रहँदै	2107
सुरेश	2105
मान्छेले	2104
आफूहरु	2101
पुष	2100
मतगणना	2100
सुधारका	2099
बढाइएको	2098
मुद्दाको	2098
रचना	2098
प्रचण्डलाई	2097
फर्किने	2097
गठबन्धनले	2096
परियार	2096
रहेकोले	2096
एकीकरण	2095
चाप	2095
पूर्वप्रधानमन्त्री	2095
तिमीलाई	2094
जबकि	2093
मोदीले	2092
रामेछाप	2092
द्वन्द्व	2090
सपथ	2090
५००	2090
इटहरी	2087
न्यूनीकरण	2086
भण्डारण	2086
ढिला	2085
भन्नुहुन्छ	2085
हुदा	2085
मुल्य	2084
लोकतन्त्रको	2084
क्रियाकलाप	2083
चिनी	2083
होस	2083
नुवाकोट	2082
जाहेरी	2081
थपे	2080
पेट्रोल	2080
कामहरु	2079
आफूहरुले	2077
इन	2077
कतिपयले	2077
जैविक	2077
स्थिर	2077
हुनेको	2077
समुदायलाई	2076
थापालाई	2074
दान	2074
लगाउनु	2074
सहमतिमा	2074
सक्दछ	2072
परिमार्जन	2071
सारा	2071
अनियमितता	2069
मुद्रा	2067
श्रेष्ठलाई	2067
अदालतका	2065
त्यहि	2065
अवतरण	2064
क्षतिपूर्ति	2064
महिलाहरु	2064
व्यवस्थापनको	2064
साइट	2064
सूचनाको	2064
टेवा	2061
विभाजित	2061
६२	2061
यथार्थ	2060
बुवा	2059
खतिवडा	2058
धितोपत्र	2058
मिलियन	2058
सङ्क्रमित	2056
बाहिरी	2055
मञ्च	2055
संस्करण	2054
सहरमा	2052
अपनाउन	2051
कता	2051
संगठित	2050
कलेजमा	2049
यादवको	2049
चौधरीको	2048
बराबर	2048
क्षेत्रले	2047
पसलमा	2047
वीरगञ्ज	2047
लिटर	2046
भर्चुअल	2045
क्लबका	2044
बुझाइ	2044
दैनिकमा	2043
नेतालाई	2043
भो	2043
रुपैयाँमा	2043
घनश्याम	2042
मुल	2041
स्वाभाविक	2040
निकालेर	2039
बल्ल	2038
वस्तुको	2038
आउट	2036
गोर्खा	2036
रुचि	2035
लाखौं	2035
पति	2034
अन्तर	2033
गरौँ	2033
दूरी	2033
घण्टामा	2032
९५	2032
आइतवार	2031
कायमै	2030
लागेपछि	2030
पहिरोले	2027
धमाधम	2024
फिचर	2022
बनाउनुपर्ने	2021
म्याग्दी	2020
संक्रमणबाट	2020
व्यवस्थाको	2017
कपिलवस्तु	2016
राखिएका	2016
फिट	2015
तातो	2014
तुरुन्तै	2014
हितमा	2014
साधनको	2013
६८	2013
संगठनले	2012
जोडी	2011
प्रजातान्त्रिक	2011
कुशल	2010
हराउँदै	2010
उल्लंघन	2009
प्रेरित	2009
सबैमा	2009
आउँछन्	2007
प्रतिष्ठानका	2007
,'	2006
झलनाथ	2006
जात्रा	2004
झन	2004
फर्कने	2004
क्याटेगोरी	2002
प्रतिस्पर्धी	2002
बनाउनका	2002
ला	2000
वेबसाइट	2000
समस्यालाई	2000
सरसफाइ	2000
कामका	1999
गुल्मी	1999
परीक्षणका	1999
कोषको	1998
दिई	1998
आयल	1997
उही	1997
नगरे	1997
नवलपरासी	1997
निराश	1997
बोलाएको	1997
गर्नुपर्दछ	1996
दशैं	1996
प्र	1996
ठुला	1995
प्रदर्शनी	1995
फल	1992
नहोस्	1991
मेलम्ची	1991
नेपालीहरुको	1990
पुलिस	1990
मंगलवार	1990
उपभोग	1988
एम	1988
हुनुको	1987
टोलीको	1986
गैरसरकारी	1985
नवीन	1985
सम्झौतामा	1985
सरसफाई	1985
कारबाहीको	1984
ठेकेदार	1984
अन्तर्वार्ता	1983
नम्बरमा	1983
६१	1983
७९	1983
कार्यकालमा	1982
गर्दैछ	1982
गठबन्धनमा	1981
छाला	1981
प्रतिबद्ध	1981
नैतिक	1980
रणनीतिक	1979
शाक्यले	1979
ग्राम	1978
तालमेल	1978
भारतसँग	1978
दायरामा	1976
असन्तुष्ट	1975
महिनापछि	1975
संकटमा	1975
एकदम	1974
मानिसहरूलाई	1974
सहुलियत	1973
बेलायती	1970
भनिने	1970
विमानस्थलको	1970
खोजिएको	1969
छेउमा	1969
मलेसिया	1968
सरस्वती	1968
गाविस	1967
नारायणी	1967
संचार	1967
संसद्को	1967
भेरी	1966
रनको	1965
तालिका	1964
बस्नु	1964
ट्रेड	1962
घुस	1961
प्रारम्भ	1961
महिनासम्म	1961
पुरै	1960
बजेतिर	1960
चित्र	1959
टोलीका	1959
रोचक	1958
कच्चा	1956
प्रवर्द्धन	1956
समन्वयमा	1956
पत्राचार	1955
करोडको	1954
कुरो	1954
युवालाई	1954
शाहको	1954
खोपको	1953
सचेतक	1953
भुसाल	1952
पैदल	1951
ब्यक्त	1951
अरुलाई	1950
खेर	1949
खानेकुरा	1948
शहरी	1948
अस्तित्व	1947
समेटेर	1947
काठमाडौँमा	1946
परीक्षामा	1946
विश्वकर्मा	1946
कञ्चनपुर	1945
कर्म	1945
दिन्छन्	1945
विषयको	1945
शरणार्थी	1945
अर्थतन्त्रको	1944
हाराहारीमा	1944
तापक्रम	1943
दलहरुले	1943
निषेध	1943
बिरुवा	1943
फाइल	1942
पृथ्वी	1941
शुभारम्भ	1941
झा	1940
निवासमा	1940
भाषण	1940
आमालाई	1939
निरीक्षण	1938
सम्बन्धलाई	1938
मिडियामा	1937
रेग्मीले	1937
सुरक्षाकर्मी	1937
आर	1936
बाधा	1936
मागेको	1936
विवादित	1935
गभर्नर	1933
बिल	1933
लेख्ने	1933
२०१५	1933
मल्लले	1932
मस्यौदा	1932
निकास	1930
पढ्नुहोस्	1930
कार्यकर्ताले	1929
उठाएका	1928
मोर्चा	1928
हेल्थ	1928
कार्कीको	1927
शिविरमा	1927
भरत	1926
वायु	1926
नपाइने	1925
निर्णयमा	1925
अन्तरगत	1924
अवस्थालाई	1924
ललितपुरको	1924
व्यक्तित्व	1924
खेलेका	1923
सिंगो	1923
डाउनलोड	1922
लगेको	1922
सम्मेलनको	1922
दमक	1921
बताइन्छ	1921
मकै	1921
मन्त्रीले	1921
डोज	1919
दाहालको	1919
निर्देशिका	1919
सीता	1919
चाहन्छन्	1917
सुदृढ	1917
सैद्धान्तिक	1917
आर्जन	1916
छोराको	1916
देखेपछि	1915
ना	1915
संविधानसभा	1915
सरोकार	1915
२०१६	1915
आफ्नी	1914
नत्र	1914
निकाल्ने	1914
श्रीमान्	1914
सक्नु	1913
सांसदको	1912
गरीएको	1911
प्रयत्न	1909
राजनीतिको	1909
विभागमा	1909
सवालमा	1909
अर्काे	1908
घोराही	1908
माथिको	1908
कार्ययोजना	1907
खरीद	1906
पार्टीबाट	1905
आकाश	1904
कार्यक्रमले	1904
चितवनका	1904
कारागार	1901
प्रमुखको	1901
सकेर	1901
बाहिरबाट	1900
श्याम	1899
काठमाडाैं	1898
भुसालले	1898
मृत्युको	1898
सकिएपछि	1898
जिल्लाबाट	1897
प्रकृतिको	1897
मान्न	1897
बुझाउने	1896
अफर	1895
टोलीमा	1895
ठाउँबाट	1895
ताकि	1895
फर्केर	1895
समाजलाई	1895
हिमालयन	1895
आलु	1894
विक	1893
शेखर	1892
भेटिएका	1891
घुम्न	1890
याउन	1889
टिमको	1888
कमला	1887
बितरण	1887
मन्त्रीको	1887
प्रस्थान	1886
व्यवसायीको	1886
गरेसँगै	1885
जबरजस्ती	1885
नसकिएको	1884
कपाल	1883
पुलको	1883
पानीमा	1882
सालदेखि	1882
बस्तीमा	1881
मोदी	1881
अमेरिकाका	1880
बनेपछि	1880
जसमध्ये	1879
तिहार	1878
दिशामा	1878
निष्पक्ष	1878
खेल्दै	1877
गरिए	1876
आपसमा	1875
ग्राहकले	1875
छवि	1875
बराल	1875
सारेको	1875
छोरीलाई	1874
झगडा	1874
पूर्णता	1874
लिगको	1874
`	1873
टोलीलाई	1873
हावा	1872
गई	1871
बुढा	1871
हालतमा	1871
एयर	1870
शौचालय	1870
६७	1868
साँस्कृतिक	1866
बित्तिकै	1864
रंग	1864
कान्तिपुर	1862
खोजीमा	1862
तोडफोड	1862
अभियानलाई	1861
खानेपानीको	1861
पहाड	1861
समेटिएको	1861
प्रत्यारोपण	1860
स्तरको	1858
प्रतिभा	1857
निक्षेप	1856
भरिएको	1856
योग्यता	1856
सिस्टम	1856
५९	1855
प्रस्ट	1854
विश्वस्त	1854
हालेर	1854
अवश्य	1853
गाउँको	1852
कहिलेकाहीँ	1851
कानुनको	1851
पोखरी	1850
युवाको	1850
गुण	1849
तस्वीर	1849
निकायका	1849
भट्टराईको	1849
७४	1849
पाउनेछन्	1847
कैलालीको	1846
डी	1845
नव	1845
विरुद्धमा	1845
धेरैको	1844
कार्यान्वयनका	1843
गगन	1843
निर्मित	1842
सतर्कता	1842
आखिर	1841
केन्द्रबाट	1841
दलाल	1841
चाँडो	1840
नेपालकै	1840
जुत्ता	1838
नेगेटिभ	1838
सर्वोच्चले	1838
ह	1838
उद्यमी	1837
महानगरपालिकाका	1837
डीएसपी	1835
बोलाइएको	1835
वातावरणीय	1835
बदर	1833
लड्न	1833
बौद्धिक	1832
भएँ	1832
मसँग	1832
मापन	1832
प्रचलित	1831
अधिकारीलाई	1829
भ्रमणको	1829
७३	1829
परिरहेको	1828
केजी	1827
कोइरालाको	1827
डे	1827
जसो	1826
पेशा	1826
बास	1826
मतलब	1826
बनाउँदा	1825
पारदर्शी	1824
दलहरु	1823
अवलम्बन	1822
उम्मेदवारको	1822
पायो	1822
मित्र	1822
बाक्लो	1821
विपक्षमा	1821
गर्मी	1820
समर्पित	1820
खुल्न	1819
परराष्ट्रमन्त्री	1819
बत्ती	1819
नभएसम्म	1818
स्व	1818
कार्यान्वयनको	1817
बच्चाको	1816
सेवाका	1816
मान्छेलाई	1815
त्रास	1814
बेच्न	1814
मानेर	1813
क्याम्पसमा	1812
७१	1812
संचालित	1811
कल्याण	1810
छैनौं	1810
टिभी	1810
पीडितलाई	1810
आराम	1808
नआएको	1807
लाग्नु	1807
सेनाका	1807
काटेर	1805
सरोज	1805
किनारमा	1804
मूर्ति	1804
चाहनुहुन्छ	1803
२०२३	1803
संगठनका	1802
सन्दीप	1802
कृष्णबहादुर	1801
पदको	1801
सञ्चालनको	1801
उत्साह	1799
दोब्बर	1798
रक्सी	1798
भित्रका	1797
थियौँ	1796
राउत	1796
टिकटक	1795
बढाएर	1795
अप्ठ्यारो	1794
खण्ड	1793
युरोपेली	1793
लिमिटेडले	1793
रकमको	1792
अगुवा	1791
उपत्यकाका	1791
ब्यवस्था	1791
सहि	1791
६६	1789
व	1788
विश्वकै	1788
व्यवसायीलाई	1787
अख्तियारले	1785
काठ	1785
थुनामा	1785
नारी	1785
थालनी	1784
[…]	1783
प्रकोप	1783
अग्लो	1782
निवारण	1782
सहमतिको	1781
साझेदार	1781
कृषिमा	1780
मिर्गौला	1780
भैसकेको	1779
मूल्याङ्कन	1779
साइबर	1779
सिन्धुपाल्चोक	1778
स्थलमा	1776
पर	1775
बेलायतमा	1775
रोशन	1773
आयोजनाले	1772
बताउँछिन्	1772
बालुवाटार	1772
रिजालले	1772
चोकमा	1771
परीक्षणको	1771
यिनै	1771
सदस्यलाई	1771
सिमित	1771
८१	1771
ईलाका	1769
ढुक्क	1769
सम्बद्ध	1768
प्रज्ञा	1767
राज्यमा	1767
अन्यत्र	1766
लुगा	1766
गर्नुपर्नेछ	1765
रूपैयाँ	1765
कोहलपुर	1764
गरिदिएको	1764
जितेर	1764
विशेषता	1764
हैसियत	1764
निर्देशित	1763
सयौं	1763
स्थानको	1759
आंशिक	1758
नलाग्ने	1757
भिन्न	1757
[	1756
प्रशोधन	1756
निर्माणाधीन	1755
पल	1755
आइसोलेसनमा	1754
उपमेयर	1754
दर्शकले	1754
दिइरहेका	1753
पठाएका	1752
पालन	1752
सामग्रीको	1752
मेरी	1751
वेला	1751
गित	1750
नम्वर	1750
रावल	1749
संयन्त्र	1749
]	1748
अभियानका	1747
रेशम	1747
अत्याधिक	1745
नाराका	1745
बेच्ने	1745
जवान	1744
रहेकाे	1744
९९	1744
सन्तुलन	1742
अनौठो	1741
प्रतिस्पर्धामा	1741
चिन्ह	1740
लड्ने	1740
पार्किङ	1739
अनुकूल	1738
नसके	1738
बालुवा	1738
मोहम्मद	1738
घटाउन	1737
घाईते	1737
च्याम्पियन	1737
बहुमुखी	1737
जनवरी	1736
दिवसका	1736
बुझिएको	1736
लघुवित्त	1736
स्नातक	1736
कसलाई	1735
डिसेम्बर	1735
बिरोध	1735
दुर्व्यवहार	1734
बालक	1734
सिफारिसमा	1734
रहर	1733
स्वरमा	1733
रुख	1732
इजलासमा	1731
पूँजी	1731
माफी	1729
जीवित	1727
दूतावासले	1727
रोल्पा	1727
विदा	1727
पटकको	1726
अदालतबाट	1725
असहज	1724
उनीसँग	1724
शिकार	1724
सिलसिलामा	1724
जोन	1723
फर्कन	1723
बस्दा	1723
बिहानै	1722
मोरङको	1722
पराजुली	1721
अनुसन्धानको	1720
?”	1718
तिनको	1718
तीमध्ये	1718
बर्दिया	1718
भाउ	1718
महानगरपालिकाको	1718
स्थलगत	1718
गरें	1717
संरक्षणमा	1717
दुख	1716
अभियन्ता	1715
तनहुँ	1715
सफलताको	1715
आयुक्त	1714
Facebook	1713
तिमीले	1713
व्यावहारिक	1713
पाठक	1712
बुझेर	1712
समग्रमा	1712
कार्यदल	1711
बहिनी	1711
ब्रान्ड	1710
भावी	1710
बीउ	1709
गरिनु	1708
हदसम्म	1708
एकाएक	1707
सवारीसाधन	1707
क्यामेरा	1706
दायरा	1706
दुर्गम	1706
नामावली	1706
प्रस्तावमा	1705
ऐनको	1704
पठनपाठन	1704
खाजा	1703
गाडीको	1703
नारायणकाजी	1703
मेलामा	1703
अन्तर्गतको	1701
अर्कै	1701
जाति	1701
अग्रसर	1700
गरिदिन	1700
आरोहण	1699
त्रिवि	1699
प्रयासमा	1699
उत्पादक	1698
ढुंगा	1698
महिनाभित्र	1698
पाइँदैन	1696
प्याकेज	1696
तीज	1695
आयोजनाका	1694
तालिममा	1694
इच्छुक	1693
उत्रिएका	1692
कलाकारको	1691
काँग्रेसले	1691
बोनस	1691
संलग्नता	1690
बंगलादेश	1688
भित्रै	1688
जय	1687
नो	1687
इन्सेक	1685
प्रसार	1685
हेक्टर	1684
बाणिज्य	1683
आजसम्म	1681
उहाले	1681
त्यसअघि	1681
राख्दा	1681
लिँदै	1681
सत्ताको	1681
स्वतः	1681
उपराष्ट्रपति	1680
बाख्रा	1680
दिदी	1678
वञ्चित	1678
अर्कोतिर	1677
भोली	1677
स्वास्थ्यको	1677
डिग्री	1676
मृ	1676
लाइफ	1676
on	1675
दिइरहेको	1675
हिमालय	1675
उसका	1674
प्रकार	1674
हाउस	1674
पुर्ण	1673
हुँदाहुँदै	1673
छलफलका	1672
जेलमा	1672
नाकामा	1672
निलम्बन	1672
सप्तरी	1671
सिँचाइ	1671
सांसदहरुले	1670
अरब	1669
कालोपत्रे	1669
छिन	1669
विकृति	1669
शाखाले	1669
काट्ने	1668
सक्छु	1668
अस्पताललाई	1666
पालिकामा	1666
बासिन्दा	1666
भन्नेबारे	1666
जापानमा	1665
हजारको	1665
is	1664
उपन्यास	1663
तापनि	1662
नजिकैको	1662
अध्ययनका	1661
बोर्डको	1660
इन्धन	1658
विधेयकमा	1658
अन्याय	1657
मुखमा	1657
डोनाल्ड	1656
बार्षिक	1656
सहकारीको	1656
अरुको	1655
जुम्ला	1655
देव	1655
काभ्रे	1654
नेटवर्क	1654
सफ्टवेयर	1654
आइसोलेसन	1653
खुल्ने	1653
समयपछि	1653
विद्यार्थीहरुलाई	1652
गर्यौं	1651
मुद्धा	1651
सन	1651
कफी	1650
गर्दैनन्	1650
भोलिपल्ट	1650
राष्ट्रियसभा	1650
वान	1650
बिषय	1649
रुपान्तरण	1649
सास्ती	1649
पाठ्यक्रम	1648
मानिसमा	1648
नहुनु	1647
वर्षाको	1647
जापानी	1645
परिवर्तनका	1645
पाटन	1645
सद्भाव	1645
स्पष्टीकरण	1645
हौँ	1645
अर्कोतर्फ	1644
प्रतिफल	1644
चीनका	1643
जर्मन	1643
टेलिफोन	1643
रंगशालामा	1643
प्रमाणीकरण	1642
मालपोत	1642
समूहलाई	1641
*	1640
उनै	1639
सुनुवाई	1639
पानीले	1638
मैत्री	1638
समारोह	1637
देखाउँदै	1636
मेहनत	1636
सुब्बा	1636
हाफमा	1636
सम्ममा	1635
लाग्थ्यो	1634
पाकिस्तानी	1633
भेटेर	1631
यादवलाई	1631
विद्यालयलाई	1631
अटो	1630
पाउँछन्	1630
स्वाद	1630
कागज	1627
मधेशी	1626
योगेश	1626
सक्दो	1626
कमाउने	1625
झोला	1625
रूपले	1625
पन्तले	1624
त्यसमाथि	1623
लहर	1623
हटाएर	1623
सर्वोच्चको	1622
सास	1622
खत्रीले	1621
खुकुलो	1621
च्याम्पियन्स	1621
ट्रम्प	1621
त्यहीँ	1621
भारतलाई	1621
अवकाश	1620
श्रोत	1620
सिद्धार्थ	1620
शिक्षकको	1619
गरेनन्	1618
जापानको	1618
सांगीतिक	1618
%	1617
नपाएर	1617
सँगसँगै	1617
सर्लाही	1617
उपसभापति	1616
दिलाउन	1616
भिटामिन	1616
निकुञ्ज	1615
माग्न	1614
निकायलाई	1613
मिलाउने	1613
सुनेर	1613
६९	1613
प्रयोजनका	1612
बाँच्न	1612
महोत्सवको	1612
काँग्रेसको	1611
खोलेर	1611
मारमा	1611
चिकित्सकले	1610
स्वामित्व	1610
मन्त्रालयलाई	1609
उदाहरणका	1608
घाम	1608
दाङको	1608
नेताहरुलाई	1608
विगतको	1607
धनकुटा	1606
प्रदेशसभामा	1606
लगाई	1606
समस्याका	1606
सेप्टेम्बर	1606
छाड्ने	1605
मुलुकले	1605
पक्षबाट	1603
भैरहवा	1603
आस्था	1602
पाउनुपर्ने	1602
बोर्डका	1602
एसएसपी	1601
घटनाबारे	1601
दर्शकको	1601
ढङ्गले	1600
पौष	1600
युवाहरु	1600
कोरियाली	1599
नेकपाले	1599
भार	1599
रिजाल	1599
खवर	1598
धोका	1598
न्यानो	1598
विराटनगरमा	1598
करणी	1597
तहलाई	1597
मानवअधिकार	1597
राख्नुपर्ने	1597
अमर	1596
औ	1596
कृति	1596
जनार्दन	1596
प्रभावशाली	1596
रामप्रसाद	1596
विश्वविद्यालयको	1596
एजेण्डा	1595
जथाभावी	1593
नसकेका	1593
समाजवादीका	1593
सि	1593
निक्कै	1592
अपमान	1590
कक्ष	1590
कुखुरा	1590
जात	1590
सेमिफाइनलमा	1590
प्रेरणा	1589
महतोले	1589
नया	1588
निष्कर्षमा	1588
पक्की	1588
महाधिवेशनको	1588
गर्नै	1587
जान्न	1587
यसबाहेक	1586
झडप	1585
कांग्रेसलाई	1583
हेर्दै	1583
धनुषा	1582
बाबा	1582
प्रकृया	1581
वर्षभन्दा	1581
शंकास्पद	1581
महर्जन	1580
वसन्त	1580
हुनेगरी	1580
एमालेबाट	1579
औसत	1579
परिषद	1578
शुद्ध	1578
अत्याधुनिक	1577
ऐनमा	1577
तथापि	1577
नवनिर्वाचित	1577
नेपालीहरु	1577
आइएमई	1576
सन्तुष्ट	1576
उद्देश्यका	1575
विश्वविद्यालयका	1575
कार्यपालिका	1573
दुइ	1573
प्रश्नमा	1572
बराबरीमा	1572
बुझाएका	1572
भनेकै	1572
लाभांश	1572
एप्पल	1571
सिंहको	1571
८२	1571
नेशनल	1570
न्यायको	1570
पुजा	1570
रूपान्तरण	1570
वर्गको	1570
उल्लेखनीय	1569
ब	1569
अचम्मित	1568
घरका	1568
जनरल	1568
सयभन्दा	1567
गोलको	1566
सेती	1566
नजिकको	1565
पैसाको	1565
सुखी	1565
पर्वको	1562
बरालले	1562
कोरोनाबाट	1561
जन	1561
जाजरकोट	1561
भइन्	1561
भरपर्दो	1561
खाएको	1560
प्रधानमन्त्रीका	1560
गर्दैछन्	1559
नुन	1559
लकडाउनका	1559
कडाइ	1558
तिनका	1558
यकिन	1558
८४	1558
अमृत	1557
चीनबाट	1557
नेताहरूको	1556
बिचमा	1556
लैङ्गिक	1556
काठमाडौंबाट	1555
च्यानल	1555
छोराछोरी	1555
नवीकरण	1555
पर्यटकलाई	1555
राजधानीको	1555
खड्काको	1554
लाखभन्दा	1554
दुख्ने	1553
देखाउँछ	1553
गीतकार	1552
जीवनका	1552
सकिन्न	1552
स्वरूप	1552
काठमाडौँको	1551
पा	1551
बताउने	1551
व्यक्तिहरू	1550
थिइन	1549
सन्दर्भ	1549
०००	1548
उल्लेखित	1547
पौडेललाई	1547
युरोप	1547
सुरक्षामा	1547
ओम	1546
क्वारेन्टाइन	1546
बताउनुहुन्छ	1545
लिएपछि	1545
लेखेर	1545
२०७०	1545
नोभेम्बर	1544
पढेको	1544
यु	1544
ओभरमा	1543
कक्षामा	1543
चाहिएको	1542
तिर्ने	1542
नगर्दा	1542
प्रतिपक्ष	1542
परिषद्को	1541
अनुशासन	1540
दिनमै	1540
दुईजना	1540
पनी	1540
सहयोगका	1540
सामुहिक	1540
चाड	1539
नहुन	1539
वैचारिक	1539
प्रतिशतसम्म	1537
रासायनिक	1537
स्थानबाट	1537
हाल्ने	1537
आक्रोश	1536
ज्ञापनपत्र	1536
द्रुत	1536
बढेका	1536
बेड	1536
खाँचो	1535
ल्याउनु	1535
सबैका	1535
विरामी	1534
तिन	1533
लाइनमा	1532
आक्रमणमा	1531
रहेकोमा	1531
अक्टोबर	1530
तुलना	1530
बोकेका	1530
वार्तामा	1530
अध्यक्षले	1529
औचित्य	1529
झाले	1529
परियोजनाको	1529
वीरगन्ज	1529
शीर्षकमा	1529
एनआरएन	1528
महिनाअघि	1528
वातावरणमा	1528
प्लस	1526
संगीतकार	1526
अधिकारका	1525
भन्नुभएको	1525
वर्णन	1525
हुन्थे	1525
२०६४	1525
अधिकृतको	1524
मोटर	1524
००	1523
अप	1521
वडाको	1521
हौसला	1521
तैपनि	1520
प्रयोगशाला	1520
शर्त	1520
चौधरीलाई	1518
उन्नत	1517
घटाउने	1517
पठाउनु	1517
हुनुपर्दछ	1517
उजागर	1516
झापाका	1516
शेर्पाले	1516
उमेश	1515
गरेकै	1515
गर्नुपरेको	1515
जानकार	1515
२०७१	1515
गर्छन	1514
त्याग	1514
पाएर	1514
उपधारा	1513
एमालेलाई	1513
आदानप्रदान	1511
किन्ने	1511
महाशाखाका	1511
अर्थमा	1510
आँखामा	1510
सल्यान	1510
साविक	1510
सिमा	1510
सुन्दा	1510
२०६३	1510
अहिलेका	1509
छुट्टाछुट्टै	1509
जोड्न	1509
विद्यार्थीहरु	1509
आइसकेको	1508
कुरै	1508
कोसिस	1508
घटनालाई	1508
लिम्बू	1508
सम्मका	1508
अविश्वासको	1507
नर्स	1507
आचार्यको	1506
प्रदेशसभाको	1506
यसकारण	1506
वर्षिय	1506
निर्णयको	1505
व्यक्तिहरु	1504
गरेन	1502
धर्ना	1502
प्रबन्धक	1502
मिश्रले	1502
उखु	1501
उठेर	1501
जहिले	1501
हतार	1501
कसको	1500
चोक	1500
उनीहरूका	1499
प्रतीक	1499
मृतकको	1499
दुरी	1498
प्रतिष्ठानले	1498
नसक्नु	1497
महान्	1497
सबभन्दा	1497
अध्ययनले	1496
गुणा	1496
पराजुलीले	1496
बर्षिय	1496
दाजु	1495
देखाएका	1495
पिसिआर	1495
प्रयोगकर्ता	1495
भित्रको	1495
माथी	1495
अप्रिल	1494
ल्याए	1494
हुनुका	1494
गरिदिने	1493
डेटा	1493
व्यवस्थामा	1493
डि	1492
बर्षमा	1492
टिममा	1491
पुगेकी	1490
अर्पण	1489
क्रेडिट	1489
पीडितको	1489
प्रचारप्रसार	1489
आइपुगेको	1488
घट्दै	1488
राष्ट्रियता	1488
२०१४	1487
उन्मुक्ति	1485
औषधिको	1484
कुकुर	1483
पी	1483
हिन्दी	1483
दक्षिणी	1482
विवेक	1482
अर्काको	1481
किनेर	1481
महानगरको	1481
सुधारको	1481
अंग	1480
उन्मुख	1480
कालापानी	1480
च	1480
मालिक	1480
स्वास्थ्यका	1480
सुन्ने	1479
खै	1477
चिकित्सकको	1477
जमिनमा	1476
बर्षीय	1476
बुटवलमा	1476
याे	1476
विदेशमन्त्री	1476
गुमाएको	1475
ठेगाना	1475
किरात	1474
भूकम्पले	1474
संस्करणको	1474
सेवालाई	1474
हुनुपर्नेमा	1474
एकजुट	1472
ग्राहकलाई	1472
चाहन्छ	1472
दृष्टिले	1472
अन्तरले	1471
प्रतिशतभन्दा	1471
बालिकाको	1471
कलेजका	1470
कदर	1469
स्थापनाको	1469
ठाउँको	1468
भ्याक्सिन	1468
वकिल	1468
विद्रोह	1468
अन्तमा	1467
कमाउन	1466
संसारको	1466
उल्टै	1465
प्रणालीलाई	1465
आजबाट	1464
ध्वस्त	1464
प्रशारण	1464
वेब	1464
for	1463
कोषले	1463
घटनाले	1463
समानता	1463
प्रदेशले	1462
भै	1462
कार्यालयलाई	1461
महत्त्व	1461
हत्याको	1461
कमिटीका	1460
खर्चको	1460
ज्योति	1460
मान	1460
विधामा	1460
म्याच	1459
साटो	1459
अधिकारीहरुले	1458
अध्यापन	1458
पर्यटनको	1458
हमला	1458
सहारा	1457
पिता	1456
सङ्गठन	1456
हिसाब	1456
दोहोरी	1455
लायन्स	1455
ठक्करबाट	1454
राखिने	1454
खेलबाट	1453
पूर्वमन्त्री	1453
बादल	1453
मेडल	1453
एन्फा	1452
पार्छ	1452
कठोर	1451
चढेर	1451
टिमलाई	1451
मिश्र	1451
अष्ट्रेलिया	1450
कलम	1450
घन्टा	1450
पोखरेलको	1450
फोहर	1450
भाव	1449
सुनार	1449
कार्यकर्ताको	1448
तेश्रो	1448
व्रत	1448
काठमाण्डौं	1447
जन्मिएका	1447
समसामयिक	1447
हङकङ	1447
सदस्यहरुको	1445
साँचो	1445
स्कुलमा	1445
दूरसञ्चार	1444
प्रजिअ	1444
बन्नु	1444
राजपा	1444
सदस्यका	1444
उत्सव	1443
हिउँ	1443
दुध	1442
नाच	1442
सक्रियता	1442
सावित	1442
बदली	1441
रचनात्मक	1441
राउतले	1441
लगानीकर्ता	1441
सिक्न	1441
छापा	1440
नीतिको	1440
फर्किएको	1440
गर्छौ	1439
सर्वसाधारणको	1439
साभार	1439
निगम	1438
महिलाहरुको	1438
व्यवस्थालाई	1438
हप्तामा	1438
घ	1437
घाँस	1437
नसकेर	1437
युवती	1437
आर्मी	1436
उद्योगले	1436
प्रतिष्ठानको	1436
बसमा	1436
भनिएका	1436
कालिका	1435
जंगल	1435
जानकी	1434
टेस्ट	1434
हेरचाह	1434
एशिया	1433
चुक्ता	1433
छात्रवृत्ति	1433
लाल	1433
शहीद	1433
अपहरण	1432
आफैँले	1432
रुपैयाँसम्म	1432
जस	1431
समाजवाद	1431
समाजिक	1431
८८	1431
गएराति	1430
उठाएर	1429
किस्ता	1429
खुलेर	1429
ग्यारेन्टी	1429
चलायमान	1429
बढीमा	1429
रेडक्रस	1428
लागिरहेको	1428
निगमको	1427
पालामा	1427
बच्चालाई	1427
वन्यजन्तु	1427
उठ्ने	1426
कामदारको	1426
छाडेको	1426
परिकल्पना	1426
बजेको	1426
सिधा	1426
उनीमाथि	1425
खोलाको	1425
जस्ताको	1425
दैलेख	1425
नजाने	1425
परिचयपत्र	1425
चारवटा	1424
फर्किन	1424
९२	1424
भक्तपुरको	1422
स्वभाविक	1422
जंगलमा	1421
अभावका	1420
क्लव	1420
एकसाथ	1419
प्रकरण	1419
शरीरलाई	1419
सर्वसाधारणलाई	1419
टाउकोमा	1418
नआउने	1418
८३	1418
आफन्तले	1417
आसन्न	1417
खेतमा	1417
गुगल	1417
जनयुद्ध	1417
ट्याक्सी	1417
याएको	1417
लियो	1417
वायुसेवा	1417
विस्फोट	1417
सुरज	1417
कर्मचारीहरु	1416
गर्नसक्ने	1416
बिरुद्ध	1416
हे	1415
कमाएको	1414
कर्जाको	1414
ट्रफी	1414
आध्यात्मिक	1413
कार्यसम्पादन	1413
अधिकारीहरूले	1412
अन्र्तगत	1412
चौतर्फी	1412
आसपासका	1411
बैठकबाट	1411
मारेको	1411
स्कूल	1411
०७४	1411
उठ्न	1410
गाँजा	1410
बुझेको	1410
लामाको	1410
उमेरका	1409
दास	1409
देख्ने	1409
सदस्यहरुले	1409
लागुऔषध	1408
कार्यलय	1407
बहानामा	1407
बेलायतको	1407
कामले	1406
जिन्दगी	1406
पालिकाले	1405
सफाइ	1405
स्वचालित	1405
«	1404
इन्टरनेशनल	1404
गर्नाले	1404
प्रिय	1404
गैरकानुनी	1403
अविरल	1402
उपस्थिती	1402
संभावना	1402
सुन्तला	1402
कांग्रेसमा	1401
सुनसरीको	1401
ऋषि	1399
पाएँ	1399
फिल्मले	1399
सबल	1399
इमेलमा	1398
सकिएन	1398
स्टक	1398
प्रतिस्थापन	1397
भर्न	1397
मनाइने	1396
राहदानी	1396
अविश्वास	1395
रहनुभएका	1395
भुटानी	1394
सहभागीता	1394
अर्थतन्त्रलाई	1393
टिमका	1393
फ्रान्स	1393
बैंकिङ्ग	1393
विभागीय	1393
सहकारीले	1393
जान्छन्	1392
अरूलाई	1391
अवस्थाका	1391
ढुङ्गा	1391
पढाई	1391
पूर्वानुमान	1391
फुटबलको	1391
संवाददाता	1391
सारिएको	1391
तुरुन्त	1390
स्तरोन्नति	1390
जवाफमा	1389
विद्यार्थीहरुले	1389
अब्बल	1388
दलहरूले	1388
राणाले	1388
विश्वकपमा	1388
खोजेका	1387
पोषण	1387
हेरफेर	1387
तार	1386
बालकको	1386
युवाहरुको	1386
होली	1386
देशकै	1385
वामदेव	1385
नीतिमा	1384
भिडियोलाई	1384
जाडो	1383
देखाइएको	1383
पदम	1383
फर	1383
मजबुत	1383
मौसममा	1383
श्रावण	1383
सोहि	1383
जनक	1382
जागरण	1382
ऋणको	1381
युवाले	1381
सोच्न	1380
गुठी	1379
सचिवालयमा	1379
मेलमिलाप	1378
उपाध्याय	1377
जनसङ्ख्या	1377
परेकी	1377
सिरहा	1377
छाप	1376
देखिएन	1376
नभइ	1376
पर्खाल	1376
वित्तिय	1376
अस्पतालबाट	1375
जुलाई	1375
भ्रष्टाचारको	1375
मेची	1375
राख्छ	1375
आवतजावत	1374
चिन्तन	1374
जनचेतना	1374
शाखाको	1374
सामु	1374
गृहकार्य	1373
झैं	1373
निकासी	1372
प्रक्षेपण	1372
बुढाथोकी	1372
माला	1372
साहित्यको	1372
हजुर	1372
उपचाररत	1371
खाँदा	1371
टुक्रा	1371
यतिखेर	1371
ओलीसँग	1370
करको	1370
सम्झौताको	1370
घातक	1369
धेरैलाई	1369
ब्यवस्थापन	1369
रहेन	1369
गर्व	1368
सार्ने	1368
माननीय	1367
यात्राको	1367
सुनिता	1367
हेलिकप्टर	1367
समृद्धिका	1366
थाल्छ	1365
महर्जनले	1365
कोरियामा	1364
चुरे	1364
छठ	1364
दललाई	1364
सदनमा	1364
साधारणसभा	1364
अज्ञात	1363
आपराधिक	1363
जिप	1363
दोलखा	1363
तँ	1362
सक्नुपर्छ	1362
हानी	1362
उप्रेती	1361
फुटबलमा	1361
बिर्तामोड	1361
संरचनामा	1361
हात्ती	1361
On	1360
अजय	1360
फेर्न	1360
पद्धति	1359
कार्यतालिका	1358
निर्णयले	1358
बृहत्	1358
मुस्किल	1358
लाइभ	1358
जबसम्म	1357
नगरको	1357
पर्छन्	1357
आचारसंहिता	1356
तपाइको	1356
सकिन	1356
नामले	1355
निमार्ण	1355
बोलेका	1355
अनलाईन	1354
भेलामा	1354
स्वर्गीय	1354
क्षेत्रीले	1353
खरेल	1353
किशोरी	1351
खाले	1351
ग्राहकको	1351
चलखेल	1351
तिरेर	1351
बाहिरिएको	1351
महन्थ	1351
हुनै	1351
आन्दोलनलाई	1350
गरिनुपर्ने	1350
जुटेको	1350
किसिमले	1349
युट्युबमा	1349
व्यवहारिक	1349
सदन	1349
कुँवर	1348
जुवा	1348
अनुप्रयोग	1347
जुटाउन	1347
दरमा	1346
नर्सिङ	1346
कोषाध्यक्षमा	1345
तरलता	1345
तरुण	1345
बुद्धि	1344
महाशाखा	1344
युद्धमा	1344
वर्षाका	1344
विश्वविद्यालयमा	1344
गंगा	1343
डट	1343
प्रमोद	1343
२००७	1343
आजका	1342
एकमात्र	1342
दाङका	1341
पूर्णरुपमा	1341
बाँकेको	1341
भोक	1341
ज	1340
वाचन	1340
धर्मको	1339
बोलेको	1339
शोषण	1339
सांसदलाई	1339
प्रक्रियालाई	1338
protected]	1337
आइपुग्दा	1337
कार्यहरू	1337
नवौं	1337
पत्रकारलाई	1337
तत्व	1336
दुवैले	1336
देवकोटा	1336
पुस्तकमा	1335
रुस	1335
सदैव	1335
सातै	1335
घिमिरेको	1334
दिनभर	1334
पत्रकारको	1334
अपरिहार्य	1333
क्षेत्रफलमा	1333
फारम	1333
हैसियतमा	1333
तर्जुमा	1332
बसन्त	1332
१५०	1332
एन्ड्रोइड	1331
घाँटी	1331
नामबाट	1331
भगवान्	1331
युनाइटेड	1331
करार	1330
पृथ्वीनारायण	1330
आफैलाई	1329
उत्पादनहरू	1329
भविष्यको	1329
राष्ट्रका	1329
संरक्षणका	1329
हेरिएको	1329
[email	1328
तामाङको	1328
दुवैको	1328
निस्कने	1328
बसे	1328
जुटेका	1327
८७	1327
देशव्यापी	1326
हुनुभयो	1326
छोरालाई	1325
झरेको	1325
पाइप	1325
यसपछि	1325
शब्दमा	1325
समस्याहरु	1325
सर	1325
भनेकी	1324
विवाहको	1324
गर्नेछौं	1323
निकालिएको	1323
प्रतिष्ठानमा	1323
आउनुभएको	1321
आफूसँग	1321
राशि	1321
सावधानी	1321
उहाँहरुले	1320
माग्ने	1320
आईतबार	1319
कोहि	1319
खोज्नु	1319
डलरको	1319
वैशाखमा	1319
शुक्ल	1319
सुरुवाती	1319
संग्रह	1318
सिनियर	1318
असंवैधानिक	1317
उद्यम	1317
चित्रण	1317
बसपार्क	1317
मसान्तसम्म	1317
इ	1316
गीता	1316
ग्रुप	1316
प्रदिप	1315
दृढ	1314
पेनाल्टी	1314
बिस्तार	1314
बैंकलाई	1314
महराले	1314
एकदिन	1313
बाघ	1313
कारखाना	1312
यातना	1312
जीवनलाई	1311
बेरोजगार	1311
शुरुवात	1311
युरोपियन	1310
सवाल	1310
नौलो	1309
प्राप्ति	1309
मुम्बई	1309
चाहन्छौं	1307
परीक्षणमा	1307
उपभोग्य	1306
कथामा	1306
गरिँदै	1306
सन्तुलित	1306
केदार	1305
गीतलाई	1304
टावर	1303
दाइ	1303
प्रकृतिका	1303
सम्बन्धको	1303
सम्मिलित	1303
सौन्दर्य	1303
अभावले	1302
टिका	1302
डरले	1302
नेतृ	1302
मामिलामा	1302
संविधानसभाको	1302
बृहत	1301
मण्डल	1301
पोखराका	1300
भूमिगत	1300
मार्न	1300
कार्यदलले	1299
शिक्षाका	1299
कमेन्ट	1298
चेकजाँच	1298
निष्कासन	1298
पलायन	1298
नेताका	1297
मर्म	1297
रुसले	1297
आठौं	1296
कर्णालीमा	1296
खतरनाक	1296
साथीहरु	1296
कमरेड	1295
रोगबाट	1295
सत्र	1295
सभाले	1295
एजेन्डा	1294
तपाईंसँग	1294
समाधानको	1294
उम्मेदवारलाई	1293
गतिविधिमा	1293
जातिको	1293
कोरियाको	1292
बक्स	1292
बजेर	1291
भर्खर	1291
म्याग्दीको	1291
अभिलेख	1290
नपाउँदा	1290
भेगमा	1290
३००	1290
रानाले	1289
सेन्टरमा	1289
उठेका	1288
चार्ज	1288
तालिमको	1288
काउन्सिल	1287
दमन	1287
नवनियुक्त	1286
प्रतिनिधिसभामा	1286
प्रशासनको	1286
फोनमा	1286
लेखनाथ	1286
शोक	1286
दाल	1284
फर्केका	1284
विद्या	1284
उठाउँदै	1283
कारागारमा	1282
प्रतिशतको	1282
प्रवासी	1282
महत	1282
विविधता	1282
देखेका	1281
बुहारी	1281
उपसचिव	1280
टुङ्गो	1280
बेलुकी	1280
ब्रेक	1280
व्यवसायको	1280
अध्ययनको	1279
अनुहारमा	1279
उल्टो	1279
गर्नमा	1279
प्रतिबन्धित	1279
बैंकबाट	1279
मनाङ	1279
मानिसहरुको	1279
वृद्ध	1279
!’	1278
अडियो	1278
दलहरू	1278
बर्खास्त	1278
पाँचौं	1277
साउथ	1277
उपकुलपति	1276
०७६	1276
९१	1276
९८	1276
एसिड	1275
विद्यार्थीहरुको	1275
हाम्रै	1275
अभियोग	1274
उद्धृत	1274
उद्योगलाई	1274
जग	1274
नागरिकका	1274
रवीन्द्र	1274
मन्त्रिपरिषद	1273
युट्युब	1273
सुरुङ	1273
‘‘	1273
असम्भव	1272
घटनास्थलमा	1272
यद्यपी	1272
उत्तीर्ण	1271
गरिन	1271
सदस्यहरू	1271
अन्तिममा	1270
ओलम्पिक	1270
देवेन्द्र	1270
नबिल	1270
रानी	1270
परिषद्का	1269
पर्दै	1269
हिँड्ने	1269
अरुले	1268
क्लबको	1268
द्विपक्षीय	1268
प्राचीन	1268
भ्रष्ट	1268
पुस्ता	1267
युथ	1267
असुरक्षित	1266
कुँवरले	1266
व्यक्तिमा	1266
श्रीमतीको	1266
जीप	1265
मिडियाले	1265
०७७	1265
८६	1265
#	1264
उपाध्यायले	1264
कक्षमा	1264
भइसक्यो	1264
राजाको	1264
विमल	1264
सम्भवतः	1264
पढाउने	1263
हौ	1263
टि	1262
बाँध	1262
बुक	1262
मृतकका	1262
रू	1262
गरिमा	1261
दवाव	1261
युवाहरुलाई	1261
वार्ड	1261
विषयक	1261
फर्किए	1260
फेल	1260
भिड	1260
वीरेन्द्र	1260
एक्कासी	1259
गरिसकेपछि	1259
पसिना	1259
मकवानपुरको	1259
कारबाहीमा	1258
हुँदैनन्	1258
आँसु	1257
निकाल्दै	1257
बाजुरा	1257
९६	1256
नरेश	1255
बनाइने	1255
महत्वपुर्ण	1254
९३	1254
सभापतिमा	1253
होटेल	1253
अन्त	1252
आफूहरूले	1252
ब्याट्री	1252
संक्रमणका	1252
सिजनमा	1252
तीव्रता	1251
त्यसोभए	1251
देशबाट	1251
स्वभाव	1251
कञ्चनपुरको	1250
फाल्गुन	1250
कास्कीका	1249
ग्रामिण	1249
छोड्न	1249
पाँचौ	1249
बाहेकका	1249
भूमिमा	1249
1	1248
ज्याला	1248
पुँजीगत	1248
प्रतिष्ठित	1248
समुहले	1248
प्रेमको	1247
डिस्चार्ज	1246
पालिकाको	1246
उदयपुर	1245
न्यू	1245
पिउने	1245
फर्म	1245
महामारीले	1245
महोत्तरी	1245
वताए	1245
सिभिल	1245
जानुपर्छ	1244
पहिलेको	1244
रेमिट्यान्स	1244
अर्घाखाँची	1243
उपत्यकाको	1243
धक्का	1243
पब्लिक	1243
पाइला	1243
पुगिसकेको	1243
अनुदानमा	1242
निर्णयलाई	1242
बढाएका	1242
गोदावरी	1241
घर्ती	1241
पृष्ठ	1241
मनको	1241
यू	1241
तातोपानी	1240
दोषीलाई	1240
मेट्रिक	1240
यि	1240
एकताका	1239
कथित	1239
त्यसमध्ये	1239
नजर	1239
मोदीको	1239
वर्षकी	1239
इन्जिनियरिङ	1238
जलस्रोत	1238
धुलो	1238
परिकार	1238
उनीहरुका	1237
कोषका	1237
खुवाउने	1237
पाइयो	1237
भइसकेपछि	1237
मेल	1237
श्रद्धाञ्जली	1237
समर्थनमा	1237
सार्बजनिक	1237
©	1236
आदान	1236
पाएनन्	1236
रोहित	1236
लिपुलेक	1236
लिम्बु	1236
सुख्खा	1236
माझ	1235
सदस्यहरुलाई	1235
अचम्म	1234
गौतमको	1234
ठाकुरले	1234
बेचेर	1234
संस्थापन	1234
आफूहरू	1233
कोरियाले	1233
शिशु	1233
सेनालाई	1233
काङ्ग्रेस	1232
क्षण	1232
ठूलै	1231
फिल्मका	1231
सर्वसाधारणले	1231
राईलाई	1230
आउँदैन	1229
चन्दले	1229
युद्धको	1229
संसारका	1229
संस्कृत	1229
l	1228
कार्यवाहक	1228
दाङमा	1228
भाइरसका	1228
मन्त्रालयबाट	1228
माथिका	1228
परमेश्वरले	1227
प्रदायक	1227
शिक्षकले	1227
सम्झनामा	1227
साथीहरू	1227
सीमामा	1227
खानु	1226
जनजीवन	1226
तपाइँलाई	1226
बनाइएका	1226
बनेकी	1226
बस्नेतको	1226
सार्थक	1225
थ्री	1224
धितो	1224
नेपालसँग	1224
भरोसा	1224
राज्यलाई	1224
२०१३	1224
कृपया	1223
गौरव	1223
तराईका	1223
धादिङको	1223
हुनबाट	1223
कोड	1222
वास्तविकता	1222
व्यक्तिका	1222
साथसाथै	1222
सिरिज	1222
स्याउ	1222
एकैपटक	1221
काट्न	1221
प्रमुखले	1221
रविन्द्र	1221
विषादी	1221
जिज्ञासा	1220
तहबाट	1220
दिंदै	1220
बेग्लै	1220
सरिता	1220
आएन	1219
आयातमा	1219
तिर्नुपर्ने	1219
दिपेन्द्र	1219
प्लान्ट	1219
योसँगै	1219
बढ्नु	1218
बाँकेका	1218
समर्थक	1218
उकालो	1217
कलेजले	1217
खर्चमा	1217
प्रतिशतमा	1217
दशकमा	1216
चन्दा	1215
झैँ	1215
मुआब्जा	1215
सभ्य	1215
सूचनामा	1215
गहन	1214
जर्मनी	1214
गुट	1213
ज्यादै	1213
धारण	1213
बचाउ	1213
समयका	1212
आशिष	1211
इन्स्योरेन्स	1211
घण्टाको	1211
जीत	1211
९७	1211
उचाइमा	1210
जुलुस	1210
दीपेन्द्र	1210
दैनिकी	1210
संकल्प	1210
हप्ताको	1210
अर्डर	1209
केन्द्रीत	1209
जनशक्तिको	1209
तैँले	1209
बनाउनुपर्छ	1209
युवक	1209
राजिनामा	1209
व्यक्तिहरुको	1209
आइपुगेका	1208
निर्मल	1208
बुझेका	1208
विघटनको	1208
ट्याग	1207
रुपन्देहीको	1207
व्यवसायीहरुले	1207
जिते	1206
तिनले	1206
रंगशाला	1206
पछी	1205
प्रतिकूल	1204
लोड	1204
समस्याहरू	1204
सिमाना	1204
फिल्मलाई	1203
स्वास्थ	1202
अधिवेशनमा	1201
टीकापुर	1201
आयोगलाई	1200
छाड्न	1199
डरलाग्दो	1199
दिल्लीमा	1199
लडेर	1199
संशोधनको	1199
सन्धि	1199
कर्ण	1198
केटी	1198
खासमा	1198
डोजर	1198
दिन्छु	1198
नाक	1198
बोक्ने	1198
व्यास	1198
९४	1198
आदेशमा	1197
कुराकानीमा	1197
मानिसहरूको	1197
शिक्षकलाई	1197
खोजे	1196
झापामा	1196
झै	1196
भुवन	1196
भेदभाव	1196
शर्मालाई	1196
स्थानान्तरण	1196
तिनलाई	1195
महशुस	1195
रातको	1195
सर्ने	1195
अध्ययनमा	1194
ट्विटरमा	1194
दुर्लभ	1194
लोकसेवा	1194
वचन	1194
शारदा	1194
खाडी	1193
घोषणापत्र	1193
जबर्जस्ती	1193
प्रगतिशील	1193
वाग्मती	1193
इमान्दार	1192
कमिटीले	1192
पण्डित	1192
पाकिस्तानको	1192
पाटो	1192
कार्यहरु	1191
गर्नुस्	1191
प्रोत्साहित	1191
शाहीको	1191
सातौं	1191
स्वरोजगार	1191
घट्ने	1190
जीवनशैली	1190
नदेखिएको	1190
हजारौँ	1190
धरानमा	1189
प्रशान्त	1189
दस	1188
ब्याटिङ	1188
भेलाले	1188
व्यवस्थापिका	1188
अञ्चल	1187
योजनाका	1187
एक्सन	1186
गुप्ता	1186
महरा	1186
मैत्रीपूर्ण	1186
सदस्यहरुमा	1186
सुमधुर	1186
आक्रामक	1185
कार्यसमितिको	1185
प्रतियोगिताका	1185
महिलाका	1185
यससँगै	1185
सर्वोच्चमा	1185
अभियानले	1184
घरघरमा	1184
बस्नुपर्ने	1184
म्यान	1184
राजमार्गको	1184
हाल्न	1184
असारमा	1183
बहिष्कार	1183
लामिछानेको	1183
२०४६	1183
तयारीका	1182
पदमुक्त	1182
प्रक्रियाको	1182
भाग्य	1182
संघमा	1182
सहकारीका	1182
साफ	1182
कार्कीलाई	1181
पवन	1181
पुस्तकालय	1181
प्रेममा	1181
युगमा	1181
शाखामा	1181
अभियुक्त	1180
आँखाको	1180
कसुर	1180
भगवती	1180
रहस्य	1179
समस्याले	1179
सहितका	1179
राजतन्त्र	1178
दशरथ	1177
प्रख्यात	1177
बताईएको	1177
सिंहदरबार	1177
उम्मेद्वार	1176
कठिनाइ	1176
पचास	1176
परि	1176
भित्र्याउने	1176
लगाएतका	1176
संस्थाहरु	1176
च्याट	1175
तुलनात्मक	1175
मारिएका	1175
सजग	1175
सूचीकृत	1175
खगेन्द्र	1174
बन	1174
ठाउँका	1173
डाक्टरले	1173
दिशा	1173
प्रयोगले	1173
मिथिला	1173
लैंगिक	1173
सकिरहेको	1173
साग	1173
स्टोर	1173
उदय	1172
वास्ता	1172
स्मार्टफोन	1172
आव	1171
उम्मेदवारले	1171
नगरका	1171
बुद्धको	1171
सेक्स	1171
सेनामा	1171
आतिथ्यतामा	1170
महिने	1170
विमानस्थलबाट	1170
संरक्षक	1170
पछिको	1169
परित्याग	1169
प्रार्थना	1169
सेवाहरू	1169
छोड्ने	1168
टोलमा	1168
दिनहुँ	1168
युवाहरुले	1168
विश्वविद्यालयले	1168
असाध्यै	1167
काफ्ले	1167
क्यान	1167
थप्ने	1167
विश्वकर्माले	1167
ट्विटर	1166
लागूऔषध	1166
बसिरहेका	1165
भोजपुर	1165
युग	1165
स्थानीयवासी	1165
परीक्षाको	1164
पालो	1164
लगानीका	1164
सुनिश्चितता	1164
अस्ट्रेलिया	1163
केसीलाई	1163
दिनेछ	1163
बार्सिलोना	1163
अन्दाजी	1162
त्यसैको	1162
प्रदूषण	1161
रायमाझी	1160
सङ्घर्ष	1160
सुनेको	1160
एफ	1159
कानुनले	1159
खोटाङ	1159
मिटरको	1159
पाठकले	1158
जातको	1157
कार्यक्रमहरू	1156
क्षमतामा	1156
तिवारी	1156
प्रस्तुती	1156
योगदानको	1156
स्याङ्जा	1156
असहमति	1155
सभालाई	1155
सरह	1155
कोभिडको	1154
सिक्ने	1154
हिमपात	1154
अव्यवस्थित	1153
गजल	1153
नाकाबाट	1153
लक	1153
सिकार	1153
आएकाले	1152
जोडेको	1152
बुझाई	1152
विस्तारको	1152
सङ्क्रमितको	1152
प्रमुखमा	1151
सलमान	1151
एकपछि	1150
खरेलले	1150
चलचित्रका	1150
नजिकबाट	1150
उत्खनन	1149
उपकरणहरू	1149
दिलाए	1149
पुग्नु	1149
भाई	1149
लिन्छ	1149
लोप	1149
कहीँ	1148
गर्छिन्	1148
चौकीमा	1148
दर्जनौं	1148
पछाडी	1148
बीपी	1148
भित्र्याउन	1148
मुलुकी	1148
सँधै	1148
सर्भिस	1148
गरिएकाे	1147
राख्नुहोस्	1147
बढेसँगै	1146
मातहतका	1145
लघु	1145
2	1144
आगमन	1144
भएनन्	1144
मिसन	1144
योजनाहरु	1144
स्थिरता	1144
चुप	1143
जसपाका	1143
संजाल	1143
नेत्रविक्रम	1142
प्रधानले	1142
मिलाइएको	1142
व्यक्तिहरुलाई	1142
हाजिर	1142
क्रान्तिको	1141
पाण्डेको	1141
संज्ञा	1141
उद्दार	1140
कारवाहीको	1140
तत्कालका	1140
दि	1140
कसुरमा	1139
बिष्णु	1139
विमोचन	1139
सभ्यता	1139
हमालले	1139
कलेजको	1138
चहलपहल	1138
तेरो	1138
रोक्का	1138
वित्त	1138
परिषद्ले	1137
महिलाहरू	1137
व्यायाम	1137
समिक्षा	1137
खानी	1136
पारस	1136
बढाउनु	1136
बहुदलीय	1136
राजमार्गमा	1136
वामपन्थी	1136
विषयगत	1136
बढाउँदै	1135
खण्डको	1134
ट्रेलर	1134
संकटको	1134
सत्तारूढ	1134
देखे	1133
बाबजुद	1133
भुक्तान	1133
पासपोर्ट	1132
बगाएको	1132
सक्यो	1132
आभार	1131
कीर्तिमान	1131
चाहियो	1131
जोशीको	1131
वर्गका	1131
डबल	1130
ताण्डव	1130
सङ्ख्यामा	1130
२०६८	1130
अबस्थामा	1129
बन्दुक	1129
बिरामीले	1129
लगाएत	1129
उपप्रधान	1128
बचाउने	1128
संसदबाट	1128
अध्यक्षका	1127
अनशन	1127
विश्वप्रकाश	1127
हिट	1127
कहाँबाट	1126
गराउँदा	1126
मनोबल	1126
विवादको	1126
सञ्जय	1126
गौरवको	1125
जनप्रतिनिधिले	1125
हत्यामा	1125
चिज	1124
प्रियंका	1124
सचिवालयका	1124
महिलामा	1123
स्वतन्त्रताको	1123
अवस्थाबारे	1122
चुनौतीपूर्ण	1122
जनही	1122
प्रालि	1122
बोहरा	1122
मानिसहरुले	1122
ago	1121
धनगढीमा	1121
सानै	1121
सिन्धुली	1120
पढ्नुहोस	1119
पन्तको	1119
परेन	1119
एसियन	1118
चीनसँग	1118
त्यसबारे	1118
निरौला	1118
पहिरोमा	1118
बिहीवार	1118
रोकेर	1118
अधिवेशनको	1117
आँट	1117
कर्मचारीहरुको	1117
वनमा	1117
सञ्चारकर्मी	1117
निर्विरोध	1116
महिलाहरुले	1116
सीईओ	1116
जलेर	1115
लगाउँदा	1115
संस्थाहरुले	1115
सुखद	1115
अद्यावधिक	1114
महानगरका	1114
संस्थान	1114
८९	1114
खानाको	1113
दाँत	1113
रोकेको	1113
सहभागितामा	1112
कान	1111
जोगाउने	1111
नागरिकताको	1111
बनिरहेको	1111
महिनावारी	1111
लिनुपर्छ	1111
वकालत	1111
वर्गीकरण	1111
व्यवस्थापक	1111
हिम्मत	1111
बैठकपछि	1110
समस्याबाट	1110
समिती	1110
ट्रम्पको	1109
पुष्प	1109
इजलास	1108
खानले	1108
बैतडी	1108
भूभाग	1108
मधुमेह	1108
मिठो	1108
रोगका	1108
वरपर	1108
संरचनाको	1108
सुनाएको	1108
सोधपुछ	1108
उत्पादनलाई	1107
कैयौं	1107
गेट	1107
ठाडो	1107
मगरको	1107
रक्षाका	1107
अछाम	1106
तोक्ने	1106
पिडित	1106
लाखौँ	1106
सिकाइ	1106
हमाल	1106
तालाबन्दी	1105
दिइन्छ	1105
नीजि	1105
बोली	1105
साहित्यमा	1105
अनुसन्धानबाट	1104
आफूमाथि	1104
करोडौं	1104
प्रेमी	1104
मंसिरमा	1104
स्वयम्	1104
अभिभावकले	1103
छोडेको	1103
धुलिखेल	1102
बाहिरका	1102
हितका	1102
समाचारहरू	1101
गर्नुहुनेछ	1100
नदिई	1100
फेब्रुअरी	1100
भोजन	1100
यसपालि	1100
श्रमिकको	1100
अग्नि	1099
कतारमा	1099
मनोनित	1099
मलेसियामा	1099
संघिय	1099
हातले	1099
आफूहरुको	1098
दिमागमा	1098
पीडितले	1098
फागुनमा	1098
बन्दी	1098
रजत	1098
किम	1097
धामी	1097
बिगत	1097
बिचार	1097
म्यानेजर	1097
विवादका	1097
भनिए	1096
मोटरसाइकलमा	1096
सम्पत्तिको	1096
सुत्ने	1096
सुस्त	1096
भर्ने	1095
मोडेल	1095
रारा	1095
लय	1095
साबित	1095
२०११	1095
आफैंमा	1094
पे	1094
फौजदारी	1094
रामपुर	1094
आधारभुत	1093
आयुर्वेद	1093
कमिटीमा	1093
अग्रणी	1092
कर्पोरेट	1092
नाराबाजी	1092
न्यु	1092
विधेयकको	1092
आश्विन	1091
ईमेल	1091
कोरोनाले	1091
पढ्दै	1091
भयावह	1091
अध्यागमन	1090
सिल	1090
२०१२	1090
कालीगण्डकी	1089
दिइयो	1089
पुरुषले	1089
रुपमै	1089
सतह	1089
सिटौला	1089
परिक्रमा	1088
बोलाउने	1088
विकासलाई	1088
वितरणमा	1088
छाएको	1087
दार्चुला	1087
रगतको	1087
लागेन	1087
श्रीलंका	1087
सक्नेछ	1087
पठाएर	1086
उत्पादनका	1085
एभरेष्ट	1085
गौतमलाई	1085
ताला	1085
लाभान्वित	1085
स्थानीयलाई	1085
उपसभामुख	1084
गर्दे	1084
ढकालको	1084
प्रयोगको	1084
मनसुन	1084
हिँड्न	1084
एकेडेमी	1083
बजेटले	1083
रोकथामका	1083
सिंहदरबारमा	1083
हस्पिटल	1083
उपभोक्ताको	1082
गरेकोले	1082
मलको	1082
सपनामा	1082
सप्तरीको	1082
आफैमा	1081
उप्रेतीले	1081
कामहरू	1081
दलमा	1081
लगाएपछि	1081
सार्न	1081
उपमहानगरपालिकाका	1080
गरिरहेकी	1080
थप्न	1080
गर्नेगरी	1079
डेंगु	1079
महाअभियोग	1079
हेटौँडा	1079
नियामक	1078
नेवार	1078
बजारबाट	1078
सर्वेक्षण	1078
अक्सिजनको	1077
देवकोटाले	1077
ल्याई	1077
साताको	1077
आफुहरु	1076
भंग	1076
रौतहटको	1076
विद्रोही	1076
श्रृंखला	1076
सत्यता	1076
टेक	1075
नलिने	1075
ने	1075
विवेकशील	1075
सङ्घका	1075
अन	1074
भन्छु	1074
हरायो	1074
बहुमतको	1073
दक्षता	1072
नपाएपछि	1072
निस्कन	1072
प्रालिले	1072
मतपत्र	1072
रङ	1072
राख्नुभएको	1072
कृत्रिम	1071
गुरुङलाई	1071
डेब्यु	1071
पश्चिमा	1071
बेहोस	1071
महासमिति	1071
मुटुको	1071
राख्नुपर्छ	1071
इकाई	1070
कोरोनाभाइरस	1070
चुनौति	1070
बदनाम	1070
उत्तरदायित्व	1069
एल	1069
क्याम्पसको	1069
चौतारी	1069
तिलक	1069
रक्षामन्त्री	1069
राजनितिक	1069
रोड	1069
सम्भाव्यता	1069
हानिकारक	1069
एकताबद्ध	1068
कैलाश	1068
क्रिकेटमा	1068
प्रसंग	1068
एकिकृत	1067
डोटी	1067
भक्तपुरमा	1067
महिलाहरुलाई	1067
२०६२	1067
अगाडिको	1066
त्यसतर्फ	1066
चालकको	1065
चुस्त	1065
राजविराज	1065
शिक्षालाई	1065
छाता	1064
नीतिले	1064
बलात्कारको	1064
मार्गमा	1064
अफिस	1063
चिनिने	1063
डटकम	1063
दिनहरुमा	1063
माहोल	1063
रोनाल्डोले	1063
गदै	1062
चलान	1062
भावनात्मक	1062
माटोको	1062
सभामुखले	1062
कटान	1061
डडेल्धुरा	1061
भद्रपुर	1061
सामग्रीहरु	1061
your	1060
गराइने	1060
दिनलाई	1060
निर्दोष	1060
बेचबिखन	1060
More	1059
औषध	1059
पत्रकारले	1059
पोल	1059
लाइ	1059
कत्तिको	1058
पाउँछ	1058
शहरको	1058
हिसावले	1058
गोकर्ण	1057
नापी	1057
सहजता	1057
नपुगेको	1056
निष्काशन	1056
पालिकाका	1056
महंगो	1056
विज्ञप्ती	1056
कमाइ	1055
खुकुरी	1055
गराउनुपर्ने	1055
गर्नुपर्यो	1055
राष्ट्रपतिलाई	1055
विच	1055
घरदैलो	1054
अरूको	1053
केहीले	1053
म्यानचेस्टर	1053
सर्वदलीय	1053
गएकाले	1052
छाडेका	1052
तस्तै	1052
पकाउने	1052
भिडियोको	1052
रत्न	1052
स्नातकोत्तर	1052
उपर	1051
कार्यभार	1051
गाउपालिका	1051
ज्ञानको	1051
अनुवाद	1050
हुम्ला	1050
कमिसन	1049
गाउँमै	1049
चीजहरू	1049
जिम्मेवारीमा	1049
ढंगबाट	1049
नगर्नु	1049
खेलका	1048
बालेन	1048
यातायातको	1048
रामकृष्ण	1048
गएकी	1047
त्यु	1047
सिलिन्डर	1047
उभिएर	1046
गरेरै	1046
दुर्घटनाको	1046
यात्रुलाई	1046
ल्याब	1046
समेतको	1046
घरायसी	1045
पार्वती	1045
मनपर्ने	1045
महाप्रबन्धक	1045
यथावत	1045
ल्याउनुपर्ने	1045
वैवाहिक	1045
अलावा	1044
गोलले	1044
बिद्यालय	1044
मेगा	1044
एक्स	1043
क्रस	1043
खरिदमा	1043
चालकलाई	1043
फड्को	1043
मर्यादित	1043
युवतीको	1043
संक्षिप्त	1043
सातादेखि	1043
साहको	1043
स्ववियु	1043
चलेका	1042
नियन्त्रणको	1042
पूर्वाधारको	1042
शुरुमा	1042
सुविधाहरू	1042
गायन	1041
जानेछ	1041
नपा	1041
विचारमा	1041
नोक्सानी	1040
प्रविधिमा	1040
बढे	1040
मरेको	1040
वर्षयता	1040
4	1039
कारोबारमा	1039
दिमाग	1039
मुक्तिनाथ	1039
साप्ताहिक	1039
करण	1038
करेन्ट	1038
तेक्वान्दो	1038
त्या	1038
दिलाएका	1038
पेटमा	1038
ओझेलमा	1036
गोकुल	1036
टेक्नोलोजी	1036
राप्रपाका	1036
संजालमा	1036
अनियन्त्रित	1035
अमेरिकन	1035
आम्दानीको	1035
जस्तोसुकै	1035
देखिन्थ्यो	1035
नेताहरूलाई	1035
र्याली	1035
जंगली	1034
स्थापनाका	1034
The	1033
अधिकारीका	1033
दृष्टिकोणले	1033
धान्न	1033
पुनरावेदन	1033
सेन्ट	1033
घाउ	1032
दाहाललाई	1032
प्यानल	1032
मेयरमा	1032
वास्तवमै	1032
सर्त	1032
हुन्छन	1032
एक्लो	1031
ओलीका	1031
गठबन्धनलाई	1031
डिजेल	1031
फेसन	1031
बखत	1031
लाग्दै	1031
व्यापारमा	1031
सहमतिका	1031
उदघाटन	1030
एसोसिएसन	1030
खनालको	1030
प्रतिरोध	1030
बिक्रम	1030
व्यवसायलाई	1030
आणविक	1029
छोरो	1029
पेसा	1029
भण्डारीलाई	1029
मर्जर	1029
मागेका	1029
वीरगंज	1029
उचाइ	1028
जन्मदिन	1028
पूर्वअध्यक्ष	1028
सुर्खेतमा	1028
धानको	1027
फर्काउन	1027
बाइक	1027
भदौमा	1027
व्यक्तिहरूको	1027
स्थायित्व	1027
जनसम्पर्क	1026
पोशाक	1026
हिजोको	1026
०८	1026
त्योभन्दा	1025
पुनरावलोकन	1025
महत्वका	1025
सेवाग्राही	1025
होमस्टे	1025
आन्दोलित	1024
गफ	1024
दबाबमा	1024
नाकाबन्दी	1024
साक्षरता	1024
अतिथी	1023
गरिरहँदा	1023
पढिएको	1023
पुस्तकको	1023
सन्चालन	1023
अर्बको	1022
कर्णालीका	1022
बजारका	1022
यदी	1022
विस्तारमा	1022
धरौटी	1021
बञ्चित	1021
महादेव	1021
शिक्षित	1021
षड्यन्त्र	1021
सान्दर्भिक	1021
कम्पनीहरुले	1020
गठनको	1020
तराईमा	1020
बद्री	1020
भात	1020
शीर्षक	1020
जनवादी	1019
फैलाउने	1019
महालक्ष्मी	1019
युवकको	1019
लन्डन	1019
शाहलाई	1019
सदर	1019
आराधना	1018
कारक	1018
ट्राभल	1018
बाजा	1018
सचिब	1018
स्वकीय	1018
अबस्था	1017
इन्टरनेसनल	1017
क्लबमा	1017
गठबन्धनबाट	1017
गर्नेको	1017
त्रुटि	1017
धनुषाको	1017
साह्रै	1017
अनुभवी	1016
चलचित्रलाई	1016
भानुभक्त	1016
यहाँबाट	1016
सुनसान	1016
अर्कालाई	1015
चल्छ	1015
जेठमा	1015
मन्त्रीलाई	1015
मृगौला	1015
अन्तरराष्ट्रिय	1014
संहिता	1014
चाहानुहुन्छ	1012
नपरेको	1012
निकासा	1012
पात	1012
भित्रिने	1012
गहना	1011
थपिएका	1011
बसी	1011
मुद्दालाई	1011
लभ	1011
ललिता	1011
Comments	1010
अपांगता	1010
आक्रमणको	1010
काँधमा	1010
निगमका	1010
बताउछन्	1010
सहकारीमा	1010
इन्द्र	1009
द्वितीय	1009
प्रतिष्ठा	1009
खबरहरु	1008
भएता	1008
सफलतापूर्वक	1008
सार्क	1008
तस्विर	1007
मतले	1007
अपरान्ह	1006
इतिहासको	1006
जातका	1006
तिवारीले	1006
वनको	1006
आइ	1005
प्रस्तावलाई	1005
ललितपुरमा	1005
वडाअध्यक्ष	1005
विचाराधीन	1005
अपराधी	1004
त्रिवेणी	1004
जसबाट	1003
बन्धक	1003
तृतीय	1002
प्ले	1002
बाराको	1002
विकल्पमा	1002
वैद्य	1002
सचिवको	1002
स्पेनिस	1002
हेर्नु	1002
अनिता	1001
अफ्रिकी	1001
दण्ड	1001
नगरिएको	1001
मनाएको	1001
माता	1001
मोड	1001
स्मारक	1001
०१	1001
दसैं	1000
दुबई	1000
देख्नु	1000
नेकपामा	1000
प्रोजेक्ट	1000
संरक्षणको	1000
हिँडेको	1000
अवधिको	999
एकदिवसीय	999
क्यापिटल	999
दलहरुको	999
दूतावास	999
नवलपुर	999
विधिबाट	999
विराट	999
कमै	998
समुद्री	998
सुकुम्बासी	998
अनुरूप	997
उपलव्ध	997
केयर	997
जिवन	997
देखिएकाले	997
नविन	997
परियारले	997
परेमा	997
अभिभावकको	996
उदेश्यले	996
गीतहरु	996
नवलपरासीको	996
बुढाले	996
मेचीनगर	996
email@example.com	995
you	995
केन्द्रलाई	995
गाँउपालिका	995
गीतले	995
अस्थिरता	994
उनमा	994
नपाएका	994
अण्डा	993
अफगानिस्तान	993
बोट	993
लायक	993
शिवराज	993
कारोवार	992
दशैँ	992
भित्रिएको	992
थारू	991
मिनेटको	991
समयअघि	991
स्तरका	991
अङ्क	990
अपाङ्ग	990
आगजनी	990
आव्हान	990
गर्नेछु	990
परेकाले	990
पासवर्ड	990
मानबहादुर	990
अनन्त	989
टेकेर	989
दुवैलाई	989
भेट्ने	989
रामेश्वर	989
हिँडेका	989
अख्तियारको	988
उपरिक्षक	988
गेम	988
चलाएर	988
पढाउन	988
से	988
पि	987
प्रतिदिन	986
संस्थाबाट	986
च्याउ	985
दाना	985
स्कुटर	985
´	984
बोहराले	984
भोग्नु	984
लालबाबु	984
सिटमा	984
स्वामित्वमा	984
firstname.lastname@example.org	983
आदिको	983
कान्छी	983
जोहो	983
सौर्य	983
गरियोस्	982
भण्डार	982
विकट	982
सबैजसो	982
खण्डन	981
चिह्न	981
नेप्से	981
सभापतित्वमा	981
ठ्याक्कै	980
नहोला	980
बिनोद	980
मुस्ताङ	980
युएई	980
आफूहरुलाई	979
जायज	979
दशकदेखि	979
भिन्नता	979
वेबसाइटमा	979
उपभोक्ताले	978
कर्मचारीहरुलाई	978
घरभित्र	978
चैतमा	978
ढिलाई	978
तनहुँको	978
निकायबाट	978
विमला	978
जगत	977
पूर्वराजा	977
युवतीलाई	977
लमजुङ	977
सुर्य	977
आफुहरुले	976
चरा	976
पाँचथर	976
बहसमा	976
राजाले	976
रिस	976
3	975
आतिथ्यता	975
कुटनीतिक	975
घटेर	975
निद्रा	975
बढ्दा	975
बिहानैदेखि	975
भावुक	975
वितरणको	975
सतर्क	975
सातामा	975
०९	975
कँडेल	974
त्यसयता	974
दर्शकलाई	974
प्रतिवादी	974
प्रशिक्षणमा	974
चल्यो	973
लेख्दै	973
स्टेट	973
कांग्रेसबाट	972
केटा	972
छैटौं	972
तमु	972
पुग्नेछ	972
लगानीकर्ताले	972
सेमिफाइनल	972
कमेडी	971
गणतन्त्रको	971
श	971
स्नान	971
उहाँहरु	970
ऐनले	970
कास्कीको	970
कोटा	970
घटनास्थलमै	970
मानसिकता	970
अगावै	969
आपतकालीन	969
गिरावट	969
चक्र	969
चाडपर्व	969
जि	969
थियोे	969
मायाको	969
राजनीतिलाई	969
वीरेन्द्रनगर	969
हृदय	969
देशहरूमा	968
नगरपालिकालाई	968
मीठो	968
रोगी	968
साउनमा	968
२०६९	968
४००	968
आत्मा	967
उपकरणको	967
केरा	967
दुग्ध	967
नेतृत्वलाई	967
प्रदेशलाई	967
मुलुकबाट	967
क्षतिको	966
नेत्र	966
पाईन्छ	966
पार्नु	966
बन्दा	966
महसुल	966
टेलिकमले	965
माइती	965
वृत्त	965
२०१०	965
अपराह्न	964
अलिक	964
उद्योगका	964
छक्का	964
पेशागत	964
लिँदा	964
सिकाउने	964
सिजनको	964
हुनका	964
उपमहानगरपालिकाले	963
उपमहासचिव	963
थलो	963
भरी	963
सङ्गीत	963
खोजेर	962
बझाङ	962
सुलभ	962
हानेर	962
अफगानिस्तानमा	961
जोगिन	961
बैंकहरुले	961
आन्दोलनरत	960
काे	960
खटिने	960
छात्रा	960
छोराले	960
जनसंख्याको	960
जफत	960
पहिचानको	960
प्रर्दशन	960
मागलाई	960
हिरो	960
अनमोल	959
असोजमा	959
इन्दिरा	959
एमालेसँग	959
गर्नुअघि	959
तारिख	959
बताउन	959
भन्दैमा	959
म्यूजिक	959
सन्तानको	959
स्वदेशमै	959
with	958
आश्रित	958
निराशा	958
पहिलेदेखि	958
क्या	957
क्रियाशिल	957
गाउन	957
नरहने	957
मितिमा	957
शासक	957
राख्छन्	956
सडकबाट	956
सुबिधा	956
आयु	955
कलाकारले	955
खेत	955
तिलोत्तमा	955
धरौटीमा	955
पुग्दैन	955
पुस्ताले	955
फैलिन	955
युक्रेन	955
हटाएको	955
आकाशमा	954
आशावादी	954
टोपी	954
दिल	954
परिभाषित	954
पश्चात्	954
ओरालो	953
गिरीको	953
छ्न	953
नेपालीहरुले	953
पाहुना	953
मकवानपुरका	953
मुगु	953
विषयले	953
सोधेको	953
हुनुभन्दा	953
हेर्नुस्	953
क्लबलाई	952
बताईन्	952
बिक्रि	952
रक्तचाप	952
सोसाइटी	952
स्टाटस	952
दाजुभाइ	951
निष्क्रिय	951
बाँधेर	951
बोलाएका	951
मोरङका	951
अन्तर्गतका	949
घटनास्थल	948
टप	948
भिम	948
मनाइएको	948
वक्तव्य	948
बाहिरिने	947
एकले	946
ढुंगाना	946
बस्तु	946
रिटमा	946
विजेताले	946
विज्ञप्तीमा	946
संस्करणमा	946
गर्नुभन्दा	945
प्रयोगशालामा	945
प्लेट	945
बनेपा	945
मतदाताले	945
विकासले	945
समूहबाट	945
सर्वोत्कृष्ट	945
हिनामिना	945
चुरोट	944
दिएन	944
पोख्रेल	944
मनमोहन	944
रोनाल्डो	944
कलाकारहरुको	943
खानको	943
बताइन	943
बाजी	943
मोटो	943
ल्याउँदा	943
२००८	943
अर्गानिक	942
कार्यका	942
डेभलपमेन्ट	942
कानूनको	941
नेपालीमा	941
यात्रुको	941
साथबाट	941
असुल	940
पाएकी	940
मञ्चमा	940
मर्ने	940
०७	940
रहनुभएको	939
राष्ट्रवादी	939
रुपन्देहीका	939
विषयवस्तु	939
दिउसो	938
निन्दा	938
बाम	938
बाहिरको	938
साइड	938
साक्षी	938
जतिसुकै	937
तिहाई	937
साकार	937
दिइसकेको	936
पश्चिममा	936
ल्यायो	936
अनसन	935
आकारको	935
प्रस्तावको	935
प्राथमिकताका	935
मञ्चका	935
पुस्ताका	934
बेलैमा	934
भाइरसबाट	934
दसैँ	933
निरुत्साहित	933
बसिरहेको	933
मान्य	933
विस्तारका	933
समुहका	933
उपविजेता	932
नोक्सान	932
पदाधिकारीको	932
बढ्नुपर्ने	932
रामशरण	932
विश्वकपको	932
सिद्ध	932
कार्यकालको	931
खोलेको	931
जनाभन्दा	931
देवराज	931
पुरुषोत्तम	931
विवादास्पद	931
संघीयताको	931
सगरमाथाको	931
सङ्केत	931
सिङ्गो	931
०७८	931
बाँस्कोटाले	930
युनिट	930
लाग्नुपर्ने	930
सांसदहरूले	930
कार्यकारिणी	929
राप्रपाले	929
वर्ल्ड	929
२५०	929
ओभर	928
तुलसी	928
दायाँ	928
ब्यक्ति	928
शम्भु	928
सयौँ	928
आएमा	927
कसैसँग	927
गतेका	927
गर्नुहुने	927
तवरले	927
नोबेल	927
बाँझो	927
सेवाहरु	927
उडेको	926
उपभोक्तालाई	926
पहुँचमा	926
शान्तिको	926
हातेमालो	926
हालत	926
एकलौटी	925
कर्मचारीहरुले	925
क्यान्सरको	925
जुनियर	925
परमेश्वर	925
पुग्छन्	925
प्रयोगकर्ताले	925
रामकुमार	925
सुर्खेतको	925
०७५	925
गहुँ	924
छनोटमा	924
तेलको	924
नैतिकता	924
सिप	924
अन्योल	923
एवम	923
बासिन्दाले	923
वैधानिक	923
समानान्तर	923
स्थगन	923
हुलाकी	923
कानुनमा	922
तालमा	922
निर्वाचनलाई	922
फुल	922
वर्षेनी	922
are	921
पृथ्वीको	921
प्याड	921
सभामुखको	921
घटनापछि	920
तिब्र	920
प्रदर्शनको	920
बढावा	920
सनातन	920
सोचेको	920
आत्मविश्वास	919
कयौं	919
काउन्टर	919
खुट्टामा	919
दाउरा	919
बढाउँछ	919
विश्वसनीय	919
सम्प्रेषण	919
सुजन	919
हरुको	919
काफ्लेले	918
देशहरुमा	918
भक्तपुरका	918
लडाइँ	918
लाज	918
व्यापारीले	918
सोझै	918
अभ्यासमा	917
पुलिसले	917
पेरिस	917
प्रताप	917
ब्यापार	917
भईसकेको	917
व्यवसायीहरु	917
आप्रवासी	916
उपदफा	916
नारायणगढ	916
बर्सेनि	916
मेरै	916
रमाईलो	916
शमशेर	916
सकिदैन	916
सहमती	916
उहाँहरूले	915
गाउने	915
दौड	915
बोध	915
हुँदो	915
अन्न	914
इन्जिन	914
गोष्ठी	914
चाइना	914
दीप	914
पत्रिकामा	914
पाकिस्तानमा	914
बनाइ	914
बार्सिलोनाले	914
भन्छन	914
सांसदहरु	914
सारेका	914
पोखरीमा	913
प्रजनन	913
प्रमुखलाई	913
अनुगमनका	912
उल्लङ्घन	912
कमिटि	912
ट्वीट	912
प्रतिको	912
ली	912
विकले	912
हेलिकोप्टर	912
ह्वात्तै	912
अप्रत्यक्ष	911
गराउनुभयो	911
गर्नुहोला	911
गाउँले	911
टेन्डर	911
रेस्टुरेन्ट	911
ट्याक्टर	910
क्यासिनो	909
प्रतिनिधिको	909
प्रतिलिपि	909
भानु	909
एकको	908
कतिले	908
देखिदैन	908
भिजन	908
राख्नुभयो	908
व्यक्तिहरुले	908
शरीरका	908
श्रेष्ठका	908
आरम्भ	907
उहाँहरुको	907
कँडेलले	907
कृषकलाई	907
घटनाहरु	907
पर्नु	907
पौने	907
भेन्टिलेटर	907
सोधे	907
गर्नेमा	906
जनगणना	906
पुस्तालाई	906
बग्ने	906
बुढाथोकीले	906
भिडिओ	906
मेस्सीले	906
सघाउने	906
कैलालीका	905
बर्दघाट	905
सहयोगले	905
हानि	905
हालका	905
आले	904
टेलिकम	904
रहनेछन्	904
जताततै	903
लिम्पियाधुरा	903
हामीकहाँ	903
कडाई	902
क्याम्प	902
दृष्टि	902
बिघा	902
भारु	902
सत्रमा	902
अनुकूलन	901
क्रसर	901
निकालेका	901
पोखरेललाई	901
फाइबर	901
बिष्ट	901
मर्यादा	901
मेगावाटको	901
रेड	901
सु	901
अघिदेखि	900
आक्रमणबाट	900
गरिरहनु	900
छलफलको	900
बालविवाह	900
आडमा	899
काण्ड	899
गरिदिए	899
तिहाइ	899
नगरेका	899
बस्छन्	899
भट्टराईलाई	899
भूगोल	899
हेर्नुहोस	899
उभिएको	898
चिनिन्छ	898
डुबेर	898
प्रतिवेदनले	898
मोर्चाले	898
रसुवा	898
विष्णुप्रसाद	898
अधिकारकर्मी	897
आफन्तको	897
गठनका	897
पुनःनिर्माण	897
लेखिएका	897
सबैतिर	897
हटेको	897
हावी	897
हुन्छु	897
अग्रज	896
कान्छा	896
मनोवैज्ञानिक	896
सीधा	896
जनावर	895
प्रकारले	895
सिनेमाको	895
नेम्वाङले	894
प्रवाहमा	894
बुकिङ	894
सहन	894
स्वदेशमा	894
ओ	893
कलाकारहरु	893
चेम्बर	893
ताप्लेजुङ	893
पुरस्कारको	893
बलिउडमा	893
भेरियन्ट	893
पर्साका	892
पुर्याउँछ	892
यस्तोमा	892
लिमिटेडको	892
वैदिक	892
शुक्रबारदेखि	892
श्रीमतीलाई	892
सामानको	892
आवमा	891
उपज	891
कार्यले	891
छैनौँ	891
ठाँउमा	891
तीब्र	891
प्रदेशबाट	891
बिन्दु	891
भन्थे	891
महेन्द्रनगर	891
सञ्चारमाध्यमले	891
जाम	890
त्यत्तिकै	890
प्रो	890
सुनचाँदी	890
जनकपुरमा	889
पण्डितले	889
पोख्रेलले	889
सर्लाहीको	889
सृष्टि	889
हिंसाको	889
अग्रवाल	888
क्रिकेटको	888
पेन्सन	888
फिफा	888
लेखे	888
सङ्क्रमणको	888
सोच्ने	888
काठमाडौंले	887
कुर्सी	887
परिक्षा	887
बिहानको	887
मानिसहरुलाई	887
वर्षाले	887
समितिबाट	887
चीज	886
माओवादीलाई	886
साझेदारीमा	886
हुनुमा	886
क्रमश	885
छिटै	885
जीवन्त	885
प्रतिनिधिसभाका	885
सिफारिश	885
•	885
अवसरको	884
छाक	884
प्रिमियम	884
संयोजकमा	884
नेपालीहरुलाई	883
पुँजीवादी	883
बुझ्नु	883
बोलाउन	883
मजदुरी	883
मनले	883
सघन	883
उत्तरदायी	882
बोर्डमा	882
मन्त्रिपरिषद्ले	882
हरिप्रसाद	882
क्षेत्रफल	881
दिईएको	881
बोरा	881
भीमदत्त	881
भूकम्पको	881
रुसको	881
ढाँचा	880
सिंगापुर	880
सेटमा	880
अग्रिम	879
जटिलता	879
जनतासँग	879
दिएनन्	879
स्थानका	879
अनुपस्थित	878
गाउँबाट	878
छाती	878
दबाव	878
पूर्णबहादुर	878
बैदेशिक	878
ब्याक	878
महत्वको	878
मातहत	878
रहेपनि	878
or	877
आएकोमा	877
टाइम	877
निजगढ	877
नेम्वाङ	877
पार्नुभयो	877
खबरदारी	876
तहसम्म	876
मन्त्रिपरिषदको	876
माविमा	876
लकडाउनमा	876
अर्थपूर्ण	875
पत्रकारिताको	875
यहीँ	875
हटाइएको	875
गोरु	874
पदाधिकारीले	874
पहिरोको	874
भूभागमा	874
राजकीय	874
साबुन	874
स्तब्ध	874
अपेक्षित	873
इजरायल	873
एसईई	873
कोसी	873
खसेर	873
नरम	873
मझौला	873
नगरमा	872
पाइलट	872
प्लास्टिक	872
सकस	872
सवा	872
०७९	872
I	871
असुली	871
उठान	871
चलचित्रले	871
यसबारेमा	871
वाचा	871
विषम	871
पाठ्यपुस्तक	870
बतायो	870
मेलाको	870
मौसमी	870
यसर्थ	870
संस्थाहरुको	870
हातबाट	870
होटलको	870
:-	869
एशियाली	869
न्यायका	869
राखेपछि	869
व्यवस्थाले	869
स्थानहरुमा	869
घृणा	868
झरना	868
बहाना	868
लेखकले	868
अफ्रिका	867
आचरण	867
काठको	867
जनप्रतिनिधिको	867
प्रणालीबाट	867
बताउँछ	867
विद्यार्थीका	867
व्यवस्थाका	867
सक्दछन्	867
जाहेर	866
बढ्नेछ	866
बताएपछि	866
रोमाञ्चक	866
आउनेछ	865
आन्दोलनले	865
उदेश्य	865
गराउँछ	865
नाताले	865
पुनर्गठन	865
साँघुरो	865
us	864
खरिदका	864
खेल्नेछ	864
गण्डक	864
तर्फको	864
तीनवटै	864
नपरोस्	864
बढाउनुपर्ने	864
बनिसकेको	864
माग्दै	864
लम्साल	864
सुदर्शन	864
आँकलन	863
एउटी	863
चीनलाई	863
जिताउन	863
तीनजना	863
बजारलाई	863
मोर्चाका	863
कमाई	862
कुलमान	862
खेलकुदको	862
घोर	862
जयन्ती	862
बाधक	862
कृषिको	861
बनाएपछि	861
लिइन्छ	861
सुझाब	861
अन्वेषण	860
अपनाएर	860
ठकुरी	860
पुरुषलाई	860
बहुउद्देश्यीय	860
बितिसक्दा	860
ब्लड	860
विकल्पहरू	860
स्वास्थ्यमन्त्री	860
आत्म	859
क्याम्पसका	859
डान्स	859
विधिको	859
स्थानीयवासीले	859
०२	859
०६	859
गा	858
चुनावका	858
छैनन	858
प्रतिनिधी	858
भिडभाड	858
नाता	857
नी	857
मूल्यको	857
सङ्कट	857
समाजवादको	857
सुनाउँदै	857
०३	857
चल्दै	856
परिभाषा	856
परिषदको	856
प्रतिव्यक्ति	856
मागेर	856
सीमावर्ती	856
हुदाँ	856
नेतृत्वका	855
भएछ	855
मार्केटिङ	855
सच्याउन	855
अनुचित	854
गरीब	854
नमान्ने	854
बलराम	854
बाटोको	854
बिक	854
सर्वाधिकार	854
इन्डियन	852
इलेक्ट्रिक	852
गर्भ	852
गुणस्तरको	852
पुनःस्थापना	852
महामारीमा	852
रिसर्च	852
लु	852
सतहमा	852
अघिल्ला	851
एनसेल	851
घले	851
जनयुद्धको	851
जसअनुसार	851
ढोरपाटन	851
प्याक	851
सार्वभौम	851
हरियाली	851
आईफोन	850
गतिशील	850
बाँकेमा	850
ब्लग	850
रोकिएका	850
२०६५	850
अमित	849
डुबानमा	849
तिरेको	849
थोक	849
पढ्दा	849
प्रि	849
बिद्यार्थी	849
बीबीसी	849
लोगो	849
वेस्ट	849
सुविधाको	849
सेवाबाट	849
पक्षधर	848
प्याज	848
प्रकाशमान	848
माध्यमले	848
विष	848
संगीतमा	848
5	847
एसएलसी	847
खाका	847
जोखिमपूर्ण	847
टीम	847
प्लेटफर्म	847
स्टल	847
चलाएका	846
डाउन	846
मोबाईल	846
शरद	846
हिंसात्मक	846
कञ्चनपुरका	845
कैयौँ	845
खुद्रा	845
बाइडेनले	845
मोबाइलमा	845
विराटनगरको	845
इमानदार	844
गरिनुपर्छ	844
गरौ	844
नेपालीका	844
पेशामा	844
फर्काउने	844
बसको	844
माझी	844
अनुसन्धानले	843
गर्नेहरु	843
ग्राहकहरु	843
चाल	843
पक्षीय	843
बजेबाट	843
शिर	843
समातेर	843
२०४८	843
अपराधमा	842
अभिषेक	842
उतै	842
छँदै	842
नियत	842
बायाँ	842
ब्लक	842
रनमा	842
लगाइने	842
वली	842
व्यक्तिहरूलाई	842
सचिवालयको	842
ह्वाइट	842
आइतबारदेखि	841
पशुपालन	841
बिजुलीको	841
मेस्सी	841
लोकप्रियता	841
लोभ	841
छोरीले	840
भ्वाइस	840
म्यानपावर	840
योजनालाई	840
साधनमा	840
अस्मिता	839
आकलन	839
माडी	839
सरेको	839
’’	839
गुरुयोजना	838
रनले	838
लेखमा	838
शोभा	838
स्वास्थ्यकर्मीको	838
अफगानिस्तानको	837
गिरिजाप्रसाद	837
नाजुक	837
प्रधानसेनापति	837
रुट	837
वार्ताको	837
सर्ट	837
हेमराज	837
कष्टकर	836
दूरीमा	836
फायर	836
साइटमा	836
हेड	836
खोलिएको	835
जमिनको	835
जीर्ण	835
प्रथा	835
प्रशासकिय	835
मिल्यो	835
अफिसमा	834
नपुग्ने	834
प्रक्रियाबाट	834
फुकुवा	834
मुख्यमन्त्रीको	834
स्वस्थ्य	834
!!	833
be	833
अचेल	833
आएपनि	833
कतारको	833
काभ्रेको	833
कुनामा	833
घटाएर	833
ट्रयाक	833
तामाङलाई	833
दिन्छौं	833
भएदेखि	833
व्यक्तिहरूले	833
सोको	833
उनिहरुको	832
परिवारसँग	832
मर्न	832
लुम्बिनीमा	832
कम्पनीहरूले	831
जितमा	831
बापत	831
महाधिवेशनबाट	831
मिलाएको	831
एयरको	830
छुटेका	830
लम्सालले	830
स्तन	830
हालेको	830
आविष्कार	829
उत्थान	829
कभर	829
क्यानडा	829
घटनाहरू	829
चढेको	829
त्रसित	829
बसेकी	829
सञ्जालको	829
सुगर	829
सोचमा	829
हेरेको	829
बेरोजगारी	828
भनिरहेका	828
मण्डलले	828
सिन्धुपाल्चोकको	828
हेर	828
कम्पनीहरु	827
गरिन्थ्यो	827
घरपरिवार	827
ब्राण्ड	827
विमानमा	827
सुकै	827
एकतर्फी	826
केबल	826
गन्तव्यमा	826
जुम्लामा	826
दौडमा	826
प्रतिलिटर	826
प्रविधिमन्त्री	826
बुबाको	826
मूल्यवृद्धि	826
सोचे	826
सोसल	826
नेसनल	825
मानन्धर	825
विषयका	825
सामग्रीहरू	825
२००९	825
‚	825
अर्कातिर	824
गो	824
ग्यालेक्सी	824
बिजनेस	824
रोटी	824
श्रीमानको	824
सभापतिको	824
अद्वितीय	823
प्रतिरक्षा	823
साथीहरुले	823
साहस	823
कपको	822
घाइतेको	822
निरिक्षक	822
नुवाकोटको	822
प्रधानमन्त्रीमा	822
भट्टको	822
हाई	822
आईतवार	821
एकछिन	821
दही	821
प्राप्तिका	821
महासङ्घ	821
मास्टर	821
राधा	821
कामदारलाई	820
घर्तीले	820
ढल	820
हातपात	820
गृहमा	819
जन्मेका	819
दिलाउने	819
देशबीच	819
पत्रकारहरुको	819
सजायको	819
सिके	819
अनुकुल	818
राप्रपाको	818
शतप्रतिशत	818
क्वारेन्टिनमा	817
निरौलाले	817
भान	817
मिल्नेछ	817
रत्ननगर	817
जरूरी	816
दोहन	816
मतदातालाई	816
मालिका	816
विश्वभरका	816
आईपीओ	815
थापाका	815
बन्दरगाह	815
माध्यामिक	815
लेखेकी	815
वर्षमान	815
किनेको	814
अप्ठेरो	813
कमि	813
केस	813
कोरियोग्राफी	813
खोजिरहेका	813
गतिलो	813
गुमाउने	813
टेबल	813
रहित	813
संघर्षको	813
साथीको	813
खड्कालाई	812
जन्मेको	812
पार्टीभित्रको	812
मन्थली	812
रिपोर्टमा	812
सन्तोषजनक	812
गर्दथे	811
चाहिं	811
बनाउनको	811
बुँदा	811
माघमा	811
समर्पण	811
अपलोड	810
उनिहरुले	810
पृष्ठभूमि	810
शीतल	810
स्टेशन	810
अवधिभर	809
आश	809
क्षेत्रभित्र	809
खसी	809
टस	809
थाहै	809
धन्दा	809
धुने	809
पाउँदैनन्	809
पिसाब	809
बढाइने	809
मूलतः	809
लण्डन	809
ल्यापटप	809
हेमन्त	809
कुराकानीको	808
जनाउने	808
पुनको	808
बुझिन्छ	808
लिनका	808
शब्दको	808
सापकोटाको	808
किसानहरु	807
कोरियाका	807
छायाँकन	807
ट्वान्टी	807
नजिकका	807
नवजात	807
माध्यममा	807
मार्फत्	807
राउण्ड	807
लगानीकर्ताको	807
विकासमन्त्री	807
सम्झेर	807
सिंहलाई	807
अनुदानको	806
अस्तव्यस्त	806
उभिएका	806
बनाइरहेको	806
बेलायतका	806
कुवेत	805
जान्ने	805
ट्वीटर	805
पुर्याएका	805
मैनाली	805
यसवर्ष	805
ल्याइने	805
श्रीमतीले	805
हिंसाका	805
आईरहेको	804
कालोबजारी	804
कोशिस	804
क्रियाकलापमा	804
न्यौपानेको	804
पर्साको	804
प्रदर्शनीमा	804
प्रभावमा	804
भागेर	804
श्रीकृष्ण	804
सहरको	804
एजेन्ट	803
कर्मचारीहरू	803
क्याप्टेन	803
पुसमा	803
बन्दको	803
मारेर	803
यसअघिका	803
रक्त	803
लुकाएर	803
समुहको	803
अन्योलमा	802
आवागमन	802
खेलाडीहरु	802
पहिल्यै	802
मौखिक	802
सन्देशमा	802
हुनुअघि	802
उनिहरु	801
कम्पनीसँग	801
धार	801
मान्छेहरु	801
मुनाफा	801
साहसिक	801
सोमबारदेखि	801
खेलेर	800
टोकियो	800
दस्तावेज	800
परियोजनामा	800
भरतपुरमा	800
अक्षय	799
अङ्ग्रेजी	799
जुट्न	799
परिवेश	799
पाप	799
ब्यबस्था	799
भीडभाड	799
सम्बन्धन	799
इलामको	798
गिट्टी	798
तिहारको	798
राहुल	798
व्याप्त	798
सुदूरपश्चिममा	798
सोभियत	798
अनुपात	797
गणेशमान	797
तिमिल्सिना	797
फ्रान्सेली	797
अष्ट्रेलियामा	796
कालमा	796
जिल्लालाई	796
बच्ने	796
बुझ्दै	796
बोलपत्र	796
रातारात	796
लयमा	796
अन्त्यका	795
अरूले	795
अशक्त	795
आईएमई	795
आधुनिकीकरण	795
आश्चर्य	795
उपलक्ष्यमा	795
खुसीको	795
खेलकुदमा	795
जापानका	795
दलहरूको	795
पुस्ताको	795
बिजय	795
मर्कामा	795
माथिबाट	795
विद्यार्थीहरू	795
हैसियतले	795
ह्रास	795
उपमहानगरपालिकाको	794
देखाए	794
नभएकोले	794
मन्तब्य	794
सकेमा	794
अगस्ट	793
खोजिरहेको	793
पुर्याएर	793
मार्गदर्शन	793
यत्रो	793
रोकियो	793
सपनाको	793
अस्वस्थ	792
ओसारपसार	792
गराउनुभएको	792
पर्वतको	792
भुटान	792
शिर्ष	792
घडी	791
डेरा	791
फुड	791
भइरहँदा	791
मिनी	791
लमही	791
अन्तरिक्ष	790
आतंक	790
पौराणिक	790
बक्यौता	790
रोयल	790
विचारको	790
सुशीला	790
अंकित	789
अली	789
आँखाले	789
आवाजमा	789
इनरुवा	789
नगर्नुहोस्	789
निम्तो	789
निर्वाचनबाट	789
यसतर्फ	789
शेर	789
संस्थाहरू	789
this	788
गुमाउनु	788
च्याम्पियनसिप	788
टाइम्स	788
तेज	788
हुनेले	788
क्षतिग्रस्त	787
गरिएकोमा	787
पुर्वाधार	787
पेय	787
भेटियो	787
सुर्खेतका	787
Powered	786
अनेकौं	786
तान्ने	786
निशान	786
महिनामै	786
रियालिटी	786
लिंक	786
ल्याउँछ	786
सर्वप्रथम	786
०५	786
अपराधको	785
कार्यशाला	785
कार्वाही	785
नागरिकहरु	785
पुष्पा	785
बढिरहेका	785
लक्ष्यका	785
विकेटले	785
श्रीमानले	785
अपुग	784
आवश्यकताहरू	784
औजार	784
जोडिने	784
दशैंको	784
नितान्त	784
मधेसमा	784
राहतको	784
शक्तिलाई	784
सङ्घको	784
सेक्युरिटी	784
गोरखापत्र	783
पाकिस्तानले	783
बहन	783
बिपी	783
मतको	783
सम्हालेका	783
आवधिक	782
किटानी	782
किलोमिटरको	782
चाहेका	782
डेस्क	782
बढीले	782
स्वास्थ्यलाई	782
हिमालको	782
तपाईँ	781
पक्षसँग	781
उति	780
उपाधी	780
धरहरा	780
पैसाले	780
महोत्तरीको	780
शानदार	780
साइन	780
अक्सर	779
आयोजनालाई	779
छात्र	779
तानसेन	779
पिडा	779
पुष्टी	779
पृथ्वीमा	779
प्रतिनिधिले	779
मानिसका	779
यातायातका	779
लेखकको	779
वेपत्ता	779
शिशुको	779
खादा	778
चलाउँदै	778
थिईन्	778
निगरानीमा	778
फरकधारमा	778
बिजयी	778
महिलामाथि	778
संसदले	778
सक्छौँ	778
सुनाइन्	778
अबका	777
एमाओवादी	777
कल्याणकारी	777
धुर्मुस	777
पार्कमा	777
प्रिन्सिपल	777
मातहतमा	777
राष्ट्रसंघको	777
हाफको	777
गुप्ताले	776
चुहावट	776
छोराछोरीलाई	776
जिल्लाहरुमा	776
प्रत्याभूति	776
मेलम्चीको	776
सर्वत्र	776
आआफ्नो	775
डेलिभरी	775
धरापमा	775
नगरेर	775
फार्म	775
बहाव	775
Œ	774
अनिश्चित	774
अन्तत	774
बमोजिमको	774
भूकम्पबाट	774
वृद्धिदर	774
सुनारले	774
अन्तर्वार्तामा	773
आसपास	773
उपलब्धी	773
उम्मेद्वारी	773
किसानहरुले	773
गाउँघरमा	773
चढ्ने	773
छलफलपछि	773
पारिएका	773
अधिकारलाई	772
एल्बम	772
त्यसबाहेक	772
प्रलोभनमा	772
बुधबारदेखि	772
बोक्न	772
शैलीको	772
समुद्र	772
२०५८	772
that	771
कार्यक्रमअन्तर्गत	771
गैरे	771
घिसिङले	771
बलात्कारपछि	771
मिहिनेत	771
मुहान	771
राष्ट्रलाई	771
सिलिण्डर	771
सेकेन्ड	771
from	770
उपचारपछि	770
कपिल	770
कार्यक्रमबाट	770
केभी	770
खुल्यो	770
घुम्ती	770
चप्पल	770
प्रतिवाद	770
रोपाइँ	770
सहकार्यको	770
साहलाई	770
सुनिन्छ	770
हरुले	770
कैलालीमा	769
कोमल	769
गुजारा	769
जापानले	769
तिमिल्सिनाले	769
तैनाथ	769
मिसाएर	769
रंगको	769
लाइनको	769
विनाशकारी	769
सक्दिन	769
अनेरास्ववियु	768
आकांक्षा	768
गाविसमा	768
चारै	768
थाल्ने	768
धनबहादुर	768
बिन्दुमा	768
रविन	768
विद्यार्थीहरूले	768
शुद्धीकरण	768
चुपचाप	767
पर्वमा	767
प्रभावले	767
भिजिट	767
मिल	767
वाट	767
सक्दैनौं	767
इन्धनको	766
खेल्दा	766
परिस्थितिको	766
यात्रुले	766
लाग्दो	766
लाभको	766
वृद्धिको	766
सनाखत	766
एमसिसी	765
पदभार	765
पूर्ति	765
बाघको	765
भयानक	765
भेगका	765
अनुमानित	764
कुखुराको	764
ग्राहकहरुलाई	764
नागरिकहरुलाई	764
पकेट	764
प्रजातन्त्रको	764
बेर	764
लगेका	764
हराउन	764
हिउँदे	764
गोल्डेन	763
घट्दो	763
जमरा	763
निहित	763
पौडी	763
भेटिए	763
मनन	763
व्यवसायीहरुको	763
संकलित	763
समाजवादीले	763
स्टाफ	763
१२०	763
कर्णालीको	762
खस्दा	762
तोकेर	762
देवीको	762
पाँचवटा	762
बिष्टले	762
विरुवा	762
शासकीय	762
हिड्ने	762
काली	761
गएँ	761
च्यालेन्ज	761
जानेको	761
दुःखद	761
पराजय	761
प्रतिस्पर्धात्मक	761
भाग्न	761
माविका	761
मोर्चाको	761
लाइट	761
सान्त्वना	761
सिमानामा	761
अनुमतिपत्र	760
करोडभन्दा	760
गाईको	760
चारजना	760
नराख्ने	760
बाबुको	760
रोगले	760
विहीबार	760
शेख	760
सदस्यहरूले	760
सिनेमामा	760
किट	759
कृषकले	759
देशभक्त	759
परिमाणमा	759
रस	759
लिन्छन्	759
शुन्य	759
संविधानलाई	759
संसारभर	759
सकिन्थ्यो	759
सुवेदीको	759
स्क्रिन	759
उमेदवार	758
खुलाउन	758
जन्मिएको	758
भिडन्त	758
रूपमै	758
सबैसँग	758
समाचारको	758
खेतीमा	757
जितेन्द्र	757
बाँच्ने	757
मनाउँदै	757
सदा	757
हिरा	757
छालाको	756
बिश्वास	756
रा	756
रैथाने	756
साधना	756
साविकको	756
इज्जत	755
निस्किएको	755
बैठकका	755
महाभियोग	755
मिडियाको	755
विभाजनको	755
२०५२	755
गर्दैछौं	754
त्यतिखेर	754
न्युयोर्क	754
पदमार्ग	754
पाउँदैन	754
फास्ट	754
बदल्न	754
बिदाइ	754
सम्बन्धका	754
स्पेन	754
हानेको	754
आदरणीय	753
गइरहेका	753
चपेटामा	753
जातिय	753
पाखा	753
प्राप्तिको	753
भोज	753
राजीव	753
संगठनमा	753
आफैंलाई	752
इन्टरनेटको	752
उन्नति	752
खुलेका	752
ग्रीन	752
घोषणापत्रमा	752
छुट्याएको	752
दिँदैन	752
दुईपटक	752
पठाए	752
शक्तिले	752
अबैध	751
चोलेन्द्र	751
छुट्याइएको	751
जान्छु	751
दिइनेछ	751
युक्रेनी	751
लेन	751
वार्षिकोत्सव	751
शायद	751
शाहीलाई	751
स्वायत्त	751
हकको	751
निधिले	750
न्युनतम	750
बालेर	750
मिल्न	750
मुकुन्द	750
युनियनका	750
लाग्नेछ	750
अनुशासित	749
अयोग्य	749
अश्लील	749
अष्ट्रेलियाको	749
एयरलाइन्सको	749
कब्जामा	749
कोठाको	749
नागरिकमा	749
पशुपतिनाथ	749
राजदुत	749
समयलाई	749
अभद्र	748
कु	748
कोषबाट	748
दुर्भाग्य	748
पुगी	748
बढेकाले	748
भागको	748
शिशिर	748
संगीतको	748
सकिरहेका	748
सञ्जालमार्फत	748
सरकारकै	748
सेल	748
हतारमा	748
’–	748
इँटा	747
कार्यसूची	747
चलिरहेका	747
चितवनले	747
भ्याट	747
युरो	747
वल्र्ड	747
सम्वन्धी	747
सीले	747
गस्ती	746
तोकिएका	746
नामाकरण	746
राष्ट्रले	746
सामानहरु	746
२०३०	746
अवस्थाले	745
आपू	745
गतिविधिलाई	745
गराएपछि	745
तरिकामा	745
त्यसैगरि	745
पाल्पाको	745
फूलको	745
भनिन	745
भन्नाले	745
माछापुच्छ्रे	745
राष्ट्रियताको	745
लाखसम्म	745
विपद	745
सकिए	745
सफाई	745
सुनौलो	745
२०४७	745
अभिमुखीकरण	744
कामबाट	744
जोर	744
नजरमा	744
ब्रिटिश	744
मतदाताको	744
राजपत्रमा	744
लकडाउनले	744
आजीवन	743
नहुँदै	743
पानीका	743
पासमा	743
फोनको	743
बैठकलाई	743
लगानीकर्तालाई	743
लिनुहोस्	743
सोध्न	743
अर्की	742
अवैधानिक	742
आत्मसात	742
एमसीसीको	742
चट्याङ	742
छापिएको	742
जबराले	742
डोल्पा	742
निजि	742
पोखराबाट	742
प्राण	742
बालबालिकाले	742
वित्तिकै	742
विदुर	742
किनारा	741
नविकरण	741
प्रशासनलाई	741
बिग	741
बेस	741
भेडा	741
मतदानमा	741
२०२४	741
इटालियन	740
जसपाले	740
रिमाल	740
सक्नुहुन्न	740
Us	739
थपेको	739
बडो	739
यती	739
सोमबारको	739
हुनेछैन	739
क्षेत्रिय	738
गर्दागर्दै	738
चिन्न	738
परिपत्र	738
पाण्डेलाई	738
लहान	738
विद्यार्थीहरूलाई	738
विवाहित	738
सर्प	738
२०६७	738
अधिवेशनले	737
घरजग्गा	737
चर्च	737
टोपबहादुर	737
दिनयता	737
नपाउँदै	737
पातलो	737
मानक	737
सयको	737
हर	737
हान्ने	737
उत्पीडित	736
करिडोर	736
तथ्यांकअनुसार	736
निर्वाचनपछि	736
प्रकाशशरण	736
फर्किएर	736
बहु	736
मिना	736
सुदूरपश्चिमका	736
चेतनाको	735
थपलियाले	735
प्रतिमा	735
महिलाहरूको	735
वीपी	735
सत्यतथ्य	735
उत्साहजनक	734
पेस्तोल	734
प्रसूति	734
लगायो	734
लागिपरेको	734
वलीले	734
सोलुखुम्बु	734
चकित	733
प्रवन्ध	733
बितेको	733
भब्य	733
भागेका	733
म्यानेजमेन्ट	733
यसअघिको	733
रमाउने	733
सुक्खा	733
सुन्दरता	733
अक्षर	732
आशंकामा	732
कोभिडका	732
क्षमताका	732
नाघेको	732
पर्यटकले	732
सक्रियतामा	732
क्षेत्रहरूमा	731
ग्राहकहरूलाई	731
ट	731
पुर्पक्षका	731
मनाइन्छ	731
रकमबाट	731
समकक्षी	731
साताअघि	731
कन्ट्रोल	730
कलात्मक	730
घडीमा	730
टेलिकमको	730
पहिरोका	730
बेस्ट	730
बोर्डिङ	730
मानन्धरले	730
म्याग्दीका	730
योगी	730
हा	730
आवको	729
थपेर	729
बिदेशी	729
मुद्दाका	729
लुकेर	729
हुनासाथ	729
अफिसियल	728
आजभोलि	728
भुजेल	728
रहँदैन	728
राजवंशी	728
शासनको	728
स्वीकार्य	728
,"	727
अमेरिकालाई	727
कष्ट	727
खाए	727
तरल	727
ध्रुव	727
निलो	727
प्रतिद्वन्द्वी	727
फाल्ने	727
महासचिवमा	727
गरोस्	726
गौशाला	726
तिमीहरू	726
त्रिपाठीले	726
व्यवसायीक	726
संग्रहालय	726
अस्वाभाविक	725
गर्नेहरू	725
जनाउन	725
जितसँगै	725
देवता	725
पहिरन	725
फिल्टर	725
भनेँ	725
मान्दै	725
युवतीले	725
सन्दिप	725
हुन्छौं	725
अनुगमनमा	724
आश्रम	724
इजरायली	724
गतवर्ष	724
दुखाइ	724
नारायणप्रसाद	724
परिवेशमा	724
भावनालाई	724
संसोधन	724
सडकका	724
सम्पति	724
सुनेपछि	724
ग्यासको	723
तालको	723
नभएपनि	723
पञ्चायत	723
पोजिटिभ	723
बोल्नु	723
महिनाका	723
मानेको	723
लोडसेडिङ	723
वार्ताका	723
सभाबाट	723
हु	723
०८०	723
२०६६	723
as	722
कलेजो	722
तबसम्म	722
नीतिलाई	722
पाटी	722
पुलमा	722
बीस	722
मान्नु	722
रहेनछ	722
संबिधान	722
कालिकोट	721
कोइरालालाई	721
नेपालीहरूको	721
प्रयोगात्मक	721
बोतल	721
भविष्यका	721
भाँडा	721
मोटरसाईकल	721
म्यासेज	721
लुकेको	721
वनस्पति	721
विस्तारित	721
सूक्ष्म	721
स्कुलको	721
उपसमिति	720
छुटेको	720
जिल्लाकै	720
नामकरण	720
फेसबुकबाट	720
युक्रेनको	720
रायमाझीले	720
लोकतन्त्रमा	720
सम्माननीय	720
उत्खनन्	719
चिन्ताको	719
डाक्टरको	719
पर्दामा	719
पुरातात्विक	719
फेर्ने	719
बिउ	719
भोगेको	719
गण	718
गर्नुभएका	718
गाउँपालिकालाई	718
गोरखाको	718
तिहारमा	718
बुटवलको	718
ब्यबस्थापन	718
मित्रता	718
यसबीचमा	718
रहस्यमय	718
लाने	718
लाभदायक	718
सक्दछौं	718
हराएका	718
उच्चतम	717
दिलिप	717
पाउनुपर्छ	717
प्राज्ञिक	717
भय	717
मिलेमतोमा	717
अघिको	716
उपल्लो	716
काखमा	716
देशबीचको	716
पहाडमा	716
फ्रि	716
विषेश	716
सुटिङ	716
स्मृतिमा	716
जतिबेला	715
धन्यबाद	715
बन्नेछ	715
युवाहरू	715
राजनीतिले	715
विश्लेषक	715
श्रीराम	715
सिलवाल	715
2020	714
एकतालाई	714
एटिएम	714
गर्नबाट	714
घरधुरी	714
तपाईँले	714
थियौ	714
परियोजनाले	714
बित्यो	714
राज्यबाट	714
हेरौं	714
छली	713
टेण्डर	713
महालेखा	713
मार	713
सदस्यहरूको	713
आजकल	712
ग्रेड	712
छाडा	712
जिसीले	712
नदिएपछि	712
प्रयोगका	712
बेलाबेलामा	712
विश्वासमा	712
सिरहाको	712
सोध्ने	712
कर्मचारीका	711
गुणस्तरमा	711
त्यसैमा	711
नहर	711
निवेदनमा	711
प्रणालीले	711
बैङ्क	711
रामजी	711
शरण	711
संरक्षित	711
इंग्लिस	710
गर्छौँ	710
जसपाको	710
त्रिशूली	710
पत्रको	710
पाकिस्तानका	710
भजन	710
मिश्रित	710
वयस्क	710
शीर्षकको	710
समेट्ने	710
एयरलाइन्सले	709
जोडदार	709
डाँडा	709
तिर्नु	709
बिग्रिएको	709
भाषिक	709
मलाइ	709
रहन्छन्	709
विपिन	709
विश्वमै	709
हर्क	709
आभास	708
आसपासमा	708
उत्प्रेरित	708
कठिनाई	708
गणित	708
छरिएर	708
थिई	708
विनय	708
सेन्सर	708
खस	707
जर्सी	707
तपाईँको	707
प्रगाढ	707
सर्जक	707
उदाहरणीय	706
छुटको	706
दैनिकबाट	706
बाग्मती	706
ब्यानरमा	706
ब्युरो	706
महामारीबाट	706
वालिङ	706
शेरधन	706
समुहमा	706
सिलवालले	706
चलाइएको	705
बीबीसीले	705
मध्यपहाडी	705
मोक्तान	705
मोवाइल	705
०४	705
असहाय	704
अस्थिर	704
आठौँ	704
गर्भपतन	704
तरकारीको	704
दुव्र्यवहार	704
मनकामना	704
मैनालीले	704
सम्मानमा	704
Follow	703
उत्पत्ति	703
कागती	703
जित्यो	703
देशभित्र	703
निकायसँग	703
निजको	703
बिचको	703
भाइरसले	703
आकांक्षी	702
कपिलवस्तुको	702
गरको	702
गरिएपछि	702
चेपाङ	702
तत्पर	702
त्रिपाठी	702
निर्णयबाट	702
ब्ल्याक	702
भनियो	702
मुकेश	702
सार	702
२००६	702
अल्पसंख्यक	701
उदार	701
जानुहोस्	701
दमौली	701
देखिन्थे	701
पारदर्शिता	701
प्रतीक्षा	701
रिसोर्ट	701
लामालाई	701
लिइने	701
लेनदेन	701
वाग्ले	701
शब्दहरू	701
सूर्यको	701
स्थलको	701
',	700
अंकले	700
आप्	700
गुल्मीको	700
छनोटको	700
दर्जनभन्दा	700
बजेपछि	700
बलिउडका	700
बालमैत्री	700
ममता	700
मुनि	700
रुपैयाँभन्दा	700
सुरुआत	700
कार्बन	699
नागरिकहरुको	699
पक्षबीच	699
लडाकु	699
सिकेको	699
सोचेर	699
हास्य	699
कार्यदलको	698
टंक	698
भातृ	698
भ्रममा	698
विडम्बना	698
अग्निप्रसाद	697
अधिग्रहण	697
अनुसरण	697
आईसीसी	697
आउनुपर्ने	697
उमा	697
ग्याँस	697
छक्क	697
नपुग्दै	697
प्रेसर	697
फर्किएपछि	697
बुझाइएको	697
रोजगारमा	697
विनिमय	697
१९९०	697
अटेर	696
अतः	696
किराना	696
जवाफदेही	696
डीआईजी	696
तलको	696
तीजको	696
दामोदर	696
नजिकिँदै	696
निरुपण	696
पुर्याइएको	696
बुझाउनु	696
राष्ट्रियसभाको	696
संस्कृतिलाई	696
सञ्चारमन्त्री	696
हिजोआज	696
हेक्का	696
आवश्यकतालाई	695
गौर	695
चुनौतीको	695
ट्रान्सफर	695
परमाणु	695
परियोजनाका	695
भर्ती	695
सडकलाई	695
हिँडेर	695
आक्रान्त	694
आफन्तलाई	694
कञ्चनपुरमा	694
घट्यो	694
चढ्न	694
तलव	694
तेजबहादुर	694
बिताएका	694
मिचेर	694
शास्त्रीय	694
स्वार्थका	694
०७३	694
अदुवा	693
कारबाहीका	693
किसानका	693
कोरोनाविरुद्धको	693
घण्टासम्म	693
चालकले	693
यन्त्र	693
यसपाली	693
समयले	693
असाधारण	692
कदमको	692
कारोबारको	692
काल	692
गरिरहनुभएको	692
ट्र्याक	692
निस्केको	692
प्रलोभन	692
फेरिएको	692
बीमाको	692
महिलाहरूले	692
मोडमा	692
शताब्दीमा	692
संजय	692
हुनुहोस्	692
जोडिएर	691
निर्णयहरु	691
प्रजातिका	691
बालबालिकामा	691
मेशिन	691
यात्री	691
रिफर	691
रेष्टुरेन्ट	691
सच्चा	691
साधनलाई	691
ज्यादा	690
थपिने	690
परास्त	690
पर्वका	690
प्रतिरोधी	690
फर्निचर	690
भिसामा	690
लगाएकी	690
शक्तिका	690
२०१	690
उत्पादकत्व	689
दशौं	689
दिनदिनै	689
नभएमा	689
पुनर्स्थापना	689
प्रतितोला	689
बस्तीका	689
बालकलाई	689
हैरान	689
तारिखमा	688
धारिलो	688
पठन	688
पोर्टल	688
प्रवद्र्धनका	688
बन्देज	688
भुकम्प	688
मनपरी	688
मनिष	688
वातावरणको	688
आवश्यकताअनुसार	687
किमी	687
टेलिभिजनमा	687
दलसँग	687
पदयात्रा	687
पिउन	687
प्राणी	687
भोकै	687
वर्गलाई	687
सुरुदेखि	687
हाउसमा	687
कार्यन्वयन	686
कोणबाट	686
ठेकेदारले	686
परिषदका	686
बहुमतले	686
वर्गीय	686
श्वास	686
साँच्चिकै	686
सुशासनको	686
हुनुहुन्न	686
अल्पमतमा	685
कार्यक्षेत्र	685
नमस्कार	685
प्यारो	685
राख्नका	685
लागेकी	685
वर्षहरूमा	685
विनाश	685
विमलेन्द्र	685
संसारकै	685
सम्वोधन	685
खुवाउन	684
जगन्नाथ	684
परिचालित	684
बर्षका	684
बैतडीको	684
भनेजस्तो	684
युनियनको	684
योजनाबद्ध	684
राष्ट्रपतिबाट	684
सन्तुष्टि	684
सान	684
कानमा	683
गर्नेले	683
थर	683
पाएन	683
पूर्णरूपमा	683
पूर्वमा	683
प्रम	683
बाँडफाँड	683
राकेश	683
व्यापारको	683
शुक्रराज	683
स्तम्भ	683
उडानमा	682
उनीसँगै	682
जनमोर्चाका	682
नामका	682
निलम्बित	682
पुष्पलाल	682
भत्किएको	682
सबैजना	682
सोच्नु	682
स्तरिय	682
हजारसम्म	682
हेरे	682
ढाका	681
तपाइँले	681
निर्माणलाई	681
नीतिका	681
पल्ट	681
प्रालिका	681
फाइदाजनक	681
बारीमा	681
बाहिरिएका	681
रामेछापको	681
लगाउनुपर्ने	681
लिइरहेका	681
वडाले	681
विवादले	681
शताब्दीको	681
काटेको	680
जनआन्दोलन	680
लास	680
सन्तानलाई	680
आहार	679
गोलमा	679
जन्मदिनको	679
जानकारीको	679
ठाउमा	679
दुखेसो	679
मानिन्छन्	679
मामला	679
रूसी	679
ल्याइएका	679
वापत	679
सेवाग्राहीले	679
स्रष्टा	679
अगुवाइमा	678
अपनाएको	678
कार्यकर्ताहरु	678
चाँदी	678
टाटा	678
निति	678
प्रभावकारिता	678
बलिङ	678
माइतीघर	678
रोका	678
विश्वलाई	678
सुनसरीका	678
सोनाम	678
हेरी	678
Like	677
आर्ट	677
कार्यपत्र	677
फ्रेन्च	677
रातभर	677
लालबहादुर	677
समवेदना	677
सहजिकरण	677
सुनाएका	677
एकैसाथ	676
खेलाडीहरुलाई	676
निशा	676
पदीय	676
परशुराम	676
ललितपुरका	676
सकिनँ	676
सक्छौ	676
सेवाग्राहीको	676
ह्याट्रिक	676
Nepal	675
अपनाउने	675
अल्पकालीन	675
घाँटीमा	675
धनराज	675
प्यासिफिक	675
बागलुङको	675
बेइजिङ	675
सेटिङ	675
किनबेच	674
बानियाँ	674
बेरुजु	674
योगेन्द्र	674
रातमा	674
रुघाखोकी	674
सक्थ्यो	674
सोलार	674
अवस्थाबाट	673
आयोजनाबाट	673
जुटाउने	673
नाटकमा	673
निरज	673
पढेका	673
विवाहमा	673
सिकाई	673
सिटौलाले	673
कोरोनाभाइरसको	672
चलाउँदा	672
जुम्लाको	672
लापरबाही	672
हात्तीको	672
अपरिचित	671
अहिलेसम्मकै	671
प्राइभेट	671
मल्लको	671
सकरात्मक	671
आइतबारको	670
एप्पलले	670
भयौं	670
सामग्रीबारे	670
सेवाग्राहीलाई	670
अवगत	669
आलोचनात्मक	669
इन्डिया	669
उत्पादनहरु	669
उहाँहरू	669
कार्यकालका	669
जादा	669
दौरान	669
पन्ध्र	669
प्रतिनिधिहरु	669
मृत्युपछि	669
अनुपातमा	668
अनुप्रयोगहरू	668
खेललाई	668
डम्बर	668
पटकसम्म	668
पशुपन्छी	668
बिजेता	668
आश्रममा	667
एकजनाको	667
किरा	667
खतरामा	667
गुमाएर	667
दोलखाको	667
ब्रिटिस	667
मारिएको	667
मिलान	667
वर्गमा	667
विरूद्ध	667
10	666
अधिवेशनबाट	666
नपाए	666
प्रतिरोधात्मक	666
प्रतिष्पर्धा	666
फेरबदल	666
बलिदान	666
भ्रामक	666
विचलित	666
विरोधका	666
शत्रु	666
सीधै	666
उद्धारका	665
खेलहरु	665
गोल्डकप	665
घुम्ने	665
चाहन्थे	665
मन्त्र	665
मोह	665
रुपैयाँले	665
विराटनगरका	665
सङ्घले	665
हितको	665
२०४९	665
अधिकारीहरु	664
अनुबन्ध	664
कसरत	664
गुम्बा	664
तले	664
धादिङका	664
बाटोबाट	664
विरामीको	664
अठोट	663
असामान्य	663
खोलेका	663
जहाजमा	663
दर्ताको	663
देखाउनु	663
नेविसंघ	663
युरोपमा	663
उहाँहरुलाई	662
कहिलेसम्म	662
कालोपत्र	662
छँदा	662
जडीबुटी	662
दातृ	662
नक्सामा	662
पछाडिको	662
प्रेमबहादुर	662
फुर्सद	662
मन्त्रीहरु	662
लक्ष्यमा	662
लाखमा	662
विश्राम	662
स्याहार	662
हरू	662
आयाम	661
चोर	661
जितेकी	661
झुटो	661
फैलिरहेको	661
बैंकहरूले	661
संघसंस्था	661
सा	661
अघिसम्म	660
अलग्गै	660
क्षमा	660
जाओस्	660
दा	660
प्रदेशसभाका	660
शीघ्र	660
साथीले	660
सोहीअनुसार	660
स्वास्थ्यकर्मीलाई	660
अपनाउनु	659
अभिनित	659
किर्ते	659
टहरा	659
रोजेको	659
अधिकारीहरू	658
कावासोती	658
राधिका	658
श्रमिकलाई	658
हाबी	658
अनुप	657
उत्रिएको	657
चन्द्रबहादुर	657
झडपमा	657
टेकबहादुर	657
प्रक्रियाका	657
बेलबारी	657
भागेको	657
रकममा	657
रेलमार्ग	657
सम्मेलनले	657
अनधिकृत	656
आएसँगै	656
उदयपुरको	656
चाल्न	656
पौडेलका	656
भत्काउन	656
मतदानको	656
विप्लवले	656
शाहरुख	656
हजारका	656
हामि	656
+	655
अधिकृतले	655
आर्यन	655
किशोरीलाई	655
क्यामरा	655
जितको	655
निबन्ध	655
निश्चय	655
ब्यूरो	655
रेग्मीको	655
वक्तव्यमा	655
विद्यालयबाट	655
सानैदेखि	655
अँध्यारो	654
अमेरिकाबाट	654
अराजकता	654
आउछ	654
आत्मघाती	654
आरोपितले	654
जनाएकाे	654
नर्भिक	654
निषेधित	654
न्यूनीकरणका	654
पञ्चायती	654
पटक्कै	654
पाईएको	654
भएकालाई	654
राजनीतिका	654
शुल्कमा	654
सकेपछि	654
सुनुवार	654
इस्लामिक	653
चाँदीको	653
टर्की	653
टिपर	653
नलागेको	653
निमन्त्रणा	653
बुवाको	653
भोगेका	653
मुस्कान	653
लडेका	653
हजारदेखि	653
तीस	652
नियुक्तिका	652
भनें	652
मनाएका	652
मूख्य	652
वकिलको	652
वहादुर	652
सम्वन्धित	652
सातौँ	652
सिइओ	652
सुत्न	652
सेवनले	652
हत्यारा	652
इरान	651
तमाम	651
नआएपछि	651
नलिई	651
परिवर्तनले	651
पेज	651
प्रश्नहरू	651
बबई	651
भि	651
माओवादीबाट	651
दोस्रोपटक	650
बस्यो	650
बिहीबारदेखि	650
भारतबीच	650
मञ्चन	650
मरेका	650
युक्रेनमा	650
लिइरहेको	650
गतिविधिहरू	649
गर्यौँ	649
चलाउनु	649
जगमा	649
डेटिङ	649
डेरी	649
नदिए	649
नेपालीहरू	649
न्यूयोर्क	649
परिवर्तित	649
फलफुल	649
फसेको	649
रोटरी	649
रोप्ने	649
लालपुर्जा	649
गोपनीयताको	648
ग्राहकहरुले	648
पाँचौँ	648
भी	648
उद्घोष	647
उमेरले	647
जनमुक्ति	647
ढुंगानाले	647
थिइनँ	647
प्रदर्शनका	647
बुबाले	647
भयाे	647
भेटिन्छन्	647
संख्याको	647
सभ्यताको	647
स्वर्ग	647
हुनेछौं	647
हेटौंडामा	647
२०५१	647
खैरो	646
खोकी	646
तथ्यलाई	646
बर्षदेखि	646
बर्षे	646
भूमिहीन	646
राउतको	646
शिष्टाचार	646
संस्थाहरूले	646
सरकारविरुद्ध	646
सांगठनिक	646
सिद्धान्तको	646
सुरक्षाकर्मीले	646
हवाइ	646
अब्दुल	645
इन्च	645
प्रगतिको	645
बेल्ट	645
माटोमा	645
यौ	645
राखियो	645
विधानमा	645
सघाउन	645
सिग्देल	645
आइडल	644
आचार्यलाई	644
आरक्षण	644
निस्किएका	644
प्रवेशमा	644
प्रोफाइल	644
फ्रान्सको	644
मंगल	644
रुची	644
लामिछानेलाई	644
हरित	644
अचम्मको	643
अहिलेसम्मको	643
कार्यकक्षमा	643
खुब	643
गौरी	643
घोडा	643
चालेको	643
नेपालगञ्जमा	643
मलेसियाको	643
संयोग	643
@mirmireonline	642
TwitterTweets	642
कतिको	642
कथन	642
काठमाडौँका	642
पुरी	642
पूजाआजा	642
प्रशासनमा	642
मधेशमा	642
महानगरपालिकामा	642
उल्लिखित	641
कारणहरू	641
घेराउ	641
निज	641
परिश्रम	641
फरवार्ड	641
मि	641
यहाँसम्म	641
सघाउ	641
समेट्न	641
सेन	641
ह्याक	641
जोड्दै	640
फाइनान्स	640
फैलाउन	640
मनाइँदै	640
मागे	640
संक्रमणकालीन	640
समेटिएका	640
२०५६	640
आगलागीबाट	639
एक्कासि	639
एच	639
तँलाई	639
तथ्यांकले	639
तालीम	639
पाइरहेको	639
पुरुषमा	639
फितलो	639
बोका	639
विस्तृतमा	639
संविधानसभामा	639
सकुशल	639
सम्भावनालाई	639
सुनाउँछन्	639
आना	638
खाँदै	638
चिनिया	638
मुलुकभर	638
रगतमा	638
सडकमै	638
सूचक	638
अग्ला	637
गराउनका	637
पर्खाइमा	637
बनाइयो	637
बन्नुपर्ने	637
भेटेको	637
मजा	637
वर्षौंदेखि	637
सिमरा	637
सूचनाका	637
सोझो	637
हङकङमा	637
२०५९	637
घट्न	636
चारैतिर	636
डिसी	636
तलामा	636
तिव्र	636
प्रतिवद्ध	636
बिगो	636
मकर	636
विचारहरू	636
सहभागीहरुले	636
खानपान	635
डाँडामा	635
धुन	635
भूकम्पपछि	635
भेटिएपछि	635
लगत	635
षडयन्त्र	635
संगीता	635
इन्स्पेक्टर	634
कलैया	634
घाटामा	634
दलहरुबीच	634
पुर्याउनु	634
प्रान्तमा	634
बाँडफाँट	634
भाषाका	634
रहोस्	634
सुनाउने	634
हिउँदमा	634
अंकको	633
पर्सामा	633
यसपटकको	633
हुँदैछन्	633
….	633
अभ्यासको	632
तारिफ	632
नगदसहित	632
परिपक्व	632
भ	632
मेयरको	632
यसैको	632
ल्याउँदै	632
वरपरका	632
संवत्	632
सम्पदाको	632
सादा	632
कन्या	631
क्यानले	631
गर्नुहोस	631
गान्धी	631
गुमाउन	631
चासोको	631
जनमोर्चा	631
जा	631
टार्न	631
ट्रमा	631
तपाईंका	631
तोक्न	631
दाग	631
दाहसंस्कार	631
दिएँ	631
बगाएर	631
बहुमूल्य	631
बेलाको	631
युगको	631
अविलम्ब	630
कान्छो	630
खाएका	630
गौतमबुद्ध	630
छुटकारा	630
जेम्स	630
पर्यावरण	630
बनाउदै	630
व्यक्तिसँग	630
सरकारद्वारा	630
अभिभावकलाई	629
एयरलाइन्स	629
क्रमिक	629
गीतका	629
चर्चाको	629
टायर	629
नियुक्तिको	629
प्रवद्र्धनमा	629
बजारीकरण	629
भूकम्पका	629
लुकाउन	629
सस्तोमा	629
कच्ची	628
कैदी	628
गरिएन	628
चिकित्सकहरुले	628
छैठौं	628
टर्मिनल	628
ताकेता	628
त्यहा	628
त्यागेर	628
निकुञ्जको	628
पथरी	628
पदार्थमा	628
परिपाटी	628
पीडितका	628
फाईदा	628
ब्राजिल	628
यौनिक	628
संविधानका	628
सक्दिनँ	628
स्पेस	628
ओमप्रकाश	627
दशै	627
नगरले	627
भित्रमा	627
लघुवित्तको	627
लेख्नुहोस्	627
हकप्रद	627
हराएर	627
अप्रेसन	626
उसो	626
एनआईसी	626
कीर्तिपुर	626
क्षेत्रहरू	626
गराउदै	626
जोखिमको	626
बटन	626
बसोवास	626
भीषण	626
व्याज	626
श्रद्धा	626
श्रमजीवी	626
सुदृढीकरण	626
अन्त्येष्टि	625
कम्पनीबाट	625
जोडीले	625
डढेलो	625
पकड	625
पर्यटकहरु	625
बिदामा	625
भारतिय	625
मनोमानी	625
महासङ्घका	625
सेन्ट्रल	625
हरी	625
काटिएको	624
झ	624
तिब्बत	624
निषेधाज्ञाको	624
नेपालकी	624
बर्तमान	624
ब्याजदरमा	624
मापदण्डको	624
वाल	624
हुनको	624
२०५४	624
कन्टेनर	623
चौतारा	623
जिसी	623
दिनानुदिन	623
पाएकोमा	623
प्रदेशस्तरीय	623
भरपुर	623
भेटेका	623
मञ्जु	623
सिकाउन	623
सेन्टरको	623
स्वार्थमा	623
कार्यपालिकाको	622
गोपनीयता	622
चार्जिङ	622
जानका	622
ठानेर	622
न्यायाधीशको	622
प्रतिकिलो	622
ब्रोकर	622
साउद	622
अन्सारी	621
आरोपी	621
आश्रय	621
गरायो	621
चिठी	621
जगेर्ना	621
जघन्य	621
फसेका	621
फिल्ड	621
बलि	621
भवानी	621
भेटघाटमा	621
मस्तिष्क	621
मुखबाट	621
मुख्यालय	621
मेट्रो	621
शुक्रबारको	621
सरकारबीच	621
सर्च	621
एनसेलले	620
कामदारले	620
क्विन्टल	620
नकआउट	620
ब्यस्त	620
सर्वहारा	620
सूचित	620
हद	620
उत्सर्जन	619
कतिसम्म	619
क्लवका	619
छातीमा	619
झन्डा	619
मतभेद	619
सभाहलमा	619
भावनाको	618
राउन्ड	618
विजयकुमार	618
अमानवीय	617
आतिथ्यमा	617
कामकाज	617
क्षती	617
जिब्रो	617
पसेर	617
मानेका	617
मुद्राको	617
संगठनलाई	617
सहकर्मी	617
अराजक	616
एनसेलको	616
गैरकानूनी	616
जोमसोम	616
तलमाथि	616
पर्यटकिय	616
बोझ	616
भक्त	616
मासुको	616
संयोजनमा	616
अनियमित	615
अस्पतालमै	615
एयरपोर्ट	615
कारको	615
घेरा	615
चिनीको	615
छाप्ने	615
जेठो	615
दाबेदार	615
निधि	615
नियन्त्रित	615
पुर्जी	615
बाकी	615
मर्ज	615
रुपा	615
रेल्वे	615
वारेमा	615
शिल्ड	615
सडकखण्ड	615
चरणका	614
चार्टर्ड	614
जडिबुटी	614
तिमल्सिना	614
दरखास्त	614
धरानको	614
नाइके	614
निर्णयअनुसार	614
मादक	614
राणाको	614
संघर्षमा	614
हरुलाई	614
2021	613
अध्यक्षलाई	613
आत्मसात्	613
आवश्यकताको	613
उनकाे	613
खप्तड	613
खेलाडीमा	613
डीपीआर	613
दासले	613
नगरेपछि	613
पिस	613
बिताउने	613
भएलगत्तै	613
लिएकी	613
वादी	613
शक्तिमा	613
शर्मिला	613
समाहित	613
साइत	613
हामिले	613
हालसालै	613
क्षेत्रसँग	612
गरिदिएका	612
जरा	612
जीवनस्तर	612
द्वन्द्वको	612
धनुषाका	612
पदाधिकारीहरु	612
पाउँदै	612
बिरामीका	612
भेलालाई	612
मार्केट	612
मेमोरियल	612
शहिद	612
ओझाले	611
कुकुरको	611
गतेभित्र	611
गम्भीरतापूर्वक	611
गराइरहेका	611
चिनाउने	611
पुण्य	611
महेन्द्रबहादुर	611
लुटपाट	611
लेखनमा	611
वर्षमै	611
विच्छेद	611
विभागलाई	611
सन्दीपले	611
0	610
अनुगमनको	610
अर्जेन्टिना	610
आदेशको	610
गिलास	610
डेब्यू	610
तटस्थ	610
दाई	610
धरानका	610
धर्मराज	610
बलात्कृत	610
भूमिकालाई	610
वेवास्ता	610
स्वाभिमान	610
हड्डी	610
एन्फाले	609
कोरियन	609
गराएकी	609
जमीन	609
डुबेको	609
पम्फा	609
पर्वलाई	609
मञ्चले	609
राख्यो	609
विषयहरु	609
सम्झौताअनुसार	609
सेल्फी	609
कनकाई	608
जनविश्वास	608
पाल्ने	608
मान्छेहरू	608
सदरमुकाममा	608
स्कुलका	608
स्टेसन	608
कवितामा	607
खेलिरहेको	607
गर्नेतर्फ	607
गुणस्तरहीन	607
चेन	607
दिनप्रतिदिन	607
देखिनु	607
पश्चिमको	607
बाटै	607
बाटोमै	607
भा	607
मीना	607
राजी	607
लिमिटेडका	607
हर्षित	607
at	606
खेले	606
गौरवका	606
घिसिङ	606
झोलामा	606
तिब्बती	606
नमस्ते	606
पम्प	606
बहिस्कार	606
भगवानको	606
भाईरस	606
मनहरी	606
मागको	606
योजनाहरू	606
संस्थाहरूको	606
सुरुमै	606
अबदेखि	605
आयकर	605
थाल्छन्	605
थाह	605
भन्नुपर्दा	605
भरिपूर्ण	605
महान्यायाधिवक्ता	605
समयसीमा	605
समाधानमा	605
सर्वाेच्च	605
केक	604
पाइएन	604
प्राधिकरणलाई	604
बताईन	604
बामदेव	604
बिराटनगर	604
बुझाएर	604
भारततर्फ	604
मुना	604
रमाउन	604
राष्ट्रघाती	604
व्यवहारले	604
व्यहोरा	604
सप्तरीमा	604
सोध्दा	604
अस्ट्रेलियामा	603
कागजपत्र	603
थारुले	603
दाहिने	603
फैसलाले	603
बेडको	603
ललित	603
शोमा	603
आमन्त्रण	602
आमन्त्रित	602
कोदो	602
कोर्स	602
टिक्न	602
नदिएर	602
नबित्दै	602
नियमको	602
महाभारत	602
रसुवागढी	602
रोल्पाको	602
सञ्चारमाध्यममा	602
स्त्री	602
हरिकृष्ण	602
जागिरे	601
परिर्वतन	601
पार्टीसँग	601
फाराम	601
भयको	601
मञ्चको	601
राजधानीका	601
उचाई	600
उपलब्धता	600
कार्यालयहरु	600
चाहेर	600
जतिसक्दो	600
तटीय	600
दिदीबहिनी	600
देउवासँग	600
निरंकुश	600
भत्काउने	600
मुख्यमन्त्रीमा	600
मुग्लिन	600
रौनक	600
वेष्ट	600
स्वयंले	600
हजारमा	600
अनु	599
एपीएफ	599
कथाको	599
कपडाको	599
खुशीको	599
जेठी	599
दशकको	599
देखिएकी	599
देवकोटाको	599
धातु	599
पूर्वको	599
फ्री	599
माओबादी	599
यात्राका	599
संक्रमितलाई	599
साथीहरूले	599
सुन्दरी	599
अंकसहित	598
आदिमा	598
किमि	598
खानामा	598
जिल्लास्थित	598
नेतामा	598
प्याब्सन	598
बडा	598
बिश्व	598
रमणीय	598
वार्डमा	598
will	597
गर्नेहरुको	597
गर्ला	597
गाउँगाउँमा	597
गोलरक्षक	597
चयनका	597
झ्याल	597
तापमान	597
बदला	597
बासिन्दालाई	597
बिताउन	597
मुस्ताङको	597
राशिका	597
लापरवाही	597
सानिमा	597
खबरले	596
खेलहरू	596
जबरा	596
दिवसमा	596
रुपैंया	596
वर्षिया	596
विमा	596
शान्ता	596
शालिकराम	596
हस्पिटलमा	596
आवस्यक	595
आशय	595
खेतीयोग्य	595
गजेन्द्र	595
गरिएकाले	595
ग्रसित	595
घेरामा	595
जमेको	595
बंगलादेशको	595
बस्दैछ	595
बुँदामा	595
भाग्ने	595
भ्रष्टाचारी	595
मणि	595
मध्यरातमा	595
विन्दु	595
सेवाले	595
!”	594
\	594
आफूहरूको	594
कपमा	594
गुफा	594
चियाको	594
छिरिङ	594
प्लान	594
राजसंस्था	594
रूख	594
लम्बाइ	594
विज्ञहरुले	594
शशांक	594
संयन्त्रको	594
अर्यालको	593
उडानको	593
उनीहरूसँग	593
कर्णले	593
कारमा	593
किनमेल	593
गुमेको	593
देखिएमा	593
नहुदा	593
पत्रकारहरुलाई	593
प्राडा	593
प्रान्तको	593
भित्तामा	593
भ्रष्टाचारमा	593
लचिलो	593
सुविधाका	593
सौगात	593
२०००	593
अग्रवालले	592
आलेले	592
इजाजत	592
कागजमा	592
चौका	592
छुवाछुत	592
जुम्लाका	592
नाउँमा	592
पागल	592
प्रबेश	592
फार्मेसी	592
फ्रिज	592
सम्पर्कविहीन	592
सहकारीलाई	592
हाँसो	592
अस्तित्वमा	591
ऊर्जाको	591
दिक्तेल	591
नवनिर्मित	591
नवौँ	591
बालबालिकाका	591
लडाई	591
स्वास्थ्यकर्मीले	591
इञ्चार्ज	590
उठ्छ	590
उद्यमशीलता	590
उपेक्षा	590
कतैबाट	590
पूर्वपश्चिम	590
मागहरु	590
मिनाहा	590
रामकुमारी	590
सत्यको	590
सहभागीले	590
हामीबाट	590
उमेरको	589
जुस	589
जोखिमलाई	589
पहाडको	589
पूर्णिमा	589
प्यूठान	589
फलस्वरूप	589
मुलक	589
रास्वपा	589
रोजाइमा	589
वस्तुहरू	589
गन्ध	588
गरिदियो	588
गुमाए	588
चिनाउन	588
छरितो	588
तिज	588
थालिन्	588
दृष्टिकोणबाट	588
बर्षा	588
मनोविज्ञान	588
मुसहर	588
रथ	588
लगातारको	588
वाटर	588
हिलो	588
हुनुहुनेछ	588
News	587
अमूल्य	587
इटहरीमा	587
उपनिर्वाचनमा	587
एटीएम	587
ओपन	587
ड्रोन	587
त्यतिकै	587
त्यसक्रममा	587
ध्वनि	587
नदीजन्य	587
नोभेम्बरमा	587
पदाधिकारीलाई	587
पार्यो	587
प्रतिकार	587
ब्यानर	587
मध्यपुर	587
माविको	587
मुहार	587
व्यवस्थाअनुसार	587
सिमसार	587
सोचका	587
कामी	586
कार्यशैली	586
चिल्लो	586
जहाजको	586
ट्रायल	586
तिम्रा	586
दिनुहोला	586
नियन्त्रक	586
पाचन	586
मन्त्रिपरिषद्मा	586
म्यादी	586
सिकेर	586
हाफ	586
असमानता	585
आफूहरूलाई	585
इन्टरनेटमा	585
गरिसकिएको	585
जनामध्ये	585
दिल्लीको	585
बाँदर	585
राष्ट्रपतिमा	585
स्वार्थको	585
खतिवडाको	584
छोडेका	584
जनप्रतिनिधिलाई	584
टेष्ट	584
तुलसीपुरमा	584
दलहरुलाई	584
नेपालसहित	584
परियारको	584
पेसी	584
प्रधानमन्त्रीसँग	584
प्रेमिका	584
फोर	584
भ्रातृ	584
युक्त	584
अपराधिक	583
एक्सचेन्ज	583
ग्रह	583
जित्दै	583
टोलका	583
दी	583
नगरेसम्म	583
नेपालगन्जमा	583
बर्दियाको	583
मार्क	583
सम्प्रेषित	583
सवारीको	583
स्पोर्ट्स	583
आलम	582
उहाँसँग	582
काका	582
कृषिलाई	582
पत्रकारहरुले	582
पाल्पाका	582
मौलिकता	582
वाग्लेले	582
विकल्पको	582
विधेयकलाई	582
व्यक्तिबाट	582
शताब्दी	582
समाचारहरु	582
सांसद्	582
सिटीले	582
सुविधासम्पन्न	582
हुनुपर्यो	582
अबसरमा	581
आँच	581
आउला	581
डाइरेक्टर	581
दिवसीय	581
फैलन	581
बस्नेतलाई	581
मनसाय	581
मन्दिरका	581
सार्वजानिक	581
२००४	581
कात्तिकमा	580
केहीबेर	580
झोलुङ्गे	580
दिनुहुन्छ	580
प्रअ	580
बुवाले	580
मीन	580
मृत्युदर	580
लडेको	580
सुन्तली	580
६००	580
अर्थमन्त्रीले	579
आलोपालो	579
जनाउनुभयो	579
ज्वाला	579
तरिकाबाट	579
पाइरहेका	579
फलाम	579
बाँड्ने	579
बास्कोटाले	579
रुद्र	579
विद्यार्थीहरूको	579
संस्थाहरुलाई	579
अभावको	578
केसीका	578
गाएर	578
दयनीय	578
पत्रकारितामा	578
पर्सन	578
संघलाई	578
समयअनुसार	578
अपील	577
आपत्तिजनक	577
गोठमा	577
निर्यातमा	577
बर्बाद	577
बाराका	577
राष्ट्रपतिका	577
रुपन्देहीमा	577
वस्तुगत	577
विहिबार	577
संक्रामक	577
सांसदहरुको	577
सिकेका	577
सुगम	577
सेल्फ	577
२०६१	577
,“	576
आइपुग्ने	576
आरोही	576
उषा	576
पत्रकारहरु	576
पहेँलो	576
पेमेन्ट	576
मधेसको	576
विकको	576
सम्पादित	576
२०५०	576
we	575
अनलाइनमा	575
अभिनन्दन	575
आत्माको	575
जहाँसम्म	575
तटबन्ध	575
तिनीहरूका	575
दुईको	575
देउसी	575
पतन	575
बिदाको	575
बेवारिसे	575
शैलेन्द्र	575
हाइड्रो	575
आँगनमा	574
कर्मचारीहरूको	574
गोठ	574
छालामा	574
नरबहादुर	574
निम्त्याएको	574
नेपालस्थित	574
फैलिने	574
राष्ट्रियसभामा	574
विश्वविद्यालयबाट	574
सम्मानजनक	574
हातको	574
घिमिरेलाई	573
छाडे	573
ढिलासुस्ती	573
धैर्य	573
निदान	573
पतिको	573
प्रवर्धन	573
मानिएका	573
शवलाई	573
सल्यानमा	573
सिंचाई	573
अतिथिको	572
पाइएकाले	572
बलको	572
मान्यतालाई	572
मुख्यमन्त्रीले	572
रामेछापका	572
रुपैयाँका	572
व्यवस्थापकीय	572
संघर्षका	572
समेटेको	572
स्वत	572
स्वामी	572
हवल्दार	572
उद्धव	571
क्लवले	571
क्लिनिक	571
खिच्न	571
छोराछोरीको	571
तोड्न	571
दलबीच	571
दिनभरि	571
प्रयोगलाई	571
फलामको	571
फिदिम	571
फ्यान	571
मजदुरको	571
यथाशीघ्र	571
लेख्नु	571
श्रवण	571
हरिहर	571
हाललाई	571
months	570
अनलाइनबाट	570
आफूमा	570
उत्कर्षमा	570
खेलकूद	570
जगाउने	570
झर्ने	570
त्यसैलाई	570
नबस्ने	570
निर्देशकको	570
पीडामा	570
माग्दा	570
ल्याउनका	570
एकअर्कालाई	569
ओमिक्रोन	569
कत्ति	569
कर्मचारीहरूले	569
कहानी	569
काठमाण्डाै	569
घरहरु	569
चिन्ने	569
च्यानलबाट	569
जर्ज	569
देख्छु	569
पर्दछन्	569
फेस	569
बजेटबाट	569
बानेश्वर	569
बार्सिलोनाका	569
मन्त्रालयसँग	569
मुटुमा	569
विचारलाई	569
संभव	569
कार्गो	568
जगतमा	568
जनताबाट	568
टाइप	568
दिसा	568
पनौती	568
मनोनीत	568
रावत	568
अग्रगामी	567
एसियामा	567
खगराज	567
नखुलेको	567
पुष्कर	567
प्रयोगकर्ताको	567
फोकल	567
भरेर	567
युनिभर्सिटी	567
राशी	567
समस्त	567
साइन्स	567
अङ्ग	566
उर्लाबारी	566
क्रिस्टियानो	566
घटाएको	566
घरदैलोमा	566
दुइटा	566
नदिँदा	566
नेतृत्वदायी	566
न्यूनिकरण	566
पठाइने	566
भूमिकाको	566
मदत	566
लान	566
सहमहामन्त्री	566
साउदले	566
आत्महत्याको	565
आशामा	565
कलाकारहरुले	565
क्षेत्रीको	565
खटाइएको	565
गरिरहने	565
त्यसपछिको	565
दुखद	565
धामीले	565
नचाहेको	565
नलिएको	565
पाइन्छन्	565
प्रवृत्तिले	565
यज्ञ	565
रोमान्टिक	565
वजन	565
विज्ञानको	565
विष्फोट	565
अम्बिका	564
अहिलेकै	564
उहाँहरूको	564
गुणात्मक	564
चीनबीच	564
धर्मका	564
नक्कल	564
नेपालबीच	564
बाढीका	564
ब्यक्तिगत	564
वीरबहादुर	564
शवको	564
कालोसूचीमा	563
गुल्मीका	563
चन्द्रागिरि	563
ताइवान	563
दम	563
धारामा	563
भ्यान	563
मस्तिष्कमा	563
महाशाखाको	563
मिस्टर	563
मौज्दात	563
सम्मानका	563
हरिबहादुर	563
हालेका	563
.,	562
उठाउनु	562
उठाए	562
उपमहानगर	562
कस्ले	562
चिरञ्जीवी	562
दर्जनौँ	562
पोखरीको	562
पोखे	562
फुटेको	562
बच्चाहरु	562
भित्रिएका	562
वडाबाट	562
अनुपम	561
आमरण	561
कलाकारलाई	561
छुट्याउन	561
टाढाको	561
पप	561
भनौं	561
भोग्न	561
मार्केटिंग	561
रोक्नका	561
शाक्यको	561
कार्यकर्ताहरुले	560
कुरेर	560
गरिव	560
गलकोट	560
ग्रुपका	560
त्रियुगा	560
नाइट	560
पश्चिमाञ्चल	560
फर्काए	560
बहुआयामिक	560
बाइडेन	560
बिद्यालयमा	560
भूकम्पमा	560
मधेसका	560
राखिन्छ	560
सहरका	560
सुष्मा	560
स्कोर	560
कडाइका	559
दिनहरूमा	559
निकटतम	559
पिच	559
प्वाल	559
बुद्धिजीवी	559
मसला	559
रिचार्ज	559
वस्ती	559
विष्टको	559
शिक्षामन्त्री	559
आयातित	558
इन्स्टाग्राम	558
कट्टेल	558
खाँणले	558
गरिबीको	558
गाएको	558
दार्शनिक	558
नानी	558
फर्केको	558
माउन्टेन	558
विनियोजित	558
सम्वन्ध	558
सर्तमा	558
११०	558
२००३	558
कथालाई	557
खनाललाई	557
घरलाई	557
जमघट	557
ट्रेडिङ	557
डुबान	557
ता	557
थला	557
दाइजो	557
देखिन्न	557
निम्त्याउने	557
निर्माणले	557
महाधिवेशनले	557
मिलेनियम	557
हाराहारी	557
असहयोग	556
अस्ति	556
अहमद	556
इटाली	556
उत्तरमा	556
कबड्डी	556
काण्डमा	556
गणेशप्रसाद	556
गर्नसमेत	556
दीर्घ	556
प्रचारमा	556
प्रसङ्ग	556
बडी	556
बसाई	556
बालबालिकाहरुलाई	556
भरि	556
मधु	556
यत्ति	556
रक्षाको	556
लोकल	556
समानताको	556
समारोहका	556
सिक्किम	556
हिसाबमा	556
अरनिको	555
कुश्मा	555
थपलिया	555
देशैभर	555
पुत्र	555
बंगलादेशमा	555
बिहार	555
राखेकी	555
लगतै	555
शिक्षकहरु	555
सप्ताह	555
अफगान	554
उनीहरुमा	554
एसएमएस	554
खारेजीको	554
खेलिरहेका	554
गरेकामा	554
च्याम्पियनसिपमा	554
छुन	554
परमादेश	554
मंगलबारदेखि	554
मार्गको	554
रुष्ट	554
लोकेन्द्र	554
वपूर्ण	554
संस्थानले	554
सञ्चालकले	554
सम्राट	554
सुनेका	554
स्वच्छता	554
इकाइ	553
उज्ज्वल	553
खुवाएर	553
गायब	553
डलरमा	553
तान्न	553
दावा	553
पठाउँदा	553
फलदायी	553
विश्वभरि	553
सप्तरीका	553
सबैखाले	553
सातवटा	553
अनैतिक	552
उखान	552
उद्योगहरु	552
एएफसी	552
एकैदिन	552
खत्रीको	552
चुलिएको	552
तस्कर	552
तानेर	552
दशैंमा	552
पारस्परिक	552
प्रदीपकुमार	552
बुधबारको	552
बेलायतले	552
बैतडीमा	552
मनलाई	552
साहित्यका	552
सोधिएको	552
हट्ने	552
हिंसामा	552
अनेकन	551
कटुवाल	551
कर्पोरेसन	551
खिचेको	551
खोलाले	551
बन्दाबन्दी	551
बेचेको	551
भारतसँगको	551
वितरणका	551
विभेदको	551
विमानस्थलका	551
विषाक्त	551
शालिक	551
6	550
आतंकवादी	550
उपाधिका	550
करारमा	550
कुलपति	550
ढकाललाई	550
ढलान	550
ताली	550
प्रचण्डसँग	550
प्रज्वलन	550
बदलिएको	550
बाह्र	550
भुइँमा	550
मान्छन्	550
युके	550
रैछ	550
लोकदोहोरी	550
सिमकोट	550
अत्याचार	549
अद्भुत	549
इलामका	549
उग्र	549
क्षेत्रहरुमा	549
घरभित्रै	549
दया	549
दुरीमा	549
नाट्य	549
पहिचानका	549
पुगिन्	549
भोग्दै	549
मौरी	549
सहुलियतपूर्ण	549
स्कुलले	549
स्ट्राइकर	549
||	548
एकतामा	548
एकसय	548
चन्द्रमा	548
जनावरको	548
त्यसभन्दा	548
दोहा	548
नगरपालिकाकी	548
नेताबीच	548
भएकामा	548
मामा	548
सपोर्ट	548
सुरक्षाकर्मीको	548
कलाको	547
किसानहरुलाई	547
कोटेश्वर	547
चनाखो	547
जोशीलाई	547
टोखा	547
तालिबान	547
तोकेका	547
दाम	547
दुबैको	547
परम्परालाई	547
प्रतिक्षा	547
भोला	547
लगायतमा	547
वृद्धिका	547
वृहत	547
होल्ड	547
करियर	546
कहिलेकाँही	546
गोलकिपर	546
तनावमा	546
तयारीको	546
माइक्रो	546
राष्ट्रसंघीय	546
लोकतन्त्रलाई	546
विगतदेखि	546
शसस्त्र	546
अख्तियारका	545
अवतार	545
अविश्वसनीय	545
आश्चर्यजनक	545
उत्पादनमूलक	545
कुञ्जी	545
चित्रकला	545
फस्ट	545
फाउन्डेसन	545
बिनियोजन	545
भाग्यमानी	545
महानगरमा	545
रोकिने	545
वर्षहरुमा	545
सेक्रेटरी	545
स्याङ्जाको	545
०७२	545
आरती	544
छुरा	544
तदर्थ	544
थप्दै	544
बजेका	544
मनमोहक	544
योजनाले	544
योभन्दा	544
सभापतिका	544
समीकरण	544
सीताराम	544
हराउने	544
उठ्यो	543
क्रिकेटर	543
जता	543
तस्करीको	543
दुःखको	543
निश्चल	543
पटेल	543
पाइएमा	543
बोल्दा	543
भएतापनि	543
मस्यौदामा	543
मोटरसाइकलको	543
मोबाइलको	543
रेणु	543
रोजगारको	543
संगठनात्मक	543
सातवटै	543
साथीहरुलाई	543
अलिअलि	542
खरानी	542
खुबै	542
गजुरेल	542
जनाविरुद्ध	542
दमकल	542
दूतावासका	542
पर्ला	542
पोस्टमा	542
बाढीको	542
भोलिको	542
मुद्रामा	542
यूएई	542
रक्षक	542
लिदै	542
विकाश	542
स्रोतबाट	542
$	541
अस्वीकृत	541
आइसकेपछि	541
ओखलढुंगा	541
खेम	541
जाली	541
दिवंगत	541
दिवा	541
दुखी	541
पर्यटकका	541
बागलुङका	541
भोलिका	541
युनियनले	541
युवकलाई	541
लगायतलाई	541
विज्ञप्तिमार्फत	541
विवश	541
वे	541
सर्वसाधारणका	541
सूर्यविनायक	541
स्वयंसेवक	541
हुनेलाई	541
अर्जुनधारा	540
आउनुभएका	540
आर्मीले	540
आशीर्वाद	540
कार्यसमितिले	540
छाना	540
थालियो	540
निर्देशनालय	540
प्युठान	540
फैसलामा	540
बहसको	540
भेटिन्छ	540
भैरव	540
महिलाहरूलाई	540
लगे	540
सरिक	540
सर्पले	540
सर्लाहीका	540
अर्व	539
अवज्ञा	539
आफैँमा	539
ओझा	539
क्वारेन्टिन	539
चल्दैन	539
निजामति	539
पाउनुहुनेछ	539
भद्र	539
भोजराज	539
लाग्दछ	539
सम्झौताका	539
सल्यानको	539
हामीमा	539
हेतुले	539
अंकमा	538
अपेक्षाकृत	538
गेटमा	538
जबकी	538
डिसेम्बरमा	538
प्रचुर	538
बिक्रीमा	538
माई	538
सङ्ग्रह	538
सामाग्रीहरु	538
सैनिकको	538
अडानमा	537
अध्यक्षसमेत	537
कठ्ठा	537
खाडल	537
गिरीलाई	537
ग्रस्त	537
ठान्ने	537
तालिबानले	537
दिक्क	537
प्रयासले	537
प्रयोगबाट	537
व्यवसायीहरुलाई	537
सांसदहरुलाई	537
हट	537
उक्लिएको	536
कृषिजन्य	536
जलेश्वर	536
टेकु	536
ठिकै	536
दूतावासमा	536
नेवारी	536
बाजुराको	536
मंगलबारको	536
माघे	536
रिपोर्टिङ	536
रोयल्टी	536
संखुवासभा	536
स्पष्टिकरण	536
हुलाक	536
,,	535
उनिहरुलाई	535
करोडौँ	535
कृषकको	535
गैरजिम्मेवार	535
चामलको	535
तरीकाले	535
निकुञ्जमा	535
बज्राचार्य	535
युरोपका	535
सुदूरपश्चिमको	535
अभिव्यक्त	534
खजुरा	534
गाइड	534
गोलरहित	534
घरबाहिर	534
दलबाट	534
पाठेघरको	534
प्रकाशको	534
बदल्ने	534
मोरङमा	534
यिनले	534
रेलवे	534
लेखराज	534
लो	534
सकृय	534
सम्झौतापत्रमा	534
सीमान्तकृत	534
केरुङ	533
क्षणिक	533
ट्रेकिङ	533
दिनरात	533
नआउँदा	533
निकटका	533
पाल	533
मरे	533
रेखदेख	533
लोपोन्मुख	533
विद्युतको	533
सुविधाहरु	533
हर्कत	533
अपनत्व	532
अस्ट्रेलियाको	532
एक्लैले	532
कम्पनीहरू	532
कार्यदिशा	532
क्यूआर	532
जलजला	532
टे	532
डिल्ली	532
तिमीहरूले	532
दाखिला	532
नराखी	532
प्रवास	532
प्रहारबाट	532
ब्यवसायी	532
माओवादीमा	532
रावतले	532
राष्ट्रमा	532
लागेकाले	532
सम्हाल्न	532
सुदुरपश्चिम	532
आकृति	531
करीव	531
कार्यक्रमा	531
क्षमतालाई	531
गइसकेको	531
जनाउनु	531
झन्झट	531
पर्यटनमन्त्री	531
प्रयासको	531
राजतन्त्रको	531
सावधान	531
हेरेका	531
not	530
काठमाण्डौमा	530
गाएका	530
गाविसका	530
घटक	530
चेत	530
डेभिड	530
ढोकामा	530
तरलताको	530
निरपेक्ष	530
पाइएपछि	530
पुगिसकेका	530
पोस्टर	530
बासिन्दाको	530
बास्केटबल	530
मुल्यांकन	530
यिनको	530
लगाउनुहोस्	530
लोकार्पण	530
सक्ला	530
हुनुले	530
ह्यारी	530
कौशल	529
खुलेआम	529
ग्राहकहरूको	529
टेनिस	529
थपिए	529
दुलाल	529
देउराली	529
नदीले	529
बाध्यकारी	529
मारिए	529
रहनुपर्ने	529
रि	529
सदस्यसमेत	529
सुशान्त	529
Continue	528
उडानका	528
कुर्सीमा	528
गाँउ	528
गुराँस	528
ग्रिन	528
तालिकाको	528
दे	528
फैसलाको	528
लेख्छन्	528
सदनको	528
सविन	528
होटेलमा	528
अनुभवको	527
ओगटेको	527
कर्मचारीमा	527
काठमाडौंस्थित	527
खुलेपछि	527
गोष्ठीमा	527
चाहेमा	527
दोसल्ला	527
पत्रिकाले	527
पुनर्वास	527
प्रसंगमा	527
महतोको	527
लागिरहेका	527
वर्गले	527
विन्दुमा	527
शहरका	527
स्टिकर	527
आनाकानी	526
इन्कार	526
कोठे	526
खन्ने	526
गैंडा	526
गोल्ड	526
त्यसकै	526
दीपकराज	526
निधो	526
बेल्जियम	526
ब्याडमिन्टन	526
भूतपूर्व	526
वृक्षारोपण	526
शिक्षिका	526
काेराेना	525
गर्दछौँ	525
त्यसपछिका	525
दुरुस्त	525
देखाई	525
पोलिटब्युरो	525
बोले	525
भैरहवामा	525
मनी	525
ल्याएपछि	525
वितरक	525
शनिबारदेखि	525
संशोधनका	525
संशोधित	525
सकोस्	525
सभापती	525
हाइड्रोपावर	525
आकारमा	524
उदाहरणको	524
चाँही	524
ढाँचामा	524
धौलागिरी	524
पाउँ	524
पाउनेछ	524
प्रशासक	524
प्रोटिन	524
बाचा	524
ब्रान्डको	524
मङ्गलवार	524
मनिषा	524
म्याग्दीमा	524
स्विकार	524
अभिन्न	523
आग्रहमा	523
आत्मसाथ	523
आयोजकको	523
काङ्ग्रेसका	523
जङ्गलमा	523
जाँगर	523
प्रवृत्तिको	523
प्रायोजन	523
बिकल्प	523
बुटवलका	523
मु	523
मुख्यसचिव	523
संस्कृतिमा	523
सद्भावना	523
हाम्रोमा	523
होइन्	523
अस्पतालहरुमा	522
जितेपछि	522
तुल्याउन	522
दैलेखको	522
नवीनतम	522
प्रकरणको	522
बेथिति	522
भरिएका	522
भागबण्डा	522
भ्रमणले	522
मगरलाई	522
युवाहरूलाई	522
यूके	522
रङको	522
उपनिर्वाचन	521
एघार	521
काठमाडौँबाट	521
खोले	521
पृथक	521
प्रभावका	521
बढाउनका	521
भैरहेका	521
राजालाई	521
रुखमा	521
श्रमिकले	521
सकेनौं	521
सञ्चय	521
सामग्रीमा	521
सिमेन्टको	521
reading	520
गल्फ	520
गाविसको	520
जनकपुरको	520
जनवाद	520
तेह्रथुम	520
दूतावासको	520
बस्छ	520
मामलामा	520
वस्तुमा	520
साथीलाई	520
कम्पनीहरुको	519
कविताको	519
कार्टुन	519
गन्तव्यको	519
गीतहरू	519
चौडा	519
जाडोमा	519
ट्वीटरमा	519
पन्थीले	519
लागिपरेका	519
शुक्लाफाँटा	519
शेर्पाको	519
सम्बोधनका	519
ससुरा	519
साँझको	519
सारेर	519
सार्वभौमसत्ता	519
सुर्तीजन्य	519
अर्थतन्त्रका	518
कुमाल	518
गर्नेहरुलाई	518
तारकेश्वर	518
नुवाकोटका	518
न्यायोचित	518
न्युन	518
पुरस्कारबाट	518
पृष्ठमा	518
पेशेवर	518
फोरमका	518
बताउनुभयाे	518
भाजपा	518
मिनेटमै	518
रो	518
वन्यजन्तुको	518
विभागबाट	518
विवरणमा	518
सर्न	518
सुस्ता	518
सूर्योदय	518
अप्रिय	517
गर्यौ	517
चोरीको	517
दयाहाङ	517
नेट	517
परिषदले	517
पूर्वाधारमा	517
पृथ्वीसुब्बा	517
प्रवक्ताले	517
फर्केपछि	517
फोर्स	517
रुम	517
लीला	517
संसदलाई	517
सामानहरू	517
सीको	517
अत्तरिया	516
इतिहासमै	516
एक्सरे	516
किशोरीको	516
पूर्वाञ्चल	516
प्राबिधिक	516
प्रोफेसर	516
बनाईएको	516
व्यवसायीका	516
सागमा	516
हुम्लाको	516
अविवाहित	515
आँशु	515
खुलाउने	515
छोपेर	515
पूर्वीय	515
बसाइ	515
भइरहेकाले	515
मुसिकोट	515
लाग्छन्	515
विद्यालयहरु	515
संकलनमा	515
संसद्ले	515
समाचारलाई	515
सुधार्न	515
सुन्दै	515
हिड्न	515
आउजाउ	514
एपमा	514
ठोकुवा	514
तरंग	514
धर्ममा	514
निम्ती	514
प्रतिकुल	514
प्रत्यासी	514
प्रविधिले	514
बसले	514
मुखिया	514
मुसा	514
स्टोरमा	514
have	513
कञ्चन	513
केकी	513
ज्योतिष	513
टेलिभिजनको	513
नियमावलीमा	513
नेताहरुसँग	513
प्रचलनमा	513
फिल्डमा	513
बैक	513
मायाले	513
मिडफिल्डर	513
रातिको	513
लैजानु	513
लोसपा	513
स्	513
इजरायलमा	512
उभिन	512
चीनसँगको	512
छापेको	512
दर्ताका	512
धनगढीको	512
निर्माणाधिन	512
प्रतिपक्षको	512
भेन्टिलेटरमा	512
रौतहटका	512
2017	511
अनुकूलित	511
अहोरात्र	511
आचार	511
आरजु	511
खेलाडीहरुको	511
जङ्गल	511
नगरि	511
नाला	511
पढाइमा	511
पाल्न	511
बहालवाला	511
बिहानदेखि	511
भएसम्म	511
भेटी	511
युरिया	511
युवाहरूको	511
रचनाहरु	511
राजाराम	511
विधा	511
सजिलैसँग	511
समयावधि	511
२००१	511
अनुहारको	510
कयौँ	510
काठमाडाैँ	510
खालि	510
गरिसकेकी	510
छाडेपछि	510
धागो	510
पसेको	510
पाइदैन	510
फेसबुकले	510
बढ्नुपर्छ	510
महल	510
यथावत्	510
सम्भार	510
सोधेका	510
आईजीपी	509
उत्तेजित	509
खरिदको	509
गराइन्छ	509
जस्ले	509
पढिएका	509
परम्पराको	509
प्रविधिबाट	509
प्रिन्ट	509
बढाए	509
भाका	509
मास	509
विपी	509
सांसदहरू	509
साउनदेखि	509
असफलता	508
गर्नैपर्छ	508
घण्टी	508
चौरजहारी	508
छानो	508
छैनौ	508
जंग	508
दक्षिणपन्थी	508
पत्तो	508
पूर्वराष्ट्रपति	508
प्रती	508
फिल्मी	508
फोहोरको	508
बाबुले	508
मतपेटिका	508
लोकमार्ग	508
विकेटको	508
विषयहरू	508
सर्जरी	508
आदर	507
करिश्मा	507
चम्चा	507
चिन्ताले	507
जन्माउने	507
जिन्दगीको	507
डेपुटी	507
देशहरूले	507
नखाने	507
नसकी	507
पौष्टिक	507
फुटपाथ	507
बनाउँदछ	507
यसैलाई	507
लत्ताकपडा	507
सिताराम	507
स्थानीयवासीको	507
हलेसी	507
2019	506
आत्मसमर्पण	506
इन्टर	506
खटाएको	506
खुलाइएको	506
गर्दाको	506
चिउरा	506
चिनजान	506
थिईन	506
धनुषामा	506
निकाले	506
निर्णयका	506
पराजुलीको	506
परिवारबाट	506
प्रान्त	506
मुछिएका	506
राजनीतिज्ञ	506
लेक	506
वर्ण	506
साटासाट	506
सोम	506
अझैसम्म	505
अमृता	505
असमर्थ	505
उपायहरू	505
कोपा	505
गोबिन्द	505
डिल	505
तीर्थ	505
तोरी	505
नगरपालिकाबाट	505
पुजारी	505
लस	505
संकलनको	505
सुरक्षालाई	505
स्टेज	505
हुदैछ	505
आँधी	504
उनीविरुद्ध	504
उपायहरु	504
चाहँदैनन्	504
छान्ने	504
छिर्न	504
टू	504
दाउमा	504
न्यायाधीशले	504
बलर	504
मन्त्रि	504
लन्च	504
लिनुभएको	504
लोकतन्त्रका	504
सदस्यहरूलाई	504
सहकार्यका	504
सिता	504
सुहाउँदो	504
हारेको	504
अथक	503
अनी	503
आयोगबाट	503
इमरान	503
कानूनले	503
चेली	503
जवाफदेहिता	503
जीवनी	503
दिएमा	503
दुनियाँमा	503
बसाइँ	503
भाले	503
मागमा	503
मार्चमा	503
यात्रालाई	503
व्यवसायीहरूले	503
सन्त	503
अपरेसन	502
आँप	502
खारेजी	502
चित्रबहादुर	502
छिमेकीको	502
थालेँ	502
पोर्चुगल	502
बरू	502
बिदेशमा	502
भरेका	502
मध्येका	502
मसाल	502
यसभन्दा	502
रणवीर	502
स्थानहरूमा	502
अधुरो	501
आईओएस	501
इलेक्ट्रोनिक	501
काभ्रेका	501
गोमा	501
घण्टापछि	501
जनवरीमा	501
जनाईएको	501
ठमेल	501
दूधको	501
पाइपलाइन	501
प्रतिक	501
फ्रान्सका	501
बाध्यात्मक	501
भइसक्दा	501
मुद्धामा	501
यसैबिच	501
रहि	501
लिङ्ग	501
लिम्बूले	501
शिवको	501
उत्कृष्ठ	500
ऋणमा	500
कांग्रेससँग	500
गार्ड	500
ग्रुपले	500
चार्टर	500
चियापान	500
ट्रकमा	500
डिआइजी	500
डोरी	500
निणर्य	500
निमोनिया	500
निर्मम	500
पुर्याए	500
प्रवचन	500
भनाइमा	500
भीमबहादुर	500
मातृ	500
सेन्टरका	500
स्टुडियो	500
Comment	499
उर्मिला	499
एन्टिजेन	499
खिचेका	499
गर्दथ्यो	499
घरबाटै	499
पुनस्र्थापना	499
पोखेका	499
बन्छन्	499
भुक्तानीको	499
रहेकै	499
रुचाउने	499
अखण्डता	498
अन्तरालमा	498
अभिनयमा	498
उपमेयरमा	498
जलेको	498
निरन्तरको	498
प्रधानको	498
बानियाँले	498
बावजुद	498
मेकअप	498
रकमले	498
साबिक	498
सामन्ती	498
इन्द्रबहादुर	497
उद्धारमा	497
कम्प्युटरमा	497
चलाइरहेका	497
टिकटकमा	497
डिफेन्डर	497
दिपेश	497
नीलो	497
पृष्ठभूमिमा	497
बसपार्कमा	497
बिमला	497
बैंकर्स	497
मंसीर	497
मधेशको	497
मैथिली	497
मोदीलाई	497
लिला	497
वायुको	497
हेटौडा	497
आएकोले	496
गजुरेलले	496
गर्दैनौं	496
जनधनको	496
जमुना	496
निधनले	496
प्रतिवेदनको	496
प्रविधिमैत्री	496
बलिया	496
बिहीबारको	496
मोटरसाइकललाई	496
रजिष्ट्रार	496
वाइडबडी	496
विवरणहरू	496
शर्माका	496
सदस्यबाट	496
साल्ट	496
कपुर	495
काठमाडौमा	495
खनिज	495
खोजेपछि	495
चौरमा	495
जर्मनीको	495
जसकारण	495
डिजाइनर	495
बाहिरिएपछि	495
भाडादर	495
मध्यावधि	495
मनमनै	495
मुलुककै	495
रहिआएको	495
सापकोटालाई	495
[...]	494
इन्जुरी	494
कोट	494
क्षेप्यास्त्र	494
खाएपछि	494
पहलकदमी	494
प्रतिगमन	494
बर्षीया	494
मन्त्रीहरुले	494
रोजगारदाता	494
रौतहटमा	494
लिम्बुले	494
वनका	494
शास्त्र	494
सम्हाल्ने	494
सिक्का	494
सुदूर	494
सुधारमा	494
इन्स्टिच्युट	493
कसम	493
कागजी	493
कोराना	493
गणतान्त्रिक	493
गतिविधिहरु	493
गर्नुहुन्थ्यो	493
देशहरू	493
पात्रको	493
भइसकेकाले	493
मिश्रण	493
यातायातमा	493
वक्ताहरुले	493
सर्वश्रेष्ठ	493
सेवक	493
सोचको	493
कम्मर	492
क्षेत्रहरु	492
चाहि	492
छोएको	492
दिएपनि	492
नयां	492
फाइदाहरू	492
बिक्रीका	492
मन्त्रीका	492
मास्कको	492
युद्धका	492
रहदै	492
लक्की	492
वर्षकै	492
शङ्का	492
सम्मेलनका	492
सिर्जित	492
स्टेडियममा	492
हातहतियार	492
All	491
अघोषित	491
आउँथ्यो	491
कार्यसमितिका	491
खेलकुदका	491
छैटौँ	491
प्याजको	491
प्रभावको	491
मन्त्रिमण्डल	491
यसैगरि	491
रोकायाले	491
वाङ	491
वैध	491
सँगको	491
समेतलाई	491
हजारौ	491
हिजोका	491
अध्यक्षद्वय	490
कमसेकम	490
कलर	490
दिनभित्रै	490
दृष्य	490
पाँचथरको	490
प्याराग्लाइडिङ	490
प्रश्नपत्र	490
बर्दिबास	490
बिक्रेता	490
बिर्सन	490
मूलका	490
लिफ्ट	490
२००५	490
आउँदैछ	489
कहिलेकाहीं	489
चुनावपछि	489
टुंगोमा	489
थकान	489
दिइसकेका	489
दिदा	489
नेम्वाङको	489
बनाइदिएको	489
विजया	489
शनिबारको	489
सानु	489
सीट	489
हलिउड	489
अपांग	488
उभिने	488
कतिपयको	488
गर्नुहुन्न	488
ज्याक	488
ड	488
तपाईहरु	488
दर्जनौ	488
पुरीले	488
प्रहरीमाथि	488
भनेजस्तै	488
याली	488
युवकले	488
यूवा	488
लगाउनुपर्छ	488
लियोनल	488
विरामीलाई	488
संलग्नलाई	488
सम्बन्धीत	488
7	487
टिकाराम	487
पुटिनले	487
बनाइन्छ	487
रुपैँया	487
सचिवले	487
सनराइज	487
सहमतिअनुसार	487
स्क्यान	487
आवत	486
औसतमा	486
किनारामा	486
घुमाउरो	486
चाडै	486
पर्यटनलाई	486
पुनर्निर्माणको	486
राखेप	486
विदेशीको	486
सङ्घीयता	486
सत्तापक्ष	486
सभासद	486
सुविधाजनक	486
हावाको	486
हुनत	486
आउदा	485
आधिकारीक	485
इलाममा	485
कदमलाई	485
क्लिन	485
खेतीको	485
जानकारीअनुसार	485
झलक	485
डाँगी	485
ड्राइभ	485
पलाएको	485
भत्काएर	485
भाषालाई	485
मेक्सिको	485
राहतका	485
श्रेणी	485
सवैभन्दा	485
अर्कोलाई	484
अस्वभाविक	484
तोडेर	484
दिलीप	484
नहुँदासम्म	484
पन्थी	484
पाल्पामा	484
पुस्तामा	484
प्रोग्राम	484
ब्याग	484
भेटवार्तामा	484
मण्डलको	484
महिमा	484
विकराल	484
सुझावहरू	484
हस्तकला	484
अक्टोबरमा	483
कमाण्ड	483
गाउ	483
चिनो	483
नागरिकहरुले	483
निर्दिष्ट	483
परमेश्वरलाई	483
पाईने	483
मज्जाले	483
मिलेन	483
सेप्टेम्बरमा	483
अफिसर	482
उचाईमा	482
एकिन	482
गर्नुहुँदै	482
टाइगर	482
देखापरेको	482
देशभरि	482
पर्थ्यो	482
फालेको	482
बगेको	482
बृद्ध	482
मितिले	482
मुख्यतः	482
लडाइँमा	482
शिशुलाई	482
सार्की	482
&	481
असक्षम	481
कुमारले	481
गर्दछन	481
गाउँपालिकाबाट	481
चेल्सी	481
जिम्मेवारीबाट	481
ज्ञानेन्द्रबहादुर	481
डेबिट	481
ढाड	481
तराईको	481
तस्करीमा	481
दुबईमा	481
पटकथा	481
पेशी	481
पोलिसी	481
प्रकृयामा	481
प्लेयर	481
ब्यापक	481
वार्षिकोत्सवको	481
संक्रमणले	481
संस्थानको	481
सोचेका	481
हब	481
हुँदैनथ्यो	481
१२५	481
अधिकांस	480
उत्पादनले	480
एकोहोरो	480
कर्जामा	480
किसानहरुको	480
जीबी	480
जीवनभर	480
पश्चिमका	480
पाउडर	480
प्राइम	480
महेन्द्रले	480
माक्स	480
माले	480
मेजर	480
रिमालले	480
लगाउँछन्	480
लगाउनुभयो	480
लुम्बिनीको	480
विहिन	480
सूर्यबहादुर	480
एकाध	479
कास्कीमा	479
छलेर	479
तपस्या	479
दमकमा	479
द्वन्द्वका	479
पुष्पराज	479
फण्ड	479
मानार्थ	479
मेयरका	479
वीरगञ्जमा	479
साथीहरूलाई	479
स्टिल	479
आवश्यकताका	478
उपविजेताले	478
कतारले	478
काउन्सिलले	478
गाडीले	478
गुगलले	478
गुनासा	478
गुप्तचर	478
गोर्खाली	478
घरहरू	478
झिनो	478
देखिनै	478
पटकमा	478
प्रवासमा	478
फैलियो	478
बिदाई	478
मन्त्रीमा	478
रणनीतिमा	478
रनिङ	478
शिल्पा	478
शृंखला	478
हावामा	478
Read	477
Views	477
अवसरहरू	477
आबश्यक	477
कोर	477
चकलेट	477
डिपिआर	477
पठायो	477
पुनर्विचार	477
प्रयासलाई	477
प्रविष्ट	477
प्रसाई	477
प्रेषित	477
भावनाले	477
महीना	477
रेफर	477
लिनको	477
आईपीएल	476
एमालेकै	476
काजी	476
कामै	476
गाडीलाई	476
गुरूङ	476
चुलो	476
जन्ती	476
तपाईँलाई	476
थेग्न	476
दाजुभाई	476
नमानेको	476
पढ्नु	476
फुटसल	476
बाग्लुङ	476
बेसार	476
भुपेन्द्र	476
भैंसी	476
महायज्ञ	476
विजुली	476
विफल	476
शिखरमा	476
स्वयम	476
अमिताभ	475
एजेन्सीको	475
एनसीसी	475
कमाएका	475
काग्रेस	475
खड्ग	475
खेमराज	475
चाउचाउ	475
तर्फका	475
नगरौं	475
पसलको	475
प्रतिबिम्बित	475
बनाउनुहोस्	475
भैलो	475
महेश्वर	475
मानी	475
मृत्युदण्ड	475
राख्दछ	475
विक्रि	475
सहायताले	475
सालसम्म	475
हतियारको	475
हलो	475
Views:	474
was	474
आतुर	474
एकीकरणको	474
गतिको	474
गाउँकै	474
गुरुङ्ग	474
टुर	474
त्रैमासिक	474
निम्त्याउन	474
पवित्रा	474
प्रशस्तै	474
विप्रेषण	474
व्यङ्ग्य	474
सुवर्ण	474
कसो	473
चाइनिज	473
जागरुक	473
प्रबल	473
प्रश्नहरु	473
बन्नुपर्छ	473
माधवप्रसाद	473
रिपोर्टर्स	473
शर्तमा	473
शिक्षकहरुको	473
श्रेणीमा	473
सखाप	473
सिद्धान्तलाई	473
सुविधामा	473
सैनामैना	473
एफसी	472
कोईराला	472
खुट्टाको	472
खोइ	472
घटनाक्रम	472
जोडीको	472
दस्तुर	472
दीपिका	472
निगमलाई	472
निर्देशनालयका	472
फाल्न	472
यथार्थमा	472
रमा	472
रावलको	472
सदस्यसचिव	472
सिम	472
होमिएका	472
८००	472
ऋणपत्र	471
एक्सप्रेस	471
गराईएको	471
चाडपर्वको	471
दुरूपयोग	471
नसर्ने	471
परिवर्तनमा	471
पर्यटनका	471
बयानमा	471
भत्काएको	471
मध्यवर्ती	471
मौसमविद्	471
रिक्सा	471
सडकखण्डमा	471
सन्धिखर्क	471
समकालीन	471
समाजवादीको	471
स्थितिलाई	471
Google	470
आइसोलेशन	470
एकचोटि	470
कीर्तिमानी	470
दुवैमा	470
धिमाल	470
पूँजीगत	470
प्रशिक्षकको	470
बिषयलाई	470
ब्यवसाय	470
विद्यालयहरुमा	470
हावाहुरी	470
अनुसारका	469
अन्तरक्रियामा	469
अपनाउनुपर्ने	469
आफनै	469
उपप्रमुखमा	469
उपमहानगरपालिकामा	469
कन्सर्ट	469
कारणबाट	469
गरिदै	469
गैँडा	469
घुँडा	469
जुट	469
ठाँउ	469
दिएकाले	469
देवदह	469
धर्नामा	469
पछिल्लोपटक	469
पूजाको	469
प्रमिला	469
बहाल	469
बोल्ड	469
मानवता	469
यौनजन्य	469
राजपाका	469
रोक्नु	469
श्रमको	469
संगम	469
संचारकर्मी	469
सफलताका	469
स्टोरी	469
स्तरबाट	469
स्वामित्वको	469
अध्याय	468
इत्यादि	468
एरेन्ज	468
छोड्नु	468
निवासको	468
पर्वतका	468
मुद्दती	468
मोर्चामा	468
यसैमा	468
राखि	468
रातिदेखि	468
लाठी	468
वासुदेव	468
व्यथा	468
सम्वन्धमा	468
सर्किट	468
हाम	468
१३२	468
अर्बौं	467
आमूल	467
उपनेता	467
ऐना	467
चम्किलो	467
चल्ला	467
छँदैछ	467
जनाएपछि	467
नचल्ने	467
बजाउने	467
बिक्रीको	467
बुझाउनुपर्ने	467
भैसकेका	467
मागसहित	467
राष्ट्रियसभाका	467
विश्वराज	467
सत्ताधारी	467
समाचारदाता	467
सर्वसुलभ	467
अर्चना	466
एकआपसमा	466
कसर	466
किनार	466
गोदाममा	466
चन्द्रपुर	466
जत्तिकै	466
झापाले	466
पुर्ब	466
पूरक	466
प्रयाप्त	466
बनाउँछन्	466
बसेपछि	466
बुझ्नुपर्छ	466
मिसाइल	466
लिभरपुल	466
संरचनालाई	466
संसद्बाट	466
more	465
कराते	465
कास्कीले	465
क्लासिक	465
जनजाती	465
ज्ञवालीको	465
टिकटको	465
निरीह	465
बिहिवार	465
बैंकहरुको	465
रिसोर्टमा	465
वहन	465
विशुद्ध	465
समुदायबाट	465
सस्था	465
सीसी	465
अभियान्ता	464
आपूर्तिमा	464
इनर्जी	464
किन्दा	464
केहीलाई	464
खर्चेर	464
घट्छ	464
चरणबद्ध	464
ज्याकेट	464
दीगो	464
नआए	464
नियमहरू	464
निष्ठा	464
परिसूचक	464
पाठ्यक्रममा	464
पूर्वाग्रह	464
बुझे	464
ब्याट्सम्यान	464
मनोरम	464
युएईमा	464
लिंग	464
संस्कारको	464
सकिएला	464
साताभित्र	464
सेनानी	464
अप्रिलमा	463
आफुहरुको	463
खोज्छन्	463
चल्नेछ	463
जानुभएको	463
ताप्लेजुङको	463
निर्देश	463
बिन	463
बैतडीका	463
भनेपनि	463
महरालाई	463
मी	463
वडाहरुमा	463
संसारलाई	463
सुरुवातमा	463
असली	462
कर्मचारीहरूलाई	462
क्षयरोग	462
जनप्रतिनिधिहरु	462
ठान्छन्	462
थोपा	462
दिनुपर्नेमा	462
प्रकाशक	462
प्रतिपक्षमा	462
बनिरहेका	462
बार्सिलोनाको	462
भोगिरहेका	462
मनाइँदैछ	462
मुखको	462
विद्रोहको	462
शान्ती	462
सांकेतिक	462
सिड्नी	462
हिँड्दा	462
०६३	462
आउदै	461
कानुनमन्त्री	461
चिकित्सकलाई	461
पत्रिकाको	461
परिवर्तनलाई	461
पाइन्	461
फुटवल	461
बजेटका	461
बिहेको	461
बैकल्पिक	461
बैजनाथ	461
मकैको	461
माल्दिभ्स	461
मुक्तक	461
लिङ्क	461
समारोहलाई	461
सिटिजन्स	461
सिन्धुलीको	461
अग्रपंक्तिमा	460
अछामका	460
असुल्ने	460
एसियाका	460
ओमान	460
किराँत	460
खेल्नु	460
गुल्मीमा	460
चाँगुनारायण	460
जनताप्रति	460
जिउँदै	460
तला	460
देवचुली	460
नमानेपछि	460
निकुञ्जका	460
पानीलाई	460
बाबाको	460
बास्तोला	460
बुझाए	460
भइरहने	460
भएसंगै	460
माइकल	460
माघी	460
रामबाबु	460
लाईन	460
वाच	460
व्यापारीलाई	460
सिर्जनात्मक	460
सुनील	460
स्थानीयहरुले	460
अगुवाईमा	459
अष्टलक्ष्मी	459
आफना	459
खतराको	459
खोटाङको	459
गतिविधिले	459
टिमबाट	459
तिनाउ	459
देख्नुहुन्छ	459
नदिनु	459
नन्द	459
नाश	459
नियति	459
निर्देशनालयले	459
पालैपालो	459
पुँजीको	459
बिभाग	459
मौलाएको	459
लक्ष्मीप्रसाद	459
लाखौ	459
ल्याउनुपर्छ	459
वेद	459
समाचारले	459
समितीका	459
सम्भावनाको	459
२०६०	459
अख्तियारमा	458
उद्योगबाट	458
उम्मेदवारका	458
चेतन	458
तवरबाट	458
दूरीको	458
प्रणालीका	458
प्रत्यक्षतर्फ	458
बरालको	458
बाँड्न	458
मकवानपुरमा	458
याएर	458
रहेकामा	458
लागेमा	458
सर्जन	458
साक्षात्कार	458
आफूभन्दा	457
गरिसक्ने	457
गौरादह	457
दुर्घटनाका	457
धनकुटाको	457
नुवाकोटमा	457
पार्टनर	457
प्रकृतिले	457
बलले	457
बिट	457
भ्लादिमिर	457
रोल	457
वर्षलाई	457
विशेषतः	457
संगित	457
सहसचिवमा	457
सिटीको	457
हप्तादेखि	457
१०८	457
आकर्षणको	456
एरिया	456
गरिरहे	456
गरेअनुसार	456
जागेश्वर	456
दिपायल	456
दृष्टिगत	456
धिताल	456
बनाएकी	456
बलात्कारका	456
महँगी	456
माध्यमको	456
रोल्पाका	456
लगाव	456
संघीयतामा	456
साक्षर	456
साे	456
सोचले	456
अभियुक्तलाई	455
आजभन्दा	455
आलुको	455
उद्यान	455
काँचो	455
गर्नेबारे	455
जिन्दगीमा	455
डाँगीले	455
निन्द्रा	455
पुगेन	455
पेजमा	455
ब्रिफिङ	455
मज्जा	455
मनका	455
मर्मतका	455
मिल्दोजुल्दो	455
मुक्तिको	455
शरिरमा	455
सटर	455
स्वभावका	455
»	454
अलमलमा	454
आलोचित	454
कथाहरू	454
केन्द्रबिन्दु	454
क्षमताभन्दा	454
ग्रन्थ	454
घोराहीमा	454
छुट्टी	454
झल्को	454
दर्शनको	454
नन्दबहादुर	454
फाइजर	454
बाहुन	454
बिदेश	454
भित्रभित्रै	454
रित्तो	454
ल्याईएको	454
विधानको	454
विधेयकले	454
विराटनगरस्थित	454
सिकाएको	454
सुतेको	454
हटाउनु	454
2018	453
अदालतलाई	453
आवश्यक्ता	453
इभेन्ट	453
जागृत	453
डाक्टरलाई	453
नपुगेका	453
नराम्ररी	453
निस्केका	453
पर्यटनमा	453
प्रतिगामी	453
राख्नको	453
लैजाँदै	453
सञ्जालले	453
सापटी	453
हराए	453
अन्त्यको	452
उनीहरूमा	452
कोण	452
घना	452
जनकपुरधाममा	452
तरिकाहरू	452
दैनिकका	452
नत	452
पञ्जा	452
बंगलादेशले	452
बनाइरहेका	452
मुख्यतया	452
यतिका	452
रसायन	452
लिइसकेको	452
विज्ञहरूले	452
हनुमान	452
हृदयमा	452
१९५०	452
असमान	451
केटाकेटी	451
गरीरहेको	451
जिल्लामै	451
टेबुल	451
दिएकोमा	451
नियोग	451
परमेश्वरका	451
प्रभावलाई	451
भन	451
यसमध्ये	451
लौ	451
विचमा	451
शेरचन	451
श्रोतले	451
सक्नुपर्ने	451
सम	451
सोनी	451
स्पेनको	451
हुम्लामा	451
२०५५	451
असारको	450
एफएम	450
कदापि	450
घुइँचो	450
चाहान्छु	450
जनप्रतिनिधिहरुले	450
ठाउँठाउँमा	450
पट्टी	450
पत्रपत्रिका	450
प्रचण्डका	450
बाघले	450
भारती	450
भाषणमा	450
यसप्रति	450
शब्दले	450
समुन्नत	450
सयदेखि	450
सीके	450
सुपरस्टार	450
स्थानियले	450
स्पोर्टस	450
अझैपनि	449
उठाइएको	449
कार्यविधिमा	449
कोपिला	449
तोड्ने	449
न्युनिकरण	449
परिणामहरू	449
पहुँचको	449
पाठकको	449
पार्कको	449
प्रयोगकर्ताहरूले	449
भदौं	449
महाधिवेशनका	449
महासङ्घले	449
समस्याग्रस्त	449
समृद्धिमा	449
सरोकारवालाको	449
साँढे	449
सातासम्म	449
सार्थकता	449
सिद्धान्तमा	449
सेभेन	449
स्यानिटाइजर	449
स्रोतहरू	449
७००	449
कित्ताकाट	448
खातिर	448
गर्नलाई	448
देशहरु	448
नम्रता	448
निशाना	448
न्यूज़	448
पदावधि	448
परोपकारी	448
पुग्नुपर्ने	448
पुरातत्व	448
प्रविधिलाई	448
बस्तीको	448
बोर्डर	448
व्यवहारको	448
श्रेय	448
सम्झौतालाई	448
सहयात्री	448
सिक्दै	448
सुक्ष्म	448
सोच्दै	448
२०२८	448
8	447
अक्षयकोष	447
अगामी	447
अपराधीलाई	447
अफ्रिकामा	447
उपकरणमा	447
खेलाडीका	447
गईरहेको	447
गरगहना	447
गुलरिया	447
जमात	447
टीभी	447
डुंगा	447
पाण्डेयले	447
पूर्वतयारी	447
फरकफरक	447
महर्जनको	447
मानौं	447
राउटे	447
राजनीतिबाट	447
लिम्बुवान	447
वाक्य	447
सङ्क्रमणबाट	447
सम्मेलनलाई	447
सवारीसाधनको	447
–“	447
क्लिनिकल	446
खुलाएको	446
जीउ	446
पाका	446
पार्दछ	446
बनाउँछु	446
बिशाल	446
मध्येको	446
यतिसम्म	446
राष्ट्रवाद	446
विहार	446
सक्थे	446
समिर	446
स्थानीयहरु	446
हाजिरी	446
अढाई	445
असई	445
आइसोलेशनमा	445
इन्भेष्टमेन्ट	445
इम्बोस्ड	445
एकाइ	445
गर्मीमा	445
नसकेकाले	445
पसलहरु	445
पासवान	445
फालेर	445
फुट	445
बैंकसँग	445
रामको	445
रोशनी	445
विरेन्द्र	445
हरितालिका	445
हाकिम	445
हुनुपर्नेछ	445
उनीहरुबीच	444
कलेजलाई	444
काल्पनिक	444
खोजतलास	444
गर्दैछु	444
टीकाराम	444
दशमलब	444
नाच्ने	444
पर्वतीय	444
पस्कने	444
पूर्णतया	444
प्रजातिको	444
प्रदुषण	444
फोरजी	444
बेलासम्म	444
भोग्नुपरेको	444
मतका	444
माइक	444
स्नेह	444
१६०	444
अमेजन	443
अर्थव्यवस्था	443
उड्डयनमन्त्री	443
एसी	443
कन्स्ट्रक्सन	443
कार्यबाहक	443
चैते	443
नेतासँग	443
पढे	443
परामर्शदाता	443
पैसामा	443
फर्ममा	443
बताउँछन	443
बुझ्दा	443
बोहोरा	443
भाग्यशाली	443
मेरुदण्ड	443
रहको	443
लगाइएका	443
लत	443
लिभरपुलले	443
विदेशका	443
विधिपूर्वक	443
विवादलाई	443
विश्वासका	443
अनावरण	442
आईटी	442
एनआरएनएको	442
करुणा	442
गाढा	442
गुटको	442
गुम्ने	442
चढाउने	442
जन्माएको	442
जानी	442
दरबारको	442
दैलेखका	442
दैलेखमा	442
नभनी	442
परिष्कृत	442
पार्थिव	442
प्रतिनिधिहरुको	442
प्रवृत्तिलाई	442
प्रस्तावमाथि	442
फुटाउने	442
बर्दियाका	442
बागलुङमा	442
बुझाउँदै	442
भाइको	442
मानेनन्	442
राजमार्गअन्तर्गत	442
विश्वले	442
सञ्चारमाध्यम	442
किराती	441
क्षेत्रमै	441
चुकेको	441
छुने	441
तनहुँका	441
निलम्बनमा	441
नेकपाभित्र	441
पकाएर	441
परिस्थितिलाई	441
प्रहरीसँग	441
बचन	441
बच्चाले	441
बोलाए	441
मसान्त	441
मुल्यमा	441
लगानीलाई	441
लहरको	441
सुसज्जित	441
स्कूलमा	441
अप्टिकल	440
उद्धेश्यले	440
औंला	440
गर्नुहुँदैन	440
गोकर्णेश्वर	440
चक्रपथ	440
चौकीका	440
जित्दा	440
धौ	440
निर्वाचनले	440
प्रवेशको	440
फार्ममा	440
बानेश्वरमा	440
बिकाश	440
बुढी	440
भएकाहरुको	440
मतान्तरले	440
विर्तामोड	440
सम्भवत	440
हारको	440
अनेकौँ	439
आउनुभयो	439
आफूखुसी	439
कमाण्डर	439
किताबमा	439
क्यास	439
घलेले	439
च्याम्पियनसिपको	439
जोङ	439
तामाकोशी	439
नियोजित	439
पाठकलाई	439
पान	439
पूर्वसन्ध्यामा	439
बिमल	439
ब्राउन	439
यतै	439
रकेट	439
विकासशील	439
विन्डोज	439
शुक्रबारबाट	439
संघारमा	439
संवादमा	439
हेर्नुपर्ने	439
अडिसन	438
अतुलनीय	438
आहा	438
इरानी	438
एकाधिकार	438
किटान	438
कृषकहरुलाई	438
कोच	438
गरिदिनु	438
जेठा	438
दाता	438
बारामा	438
बेलाबेला	438
ममा	438
शिविरको	438
सिरिजमा	438
अभ्यस्त	437
उपकरणहरु	437
ऐक्यबद्धता	437
खर्चिलो	437
खेलाडीहरुले	437
गोल्डकपको	437
टेलिभिजनका	437
दुबैले	437
प्रतिज्ञा	437
बताउछन	437
बैंकहरु	437
रंगशालाको	437
राउतलाई	437
विमानको	437
वृत्तमा	437
सव	437
सापेक्ष	437
स्पर्श	437
हुनुपरेको	437
अन्तरदेशीय	436
एलर्जी	436
कार्यकर्ताहरुको	436
क्याम्पमा	436
खानलाई	436
जीव	436
तिथि	436
दार्चुलाको	436
दिप	436
नमिलेको	436
पुनर्संरचना	436
भनिरहेको	436
भविष्यवाणी	436
मतपरिणाम	436
मौकामा	436
राहात	436
विज्ञहरुको	436
वितृष्णा	436
सञ्चारकर्मीसँग	436
सहसंयोजक	436
सुगौली	436
सुनकोशी	436
सेफ	436
हेरिरहेका	436
हेर्नुपर्छ	436
होल्डिङ	436
१४औं	436
आफ्नाे	435
उठिरहेको	435
काठमाण्डौको	435
खोपलाई	435
घाइतेलाई	435
छानिएका	435
जंगलको	435
जाँचबुझ	435
झाँक्रीले	435
झिकेर	435
झुण्डिएको	435
तिब्रता	435
धर्मेन्द्र	435
नागरिकहरू	435
बढाउनुपर्छ	435
मापदण्डमा	435
शरीरले	435
सिन्धुपाल्चोकका	435
अडिग	434
अप्ठ्यारोमा	434
अर्बभन्दा	434
अलोकतान्त्रिक	434
ईन्चार्ज	434
उहाको	434
एंव	434
एकमुष्ट	434
गृहजिल्ला	434
चिन्तामा	434
छान्न	434
जनजातिको	434
जबराको	434
ट्रेनिङ	434
दीर्घकालिन	434
दृष्टान्त	434
नपाई	434
पहिलाको	434
प्रतिकेजी	434
प्राचार्य	434
फोकस	434
बन्चित	434
भिडियोसहित	434
वनले	434
व्यंग्य	434
व्यवस्थापनलाई	434
शाखाबाट	434
सचिन	434
सञ्जालका	434
सामाग्रीको	434
सिद्धार्थनगर	434
सुन्नु	434
सुबेदी	434
सूर्यलाई	434
हेलिकप्टरबाट	434
३५०	434
अधिकांशले	433
अपराजित	433
अमेरिकासँग	433
अवसरका	433
कार्यदलका	433
काला	433
जाजरकोटको	433
दिशातर्फ	433
पुतली	433
बापतको	433
बिकासको	433
भक्तजनको	433
माउन्ट	433
मानेन	433
युरोपको	433
रहदा	433
रिता	433
री	433
रुन	433
रेटिङ	433
विधाका	433
9	432
Copyright	432
अनुसूची	432
उहाँकै	432
एप्पलको	432
खोज्छ	432
गतिविधिको	432
जानुभयो	432
जीवनयापन	432
तस्बिरमा	432
थेरापी	432
धादिङमा	432
नाटकको	432
पहेंलो	432
बोलेर	432
महाप्रसाद	432
लेनको	432
वताएका	432
विद्वान	432
सरकारसंग	432
हेलो	432
अछामको	431
आमिर	431
उच्चारण	431
गाउँलेले	431
जोश	431
ट्रम्पलाई	431
डोटीको	431
नाचगान	431
नारासहित	431
निमन्त्रणामा	431
पासाङ	431
पुनलाई	431
बच्चाहरू	431
बार्गेनिङ	431
भलै	431
रुटमा	431
रोकेका	431
शिक्षाले	431
श्रीलंकामा	431
समान्य	431
सिलगढी	431
सुनिएको	431
सुपारी	431
-‘	430
//	430
अन्धकार	430
उपन्यासमा	430
कांग्रेसकै	430
चलाए	430
ट्रकले	430
दाइले	430
देख्दै	430
नाति	430
प्रवीण	430
प्रालिको	430
बनाउनुपर्नेमा	430
बिनाको	430
भएअनुसार	430
भैँसी	430
मन्त्रीहरुको	430
लालबन्दी	430
विद्यावारिधि	430
संसदका	430
समस्याबारे	430
समानुपातिकतर्फ	430
सर्पको	430
सहचालक	430
सुब्बाले	430
हर्ष	430
क्रान्तिका	429
खरेलको	429
गण्डकीमा	429
गितमा	429
गोरखाका	429
जोखिमका	429
तोला	429
पसलबाट	429
पोइन्ट	429
प्रजाति	429
बागी	429
बैंकद्वारा	429
माल	429
मिलापत्र	429
मोडलमा	429
रुसमा	429
लोहनी	429
विरलै	429
Khabar	428
अदृश्य	428
अधिकृतलाई	428
अपार	428
आउनुहोस्	428
उकास्न	428
कसरि	428
छाया	428
जीविकोपार्जन	428
दलहरूलाई	428
दुनियाँ	428
नेकपालाई	428
पाइनेछ	428
पूर्वक	428
पेटको	428
प्रवृति	428
प्रसन्न	428
फिलिपिन्स	428
भिडियोहरू	428
रामहरि	428
लगाएतको	428
सरासर	428
सिग्देलले	428
सुदिप	428
सुवासचन्द्र	428
स्वाधीनता	428
अन्सारीले	427
अप्रेशन	427
उजुरीका	427
एकअर्काको	427
कानुनअनुसार	427
खिच्ने	427
जोडीलाई	427
देशहरुले	427
पुग्नुभएको	427
प्रतियोगिताबाट	427
बालबालिकाहरु	427
मुनिका	427
मुस्ताङमा	427
लेखाजोखा	427
लेख्दा	427
सक्छन	427
सुदीप	427
स्टील	427
हिँडडुल	427
अनुभवलाई	426
अपरेशन	426
उजुरीको	426
ओएस	426
क्षणमा	426
खतिवडालाई	426
गरेबापत	426
छलफलबाट	426
टेक्निकल	426
थालेकी	426
दोलखाका	426
पारि	426
पेचिलो	426
भुषाल	426
मैदानको	426
विदाई	426
वैद्यले	426
संविधानसभाबाट	426
हिडेका	426
अबरुद्ध	425
आउँदछ	425
उखुको	425
कार्डको	425
कार्यकर्ताहरुलाई	425
खल्ती	425
छाउपडी	425
तुल्याउने	425
दाङले	425
नारायणहिटी	425
पुरिएर	425
पूर्वका	425
पेसामा	425
प्रतिनिधिलाई	425
प्राज्ञ	425
बिग्रेको	425
भेटिने	425
सहजकर्ता	425
साइनो	425
साख	425
साझ	425
हाँसिल	425
हार्डवेयर	425
हेलम्बु	425
अपनाइएको	424
आधिकारिकता	424
इतिहासलाई	424
छिटोभन्दा	424
जातिका	424
जुनमा	424
झट्ट	424
त्रिकोणात्मक	424
दोहो	424
नवलपरासीका	424
नियुक्ती	424
नेवा	424
पराउने	424
पार्टीबीच	424
प्रयोगकर्ताहरूलाई	424
बजारले	424
रानाको	424
साधनहरु	424
सुनाउन	424
हेल्प	424
अचार	423
उजुरीमा	423
कतारका	423
कमाएर	423
कैदीबन्दी	423
घाममा	423
घोषणाको	423
चाहेनन्	423
छुट्याउने	423
झुट	423
ट्विट	423
थालिसकेको	423
दाहालका	423
दिनेछन्	423
देउडा	423
देखिएकोले	423
नवीकरणीय	423
न्यायपालिका	423
पाँचखाल	423
भएकाहरुलाई	423
महशुल	423
मिडियाका	423
लिङ्देनले	423
हाँस्दै	423
हुनुभएका	423
हेरेपछि	423
अतिक्रमित	422
आदेशले	422
उड्ने	422
कलकारखाना	422
कांग्रेसकी	422
जन्मकैदको	422
टोलीसँग	422
दुखेको	422
दैनिकले	422
नियुक्तिमा	422
निर्वाध	422
निस्सन्देह	422
परिषद्मा	422
पारेपछि	422
रुँदै	422
लग्यो	422
लसुन	422
सानेपामा	422
हँुदै	422
२००२	422
अन्यको	421
खान्छन्	421
खेतीपाती	421
खेलाडीहरू	421
चाहाना	421
जनशक्तिलाई	421
तपाइँसँग	421
तहसनहस	421
दशौँ	421
धमला	421
नर्थ	421
पार्टीहरु	421
पिताको	421
बस्तुको	421
यश	421
लेखी	421
विहे	421
सपनाले	421
साँवा	421
सालबाट	421
सुधारिएको	421
सूत्र	421
हरिवंश	421
१६८	421
आगलागीमा	420
आतिथ्य	420
आयुर्वेदिक	420
उत्सवको	420
खुसि	420
घण्टाभित्र	420
चलाइरहेको	420
जनमानसमा	420
डोरमणि	420
देवघाट	420
नाफामा	420
निर्मलाको	420
परिमाण	420
प्रजापति	420
प्रमुखहरु	420
फोटोमा	420
बजारसम्म	420
बन्दैन	420
यौं	420
सर्टिफिकेट	420
स्वार्थी	420
हम्मे	420
कर्ममा	419
कानुनलाई	419
गच्छदार	419
गराउनुपर्छ	419
गैँडाकोट	419
ताज	419
दिनै	419
नहोस	419
पुडासैनी	419
बाल्यकाल	419
बिबाह	419
मानविय	419
लैजानुपर्ने	419
वर्तमानमा	419
सम्वाद	419
सुरूमा	419
हप्तासम्म	419
आइसकेका	418
इतर	418
कहीं	418
कार्यक्रमबीच	418
छाडिएको	418
जोखिमयुक्त	418
देखेँ	418
देशमै	418
परिस्थितिले	418
बाहुल्यता	418
भुक्तानीका	418
मायादेवी	418
मियाँ	418
सर्भे	418
सामसु	418
अख्तियारी	417
अनुभूत	417
अस्विकार	417
उत्रने	417
एसोसिएसनका	417
कार्यक्रमहरुमा	417
घटनाबाट	417
चमक	417
टाढाबाट	417
दुर्घटनाग्रस्त	417
नराम्रा	417
पद्धतिको	417
फाउन्डेसनले	417
बालाजु	417
भएयता	417
भट्टराईका	417
भेटका	417
मातृभाषा	417
लक्षणहरु	417
वर्षौं	417
विसर्जन	417
संस्थाहरुमा	417
सङ्गठनको	417
सन्यास	417
सपिङ	417
साँझसम्म	417
अहम्	416
इन्स्टाग्राममा	416
उत्सुक	416
कमर्स	416
चर्किएको	416
चासोका	416
चाही	416
चुनिएका	416
जनयुद्धका	416
निभाउन	416
नियमनकारी	416
पुर्जा	416
प्रचण्डबीच	416
प्रतिस्पर्धाको	416
बताइरहेका	416
बैज्ञानिक	416
मङि्सर	416
मापदण्डअनुसार	416
माफ	416
रबर	416
राधाकृष्ण	416
रूस	416
लज्जास्पद	416
वागमती	416
विमर्श	416
शोकमा	416
श्रीमति	416
सकिएर	416
सभासद्	416
सहभागिताको	416
हजारले	416
हाइ	416
आइरन	415
इलाकामा	415
एन्टी	415
कृष्णकुमार	415
खेति	415
छोडे	415
जङ्गली	415
तिनीहरूसँग	415
दिव्य	415
नंं	415
निवेदक	415
निश्कर्ष	415
नैतिकताको	415
परिसकेको	415
पानीजहाज	415
पार्टि	415
पुनम	415
पैरवी	415
बिकासका	415
महतोलाई	415
विरोधको	415
विस्थापन	415
शिवाकोटी	415
समुचित	415
सर्जिकल	415
सर्भर	415
हिडेको	415
२२०	415
अन्जु	414
इतिहासले	414
कम्पनीहरूको	414
कांग्रेसभित्र	414
कार्यलयमा	414
कालखण्डमा	414
कास्य	414
जून	414
तपाईहरुको	414
त्यत्रो	414
फलस्वरुप	414
मठ	414
मेसिनको	414
याममा	414
वडालाई	414
शिर्षकमा	414
शिलशिलामा	414
संस्थासँग	414
समारोहको	414
सरदर	414
साधारणसभामा	414
सोचाइ	414
अग्रसरता	413
ऋषिराम	413
एचआइभी	413
खोल्दा	413
गरिएपनि	413
गाउँदै	413
थापामगर	413
पछ्याउँदै	413
पठाईएको	413
पत्नीको	413
परिस्थितिका	413
प्रतिवेदनका	413
बगाउँदा	413
बैङ्कले	413
भोलिदेखि	413
मड्रिड	413
मादी	413
मानवको	413
वर्षायाममा	413
ससाना	413
सावित्रा	413
हुन्छिन्	413
अंकका	412
अर्थमन्त्रीको	412
आईसीयू	412
उत्पादनहरूको	412
ऐनअनुसार	412
गर्नैपर्ने	412
गितको	412
गौरीशंकर	412
च्यानलमा	412
डेमोक्रेटिक	412
थिइनन्	412
दण्डित	412
नेवाः	412
पदपूर्ति	412
प्राधिकरणमा	412
बर्दियामा	412
बहुराष्ट्रिय	412
भद्रगोल	412
भन्सारमा	412
माने	412
मेष	412
रिपोर्टका	412
लिक	412
वजेट	412
वताउनुभयो	412
शान्तिका	412
शौचालयको	412
सेनापति	412
सेनिटाइजर	412
अलैंची	411
आएँ	411
उहाँहरूलाई	411
करका	411
कुण्ठित	411
खान्छ	411
चाल्ने	411
छर्ने	411
जनयुद्धमा	411
जन्मस्थल	411
जहाँबाट	411
तिर्नुपर्छ	411
दर्शनका	411
दायाँबायाँ	411
प्रधानन्यायाधीशको	411
प्रोडक्सन	411
बहुपक्षीय	411
बोक्सी	411
भरेको	411
यात्रुहरु	411
लगाइयो	411
समन्वयको	411
सल्लाहमा	411
इच्छाशक्ति	410
इज	410
उपचारकै	410
एकातर्फ	410
काग	410
ग्राहकहरूले	410
चाडपर्वमा	410
जोगिने	410
नजरअन्दाज	410
पठाएपछि	410
पिक	410
ब्याजमा	410
भुसालको	410
लकडाउनलाई	410
लिडर	410
वाक	410
शशी	410
श्रीलंकाको	410
सङ्गठनले	410
समर्थित	410
सानातिना	410
अन्त्यतिर	409
ईतिहास	409
उमेरदेखि	409
एपिएफ	409
कोहलपुरमा	409
खेलवाड	409
गर्नेहरुले	409
गल्ति	409
गुणस्तरिय	409
जगाउन	409
टुंगिएको	409
डिन	409
देऊ	409
पथ्र्यो	409
पर्वतमा	409
प्रदूषित	409
फ्रान्समा	409
बगेर	409
मिडियालाई	409
मुस्किलले	409
लोकबहादुर	409
विश्वकर्माको	409
शृङ्खला	409
संचालनको	409
सोचेजस्तो	409
सोभन्दा	409
स्थिती	409
२०५७	409
कसै	408
काभ्रेपलाञ्चोक	408
किसानहरू	408
खानुपर्छ	408
खुल्छ	408
चितुवा	408
चुनौतीका	408
जिम	408
दरबारमा	408
दिनुस्	408
नगएको	408
नर्सरी	408
पेनाल्टीमा	408
प्राङ्गणमा	408
प्लेटफर्ममा	408
फिर्ताको	408
बनाइदिने	408
भेटे	408
मुद्दाहरू	408
मुलुकहरुमा	408
लगिने	408
वैठक	408
शङ्कर	408
शब्दहरु	408
सर्वपक्षीय	408
२०५३	408
आघात	407
उसैले	407
ओलम्पिकमा	407
करदाता	407
करिअर	407
ग्राहकहरू	407
चोटी	407
ज्यालादारी	407
ठेकेदारलाई	407
ढुङ्गाना	407
थपिँदै	407
दरिलो	407
दुखाई	407
प्रस्तोता	407
बर्षिया	407
बलबहादुर	407
भन्नका	407
भान्सामा	407
मन्त्रीहरू	407
रायले	407
रोज्न	407
विकृत	407
विश्वसनीयता	407
सञ्चिति	407
सर्लाहीमा	407
सुने	407
सौरभ	407
हाते	407
आगामि	406
आर्मीका	406
इजाजतपत्र	406
उन्मूलन	406
कार्यक्रममार्फत	406
खडेरी	406
खुद	406
जिल्लाभर	406
जिल्लास्तरीय	406
तरीका	406
निराकरण	406
प्रकाशनमा	406
भएपछी	406
भत्किएका	406
मेलिना	406
रेलको	406
रोल्पामा	406
लाखे	406
लागिसकेको	406
विक्रेता	406
सञ्चित	406
सन्ध्या	406
सफारी	406
समूहसँग	406
सम्झौताले	406
साथीहरुको	406
अफवाह	405
अल्टिमेटम	405
आइपर्ने	405
आशङ्का	405
इको	405
इश्वर	405
केके	405
क्राउ	405
खुर्सानी	405
गुमाउँदै	405
ज्यानको	405
टिपेर	405
तनहुँमा	405
दिलबहादुर	405
धाँधली	405
धुवाँ	405
निर्धक्क	405
पाण्डेय	405
फौजी	405
बजाउन	405
लाग्नुपर्छ	405
लाग्ला	405
वकिलले	405
वर्षबाट	405
शय्या	405
सञ्जीव	405
सल्यानका	405
हेरिरहेको	405
A	404
अपराधका	404
आगोले	404
आजित	404
कार्यसमितिमा	404
कुकुरले	404
गराइरहेको	404
घाइतेहरुको	404
चाँदनी	404
चोटपटक	404
तपाईंहरूको	404
दिनबाट	404
दिर्घकालिन	404
द्वन्द्वमा	404
ध	404
पोखराले	404
पोष्टमा	404
बजाएर	404
बढाइरहेको	404
बालेन्द्र	404
मेसीले	404
यसैक्रममा	404
रेसुङ्गा	404
वाध्य	404
व्यवस्थापनले	404
समाजसेवा	404
सरकारप्रति	404
हाले	404
हुनैपर्छ	404
आत्मबल	403
आश्वस्त	403
इजरायलको	403
ईश्वरी	403
एकमत	403
काठमाडौको	403
खरो	403
गरेजस्तो	403
डिप्रेसन	403
तास	403
नाटकीय	403
निन्दनीय	403
भाईरसको	403
भूमिको	403
महिलातर्फ	403
माक्र्सवादी	403
मेनुका	403
युवाहरूले	403
लगाईएको	403
सङ्कटमा	403
१३औं	403
our	402
अनुभवले	402
आउनुपर्छ	402
खेतबारीमा	402
गरेकोे	402
गाँस	402
घुलमिल	402
जनासम्म	402
झाँक्री	402
डिफेन्स	402
दम्भ	402
नभै	402
पूर्वमाओवादी	402
पेपर	402
प्रतिनिधिहरुले	402
बोगटीले	402
ब्राह्मण	402
भीमसेन	402
महराको	402
मान्नुपर्छ	402
रोगहरु	402
वढी	402
सङ्गठित	402
सेभ	402
हालसम्मको	402
इतिहासकै	401
कुम्भ	401
केन्द्रविन्दु	401
घोटाला	401
धनु	401
नगरपालिकास्थित	401
पुस्तकहरू	401
प्रयोगकर्तालाई	401
बाँस	401
भियतनाम	401
सन्तुलनमा	401
हावापानी	401
अध्यक्षहरु	400
आवासको	400
उत्पीडन	400
कोहीले	400
छायाँ	400
जोड्दा	400
डिस्प्ले	400
त्रिपाल	400
दलहरूबीच	400
नियोजन	400
नेपालतर्फ	400
पायक	400
फ्लाइट	400
बीआरआई	400
भान्सा	400
मध्येबाट	400
लाउन	400
विधिवत	400
सम्पादकीय	400
होलान	400
24	399
आदिका	399
उसैको	399
काज	399
कालदेखि	399
कोशिश	399
गएराती	399
चरणहरू	399
चिन्ताजनक	399
छुटाउन	399
टुँडिखेलमा	399
डन	399
तिमल्सिनाले	399
निर्णयहरू	399
पस्न	399
पुरूष	399
पेसागत	399
बन्नका	399
भट्टलाई	399
मादल	399
मुसलमान	399
रामायण	399
रियलले	399
वास	399
विस्फोटक	399
संचालनका	399
सरोकारवालाले	399
सहभागिताका	399
सिंगल	399
सेवाहरूको	399
हिक्मत	399
·	398
अगष्ट	398
अनगिन्ती	398
अन्तरिक्षमा	398
ऐश्वर्य	398
कदमले	398
कार्कीका	398
खानाले	398
गर्दिन	398
गिरिराजमणि	398
जयन्तीको	398
जव	398
ज्ञानेन्द्रले	398
डिजाइनमा	398
डेट	398
त्यतिमात्र	398
दिएकाे	398
निर्माताले	398
पूर्वनिर्धारित	398
प्रक्रियागत	398
फर्के	398
यम	398
यीमध्ये	398
सट्टेबाजी	398
सर्तहरू	398
े	398
For	397
काव्य	397
घटनाप्रति	397
चन्दको	397
चरित्रको	397
छिर्ने	397
ठकुरीले	397
तपाईंहरू	397
धमिलो	397
धेरैपटक	397
नजिकिदै	397
निर्माताको	397
नेताहरुबीच	397
परमप्रभुले	397
परिवर्तनहरू	397
पाटनमा	397
प्रशंसनीय	397
प्रिन्स	397
बक्सिङ	397
बन्दीपुर	397
बायर्न	397
बोर्डबाट	397
मिथुन	397
मुम्बईमा	397
रानीपोखरी	397
विद्युत्को	397
समस्याहरूको	397
सहानुभूति	397
सुरुङमार्ग	397
has	396
अभूतपूर्व	396
इजरायलले	396
एसइई	396
ओढाएर	396
गराइ	396
चन्दननाथ	396
जानै	396
नचाहने	396
पाँचजना	396
बहिनीको	396
बिनाअनुमति	396
माझमा	396
लहरमा	396
लेभल	396
विज्ञको	396
वृद्धिमा	396
शास्त्रमा	396
सिन्धुपाल्चोकमा	396
सेवासुविधा	396
१०१	396
अबेर	395
अभिव्यक्तिको	395
अस्तित्वको	395
एयरले	395
ऐनलाई	395
कमिशन	395
कार्यक्षेत्रमा	395
गर्दछौ	395
चिसोले	395
जिउने	395
डडेल्धुरामा	395
नगराउन	395
नियमानुसार	395
पिङ	395
पोष्टमार्टम	395
पौड्याल	395
प्रबद्र्धन	395
फिल्मबाट	395
फ्रान्सले	395
फ्लोर	395
मूर्ख	395
रञ्जित	395
रिर्पोट	395
विद्यार्थीमा	395
साँझमा	395
सुजाता	395
सुनाउनुभयो	395
हेर्नुस	395
आइपुगे	394
एआईजी	394
कटुवालले	394
काङ्ग्रेसले	394
खत्रीलाई	394
खोसेर	394
गर्भमा	394
गुणवत्ता	394
छिमेकीले	394
जगदम्बा	394
जवाफी	394
जान्नुहोस्	394
त्यसलगत्तै	394
दूत	394
नाङ्गो	394
भन्नुहुन्थ्यो	394
मोडलिङ	394
राजपाले	394
वहाँले	394
व्यवसायीहरू	394
शिक्षालय	394
श्रीमानलाई	394
सुझाएका	394
आइफोन	393
आर्य	393
ओपनर	393
कपिलवस्तुमा	393
कर्पोरेशन	393
कृष्णचन्द्र	393
गण्डकीका	393
जनचेतनामूलक	393
जान्छौं	393
टिप्न	393
नागरिकहरूको	393
पदस्थापन	393
बेलौरी	393
मोहनबहादुर	393
यादवका	393
रहेकोछ	393
लिगा	393
वताउनु	393
वर्षासँगै	393
व्यहोर्ने	393
संगत	393
साम्राज्ञी	393
सुझावलाई	393
स्थानीयस्तरमा	393
२०२५	393
आकाशे	392
आरोपको	392
उनीहरुसँग	392
एप्स	392
कुकुरलाई	392
घटेका	392
चेल्सीले	392
जनाउँछ	392
झाको	392
ठीकै	392
ढाकछोप	392
तपाईका	392
त्यती	392
धिरज	392
नेताहरूसँग	392
भोग	392
राष्टिय	392
रिजालको	392
वीरेन्द्रनगरमा	392
सवारीमा	392
सहेर	392
स्मरणीय	392
हेम	392
अड्डा	391
आँखाबाट	391
खानाका	391
खेप्नु	391
घरपालुवा	391
चन्द्रमाको	391
छविलाल	391
छिनोफानो	391
जर्मनीमा	391
झल्कने	391
टनेल	391
तल्ला	391
नागरिकसँग	391
भ्याली	391
मण्डलका	391
मिश्रको	391
लक्ष्यसहित	391
वाइड	391
सिकिस्त	391
कहिँ	390
खायो	390
खेतीका	390
जडित	390
जननिर्वाचित	390
डायलासिस	390
तानाशाही	390
तारे	390
नसोचेको	390
नेपालि	390
फोरमले	390
बस्याल	390
बिद्यालयका	390
भुल्न	390
मजदुरलाई	390
लिगका	390
वृत्ति	390
व्यवसायका	390
व्यापारीको	390
सानदार	390
सिरिजको	390
सीमाको	390
अष्ट्रेलियाका	389
आफुहरुलाई	389
आयआर्जन	389
आस्थाको	389
कोइला	389
खाद्यान्नको	389
टोलीबाट	389
थाइल्याण्ड	389
देशहरूको	389
धमलाले	389
धाम	389
पूजापाठ	389
बिपरित	389
बेमौसमी	389
ब्यालेन्स	389
मजाक	389
मार्मिक	389
योजनाकार	389
रेकर्डिङ	389
शुभेच्छुक	389
सामुदायीक	389
सास्कृतिक	389
सुनारको	389
सूचिमा	389
१८०	389
अनिलकुमार	388
अस्ट्रेलियाका	388
एमबीबीएस	388
ओठ	388
काँग्रेसलाई	388
कानुनका	388
गाजा	388
गृहमन्त्रीको	388
चिफ	388
जनै	388
जितका	388
तथ्यांकमा	388
दोलखामा	388
निकाल्यो	388
नियमावलीको	388
नुहाउने	388
फाउण्डेशन	388
बिरामीहरु	388
भ्रष्टाचारका	388
साधारणसभाले	388
सुगन्ध	388
हजुरआमा	388
11	387
Technology	387
अष्ट्रेलियन	387
आधाभन्दा	387
उत्प्रेरणा	387
एकमा	387
एसियाको	387
ओछ्यानमा	387
कटाक्ष	387
कम्युनिटी	387
कानूनमा	387
कार्यदलमा	387
गोरखामा	387
चल्दा	387
छायाङ्कन	387
ढिक्का	387
तारानाथ	387
दलितको	387
दोधारा	387
नयाँदिल्ली	387
नारालाई	387
पोषक	387
पोसाक	387
प्रस्तुतिमा	387
फुटेज	387
बललाई	387
बिरुद्धको	387
बोगटी	387
मेयरले	387
यथास्थितिमा	387
राज्यलक्ष्मी	387
लेबल	387
वालेट	387
शनि	387
सवल	387
सवैको	387
सहप्रवक्ता	387
साकेला	387
सुनवल	387
अप्रत्याशित	386
अरे	386
आइटी	386
कक्षाको	386
कविराज	386
कानुनबमोजिम	386
काबुल	386
गल्छी	386
छल्न	386
जनवर्गीय	386
जाजरकोटमा	386
ण	386
त्रिपक्षीय	386
त्रिशुली	386
देखायो	386
प्रविण	386
फुटेर	386
बमले	386
बर्दिवास	386
बिपन्न	386
बिर्तामोडमा	386
बिवाह	386
मीरा	386
राखिनेछ	386
विस्फोटमा	386
शतक	386
शाखारहित	386
हट्न	386
can	385
अधिकारीहरुको	385
उज्वल	385
उद्धारको	385
एकराज	385
एजुकेशन	385
एयरपोर्टमा	385
कोसेली	385
क्लियर	385
गुटबन्दी	385
घोडाघोडी	385
चारमा	385
जसोतसो	385
ट्रपिकल	385
धौलागिरि	385
परको	385
परिणामको	385
प्रयोजनको	385
प्रवेशका	385
बैंकहरूको	385
भक्ति	385
भरिभराउ	385
मधेशका	385
योगदानलाई	385
लुट	385
वृत्तचित्र	385
श्राद्ध	385
साम्राज्यवादी	385
आशाको	384
इरानले	384
उनैले	384
एक्सटेन्सन	384
एसईओ	384
खटाउने	384
खोली	384
चुम्बन	384
जनाउदै	384
जानकारीका	384
डिभोर्स	384
थकाली	384
थकित	384
दर्शकहरुले	384
दुलालले	384
धनगढीका	384
न्युयोर्कमा	384
फोक्सो	384
बचेको	384
बाँस्कोटा	384
बिरामीमा	384
बोसो	384
भक्तजन	384
मकवानपुरले	384
रंगीन	384
राष्ट्रसंघका	384
विदेशको	384
संकटकाल	384
सुशिल	384
x	383
आउदो	383
ओभरको	383
औषधीको	383
कसूर	383
कहर	383
कोषलाई	383
खनेर	383
खेलाउने	383
जन्य	383
जलाउने	383
डंगोल	383
डिल्लीराज	383
तिमीहरूलाई	383
दिनुको	383
दुष्ट	383
पर्यावरणीय	383
प्रजापतिले	383
प्रतिवन्ध	383
फल्ने	383
बन्दोबस्त	383
बालबालिकाहरुको	383
मर्मतको	383
महासंघमा	383
मीनबहादुर	383
याएका	383
रोनाल्डोको	383
लग	383
वरदान	383
विकासोन्मुख	383
व्यापारका	383
संरचनागत	383
सार्वभौमिकता	383
सिने	383
सिरियामा	383
स्तनपान	383
अवसरलाई	382
उप्रेतीको	382
चिन	382
तपाईंहरु	382
दिनचर्या	382
नदेखिने	382
नशा	382
बाँसको	382
बाजुरामा	382
बुट	382
मर्जरमा	382
मोलेर	382
युनाइटेडले	382
लाईफ	382
सकियोस्	382
हमालको	382
हलचल	382
हितलाई	382
अर्थशास्त्री	381
कलंकी	381
काउन्सिलको	381
खस्ने	381
खोज्यो	381
चै	381
छेउ	381
जिउँदो	381
ट्रकको	381
तुला	381
थुनेर	381
नेविसंघका	381
बच्चाहरूको	381
मन्त्रीहरुलाई	381
मसान्तभित्र	381
मागअनुसार	381
रोकाया	381
लक्षणहरू	381
लिप्त	381
लुकाउने	381
सट्टामा	381
समस्याहरुको	381
स्क्रिप्ट	381
any	380
articles	380
अजित	380
अनुशासनको	380
अपहरणमा	380
आइपुग्यो	380
कम्पनीहरुलाई	380
कुराहरुलाई	380
गर्थ्यो	380
गाउँपालिकाकी	380
जाजरकोटका	380
जानुको	380
ट्रेलरमा	380
डिजाइनको	380
दृष्टिकोणमा	380
देशविदेशका	380
न्यायालय	380
पकाउन	380
पदाधिकारीहरुको	380
पिछडिएको	380
प्याकुरेलले	380
प्रशिक्षित	380
बुलेट	380
भूत	380
मनपर्छ	380
मान्यतामा	380
मुचुल्का	380
योद्धा	380
लोभमा	380
विहीन	380
सुनसरीमा	380
सै	380
अर्ध	379
इतिहासका	379
गाँउमा	379
चाँहि	379
पारिरहेको	379
प्रमुखका	379
बहुसंख्यक	379
बियर	379
भाडाको	379
भ्रमणलाई	379
माओवादीसँग	379
रेफ्री	379
रोपेर	379
शारिरिक	379
श्रद्धाञ्जलि	379
संयुक्तरुपमा	379
सुमित्रा	379
अंग्रेजीमा	378
आँचल	378
आतंकित	378
क्षेत्राधिकार	378
खिचिएको	378
गएमा	378
गथ्र्यो	378
घरपरिवारलाई	378
डेल्टा	378
दक्षिणमा	378
निधारमा	378
निस्केर	378
न्यायपालिकाको	378
पहाडका	378
बढदै	378
बासस्थान	378
भवनबाट	378
रकमलाई	378
वर्षभरि	378
सलह	378
आवतजावतमा	377
तिम्सिना	377
नागरिकहरूलाई	377
प्रतिबेदन	377
बहुमतका	377
बिज्ञान	377
भागबन्डा	377
भूमिसुधार	377
मधेसवादी	377
म्याक	377
रक	377
लगाएतले	377
विचलन	377
संकटका	377
सजिएको	377
समात्न	377
2022	376
अडिट	376
अनलाइनमार्फत	376
इन्डो	376
कपिलवस्तुका	376
कमर्सियल	376
कुलप्रसाद	376
चोकबाट	376
निक्षेपको	376
पठाउनुहोला	376
फेब्रुअरीमा	376
बाजुराका	376
बाहिरियो	376
बिलियन	376
महाराज	376
मोती	376
यससम्बन्धी	376
लक्ष	376
विषादीको	376
सक्न	376
सभापतिले	376
सम्मानको	376
सहजताका	376
सिर्जनशील	376
सोलुखुम्बुको	376
अलमल	375
आन्दोलनबाट	375
इस्लाम	375
औंल्याए	375
काठमाडौंः	375
ख्याति	375
चिनेको	375
डिल्लीराम	375
तुइन	375
निहुँमा	375
पारवहन	375
पुस्तकले	375
प्रविधिका	375
प्लाष्टिक	375
बिरालो	375
बेखबर	375
रिपब्लिकन	375
रेट	375
वर्क	375
विहिवार	375
शिक्षकहरुलाई	375
संकलनका	375
संसद्का	375
सयुक्त	375
सलाम	375
सोध्यो	375
अभिव्यक्तिले	374
उसकै	374
कमीले	374
केन्द्रकी	374
कोहीलाई	374
गुहार	374
घोषण	374
जादै	374
जानको	374
जेसीज	374
टोलिले	374
देख्छन्	374
दौडधुप	374
नबन्ने	374
पढ्नुस्	374
प्रभात	374
बुढाथोकीको	374
ब्रेन	374
भेलाको	374
मदनकृष्ण	374
महा	374
मायालु	374
रङ्ग	374
लम्बाई	374
ल्होसार	374
वाई	374
विकासे	374
विज्ञहरु	374
संस्थानका	374
सन्तानले	374
सिंचाइ	374
सुपथ	374
स्टुडियोमा	374
स्याटेलाइट	374
हेरौँ	374
१९९८	374
अवधारणालाई	373
आएनन्	373
इरानको	373
एलपी	373
काठमान्डौ	373
कामु	373
गुणहरू	373
ग्राहकहरुको	373
जुलाईमा	373
ठाउँहरुमा	373
ठेगान	373
त्यहीं	373
दुर्गाप्रसाद	373
नदेखाएको	373
प्लाज्मा	373
बनिन्	373
बे	373
बैकिङ	373
ब्याक्टेरिया	373
भनौँ	373
मूल्यका	373
वर	373
सई	373
सुरुको	373
हत्याका	373
15	372
अवधिका	372
अवार्डको	372
एभरेस्ट	372
कटारी	372
कारखानामा	372
खराबी	372
खेल्छ	372
गतेलाई	372
गुमाउनेको	372
तालिकामा	372
दौरानमा	372
नगरेकाले	372
नवलपरासीमा	372
बिचौलिया	372
भत्ताको	372
महिलासँग	372
रमेशकुमार	372
शैयाको	372
समीर	372
स्टेजमा	372
हान्न	372
?'	371
अथाह	371
आउँछु	371
आभाष	371
उम्मेदवारहरु	371
कतिपयलाई	371
जन्मिएकी	371
जयराम	371
ड्र	371
दर्जा	371
दिइएका	371
देख्छ	371
पुरिएको	371
पूर्वसचिव	371
बर्षसम्म	371
बेडमा	371
बेलायतबाट	371
भारतकै	371
मातृका	371
यतिवेला	371
रहनुपर्छ	371
रिजर्भ	371
रोबर्ट	371
वरपरको	371
शितल	371
संरचनाहरु	371
सडकखण्डको	371
समर्थकले	371
अधीनमा	370
अनलाइनखबरसँग	370
अनुक्रमणिका	370
अन्तरवार्ता	370
अर्जेन्टिनाले	370
अर्याललाई	370
अलवा	370
आइसिसी	370
आसपासको	370
कन्ट्याक्ट	370
किशोरीले	370
गायनमा	370
जनमुखी	370
जिसस	370
टुलुटुलु	370
तस्बिरहरु	370
त्यतै	370
दिशाबाट	370
दुर्भाग्यपूर्ण	370
धनकुटामा	370
नदि	370
पृष्ठको	370
प्याकेट	370
प्रश्रय	370
बन्दैछ	370
बन्धनमा	370
बाढीमा	370
बाबाले	370
बिकासमा	370
भएजस्तो	370
महाकवि	370
मानवअधिकारको	370
रोप्न	370
सक्कली	370
सचिवलाई	370
सरसफाइमा	370
हरिवन	370
१९९७	370
इमिरेट्स	369
उपमहानगरले	369
गर्नुभएन	369
गुटगत	369
चित्रित	369
जेलबाट	369
दिल्लीस्थित	369
पूर्णिमाको	369
प्रबक्ता	369
बिगतमा	369
बिस्कुट	369
बेहोरेको	369
ब्युटी	369
महँगा	369
मोरङले	369
यिनीहरु	369
रेस्टुरेन्टमा	369
रोमान्स	369
लगाउदै	369
इञ्जिनियर	368
इयर	368
उन	368
क्लास	368
क्षेत्रकै	368
गरेलगत्तै	368
गौरा	368
चाहीँ	368
जुम	368
ड्रेस	368
प्रोटोकल	368
प्लास्टिकको	368
बनी	368
मण्डलामा	368
लमजुङको	368
स्थितिको	368
हलुका	368
हास्यास्पद	368
अनुमती	367
कृष्णा	367
क्वाटरफाइनलमा	367
चिट	367
छिरेका	367
जारि	367
दूषित	367
धर्मशाला	367
निमा	367
नेपाललाइभमा	367
पार्नेछ	367
पुनर्बीमा	367
प्रयासरत	367
प्रयोगकर्ताहरू	367
फाइभ	367
फोटोग्राफर	367
भयौँ	367
मिनेटपछि	367
लगाइदिने	367
व्यक्तित्वको	367
सर्वोच्चका	367
स्वर्णिम	367
अपमानित	366
अभ्यासलाई	366
अवार्डमा	366
उत्रिने	366
उमेरहद	366
कंडेल	366
कमसल	366
क्याम्पसले	366
खन्न	366
गर्नेदेखि	366
घा	366
घाटमा	366
चन्द्रप्रसाद	366
छानबिनका	366
छानबिनको	366
तुल्याएको	366
दीक्षित	366
धावनमार्ग	366
नभएकै	366
नसकेमा	366
पहिलोपल्ट	366
पोको	366
भन्नुको	366
भावनामा	366
महत्वाकांक्षी	366
येशू	366
योजनाअनुसार	366
रबिन्द्र	366
रुपान्तरणको	366
वक्ता	366
शय्याको	366
सरले	366
सुदन	366
सेल्सियस	366
हारेर	366
post	365
अनाथ	365
आयोजनाहरु	365
उड्न	365
उद्देश्यसहित	365
एमालेकी	365
कोटामा	365
खसीबोका	365
गोदाम	365
जनअधिकार	365
जमानत	365
जातजाति	365
जित्नु	365
तथ्याङ्कले	365
तनावग्रस्त	365
तालिमका	365
थर्मल	365
थिएटर	365
दन्त	365
दम्पती	365
नभएसम्मका	365
पूर्वाधारका	365
प्रशासनका	365
बसका	365
बुद्धिमान	365
मकालु	365
मन्दी	365
मिनेटसम्म	365
याम	365
राष्ट्रसंघले	365
रोएको	365
रोना	365
लिलाम	365
शेष	365
सहयोगार्थ	365
सारी	365
सेकेण्ड	365
हिमपातको	365
हैनन्	365
अभिमुखिकरण	364
केश	364
गर्दैै	364
चिकित्सकहरु	364
त्रिलोचन	364
द्धारा	364
निकायहरुले	364
नीलकण्ठ	364
परिपूर्ति	364
परिरहेका	364
पशुपंक्षी	364
पुनर्निर्माणका	364
ब्रत	364
ब्राण्डका	364
मौलापुर	364
म्याराथन	364
रसिया	364
रुपेश	364
सगै	364
सिटीका	364
हेक्टरमा	364
्ग	364
आउ	363
आदेशलाई	363
आपत्कालीन	363
त्रिविले	363
थपियो	363
थरी	363
थिएन्	363
दिइन	363
देख्यो	363
नेटवर्कमा	363
न्यूयोर्कमा	363
पार्नुभएको	363
पैठारी	363
बझाङको	363
बीचमै	363
बुलन्द	363
भत्र्सना	363
मनोसामाजिक	363
मसिनो	363
महोत्सवका	363
मुश्किल	363
मृत्यू	363
मोहित	363
राजकुमारी	363
रामग्राम	363
राशिफल	363
लगियो	363
लुइस	363
विशेषज्ञता	363
विशेषताहरु	363
शाक्यलाई	363
शिक्षकहरुले	363
सङ्गठनका	363
सिंगापुरमा	363
सिरहामा	363
स्पेनमा	363
स्विच	363
हाँस्य	363
हृदयघात	363
आक्रमणका	362
खेलले	362
चुनाब	362
तै	362
दंग	362
दलबहादुर	362
दिंदा	362
दीपककुमार	362
दै	362
परिक्षणको	362
पर्यटकहरू	362
पाइन	362
पुगिन्छ	362
प्रधानमन्त्रीबाट	362
प्रसाईं	362
बाजे	362
बालीमा	362
मन्त्रिपरिषदमा	362
मलेसियाका	362
माछाको	362
रामवरण	362
लगाइन्छ	362
लाइक	362
वापतको	362
विद्यासुन्दर	362
विषालु	362
श्वासप्रश्वासमा	362
सपनालाई	362
सहयोगबाट	362
सायदै	362
स्वस्तिमा	362
20	361
अवहेलना	361
आउँथे	361
आर्यघाटमा	361
आवरणमा	361
आवाजलाई	361
एबं	361
गरिँदैछ	361
ग्रुपको	361
जन्माउन	361
झार्ने	361
डेरामा	361
थरुहट	361
दुर्घटनाबाट	361
निकुञ्जले	361
पछ्याउने	361
पहिरोबाट	361
प्यालेस	361
बाध्यताले	361
बिकले	361
भएरै	361
भाइले	361
मोही	361
राजभण्डारी	361
लक्ष्मीको	361
लामखुट्टेको	361
लायन	361
वस्तुहरु	361
वाला	361
वैज्ञानिकहरूले	361
वैधानिकता	361
शरिर	361
सशक्तिकरण	361
सिंहदरबारको	361
सुमित	361
हकहित	361
हङकङको	361
it	360
अनवरत	360
अवस्थामै	360
अस्त्र	360
आदित्य	360
आममाफी	360
उपाध्यक्षको	360
एको	360
कारणहरु	360
गुणाले	360
गैरेले	360
चस्मा	360
चाहन्छौँ	360
चोटि	360
छिरेको	360
जानकारीमा	360
जानेछन्	360
ज्यू	360
तरकारीमा	360
निरास	360
न्यूजहरुले	360
पर्चा	360
पार्टीकी	360
बंगलादेशका	360
बिद्युत	360
भण्डारीका	360
भुमि	360
रमण	360
वार	360
विचारधारा	360
वी	360
वैश्विक	360
शान	360
संक्रमणलाई	360
सिडिओ	360
सिरियल	360
सोल्टी	360
अचेत	359
ओलीकै	359
कीरा	359
कुवेतमा	359
खाद्यन्न	359
खुमलटार	359
गढवा	359
गर्नुपर्दा	359
छर्लङ्ग	359
ज्यु	359
तीतो	359
दिउँसोको	359
न्यौपानेलाई	359
पुर्यायो	359
प्रतिक्रियावादी	359
बनिसकेका	359
बन्धन	359
बालीको	359
बिहिन	359
ब्यक्तिको	359
भइसके	359
मलमा	359
रोक्छ	359
विज्ञापनमा	359
विधेयकका	359
शेरचनले	359
संगको	359
साथीहरूसँग	359
स्थानीयका	359
हाहाकार	359
12	358
अपवाद	358
उमाकान्त	358
कान्ति	358
कार्यशालामा	358
क्रिश्चियन	358
क्लाउड	358
गंगालाल	358
घिउ	358
जुटाएर	358
तामाकोसी	358
देखाउँदछ	358
निर्देशकमा	358
बन्नुभएको	358
बेनीमा	358
मुटुरोग	358
रिले	358
ल्याइयो	358
समेतले	358
सेमिनार	358
ऊर्जामन्त्री	357
कपास	357
कामदारका	357
खानका	357
जनाउनुभएको	357
टार्ने	357
टुंग्याउने	357
तथाकथित	357
नमिल्दा	357
फैलिएपछि	357
फौज	357
बढने	357
बिरेन्द्र	357
भित्रबाट	357
भोजपुरको	357
महानायक	357
मान्छेका	357
रकमान्तर	357
रहनुहोस्	357
लाग्नुभएको	357
लाभकर	357
वाद	357
विहानै	357
संस्कृतिका	357
सक्दा	357
समयभित्र	357
समायोजनको	357
सयपत्री	357
सासु	357
सुवालले	357
all	356
अधिबेशन	356
अन्त्यसम्म	356
अबसर	356
अस्पष्ट	356
एमालेमै	356
कालीकोट	356
गौतमका	356
घात	356
चुनावलाई	356
जिल्लाहरूमा	356
दशैँको	356
दिदीको	356
दीपा	356
देशसँग	356
नाथ	356
परिणामस्वरूप	356
परेकोले	356
पेरिसडाँडामा	356
बढाई	356
बेइजिङमा	356
ब्याख्या	356
भृकुटीमण्डपमा	356
मन्त्रीहरूले	356
मागका	356
रेडियोमा	356
रेनु	356
लिङ्देन	356
विकाससँगै	356
विधेयकमाथि	356
वृद्धको	356
सत्कार	356
सानी	356
हमलामा	356
१९९९	356
२०३६	356
an	355
अवकास	355
उदयपुरमा	355
एचआईभी	355
कसैका	355
क्षितिज	355
गुड	355
घट्ना	355
छतमा	355
झाँकी	355
नहरमा	355
पद्धतिमा	355
फेसबुकको	355
बस्नुपर्छ	355
बाँचेको	355
बाँडेको	355
भिषा	355
मद्धत	355
मस्त	355
रानाभाट	355
राम्री	355
रोपिएको	355
विदेशीले	355
वृद्धवृद्धा	355
संदिग्ध	355
सम्पादनमा	355
सरोकारवालाहरुको	355
सर्कुलर	355
अकल्पनीय	354
आगोको	354
आदिले	354
उमेदवारी	354
करोडमा	354
खाल्डो	354
गृहको	354
चक्कु	354
चिनिएका	354
चौपाया	354
नलगाड	354
नाडा	354
नियममा	354
निराशाजनक	354
न्यायमा	354
पदाधिकारीहरुले	354
बिरामीहरुको	354
मान्नुपर्ने	354
मो	354
राइट	354
व्यावसायी	354
शैलुङ	354
साउनको	354
साम्य	354
सोमनाथ	354
स्क्रिनमा	354
अहिलेलाई	353
आगन्तुक	353
आयातको	353
उपसमितिले	353
उहा	353
कार्यालयहरुमा	353
खाल्डोमा	353
चढाएर	353
जाउँ	353
डेनमार्क	353
त्रुटी	353
नजिर	353
फैलाएको	353
भित्र्याएको	353
यहा	353
राजपुर	353
राजेन्द्रप्रसाद	353
राधेश्याम	353
लड्दै	353
विरासत	353
संविधानअनुसार	353
सच्याउने	353
समयभन्दा	353
समुन्द्र	353
सेन्टरले	353
स्पोर्टस्	353
आँकडा	352
उमेरमै	352
कप्तानीमा	352
क्यालोरी	352
खानतलासी	352
गाईलाई	352
डिम्याट	352
धुम्रपान	352
निकायहरु	352
निरूपण	352
पार्टीहरू	352
बगरमा	352
बढायो	352
भइरहन्छ	352
भन्छौं	352
भुजेलले	352
भूराजनीतिक	352
मिलाउनु	352
मेस्सीको	352
रामले	352
रोपेको	352
विजयको	352
संसारभरि	352
सर्वेन्द्र	352
साधनका	352
सिसा	352
हुनेवाला	352
एनएमबि	351
काँग्रेसमा	351
खेलमैदान	351
गेमिङ	351
चित्रकार	351
चौकीको	351
जिज्ञासामा	351
ज्या	351
टावरमा	351
दत्त	351
दिइएन	351
देउखुरी	351
धूलो	351
पुरुषहरु	351
बदलामा	351
मौसमका	351
म्यानमार	351
याक्थुङ	351
रुपाकोट	351
लिखु	351
लुकाई	351
लेखापाल	351
सांसदहरूको	351
हातखुट्टा	351
हुनुहुँदैन	351
अछाममा	350
आजकै	350
इन्ट्री	350
एनपी	350
एपको	350
कर्कट	350
कृषकहरुले	350
खोजि	350
गर्नेछौँ	350
गर्याे	350
गाँठो	350
जिरो	350
झिक्न	350
दशकभन्दा	350
नबुझेको	350
पस्ने	350
पुनरागमन	350
प्रतिवेदनलाई	350
प्राथमिकताको	350
फेशन	350
भएकोछ	350
भङ्ग	350
भिड्ने	350
मनोरन्जन	350
मस्जिद	350
सङ्क्रमणका	350
सेनले	350
हल्कादेखि	350
अनेसास	349
आंकलन	349
कुटपिटबाट	349
गतेसम्मका	349
गर्थिन्	349
गोला	349
चाबी	349
जोस	349
झरेर	349
ठेक्कामा	349
डिपो	349
डुङ्गा	349
ड्राइभर	349
थाई	349
दिनहरू	349
दृढता	349
देखिँदै	349
दैनिकजसो	349
निर्देशनको	349
पदाधिकारीमा	349
बयानका	349
बाणगंगा	349
ब्राजिलको	349
महामारीलाई	349
मूल्यवान	349
रङ्गशाला	349
रेलमार्गको	349
विज्ञहरू	349
विदेशीलाई	349
विपत्ति	349
विशेषताहरू	349
सकभर	349
सहमतिलाई	349
१०००	349
अधिकारीहरूको	348
आशिर्वाद	348
उठेपछि	348
उपकरणहरूको	348
एकरुपता	348
कालान्तरमा	348
कोरोनालाई	348
घडेरी	348
छुवाछूत	348
छोटा	348
डेन्टल	348
तारेखमा	348
दशकअघि	348
नेपालीहरूले	348
पठाउँदै	348
परिमाणको	348
बहुचर्चित	348
ब्यान्ड	348
ब्राउजर	348
भइहाल्यो	348
यसबीच	348
यस्ताे	348
युक्रेनलाई	348
विषयहरुमा	348
सम्वन्धि	348
सविता	348
सालपछि	348
सालिक	348
सिरियाली	348
सुई	348
सुविधाबाट	348
…’	348
अर्घाखाँचीको	347
अशोज	347
उतार्न	347
कमैया	347
केहीको	347
कोर्ष	347
खोज्नुपर्ने	347
गतिका	347
तितो	347
तो	347
पठाई	347
फुटाएर	347
बच्नका	347
बाला	347
महोत्तरीका	347
यात्रुबाहक	347
शनिश्चरे	347
सक्तैन	347
सरोकारवालासँग	347
हत्याकाण्ड	347
अकाउन्ट	346
अनाधिकृत	346
अन्यौल	346
कू	346
कोठाबाट	346
खैरहनी	346
जहिल्यै	346
ठेकेदारको	346
ढङ्गबाट	346
त्यहीअनुसार	346
दिवाकर	346
नबन्दा	346
नरोकिने	346
पुनर्निर्माणमा	346
प्रकाशचन्द्र	346
बनोस्	346
रोजगारका	346
वासिङ्टन	346
विप्लवको	346
विष्टलाई	346
शक्तिहरु	346
सहयाेग	346
साईकल	346
सुभाष	346
सुरक्षण	346
सौभाग्य	346
स्कुले	346
स्पस्ट	346
१३०	346
१६५	346
अधिकारीसँग	345
आलटाल	345
उदृत	345
कर्मा	345
कामचलाउ	345
केटीको	345
केबलकार	345
कोलकाता	345
खाताको	345
गएकाे	345
गर्नेहरूको	345
चोलेन्द्रशमशेर	345
चौडाइ	345
जग्गाधनी	345
झन्झटिलो	345
झरेका	345
टापु	345
डेंगुको	345
तपाईहरुले	345
निम्त्याउँछ	345
नियमअनुसार	345
निर्घात	345
पर्दथ्यो	345
प्याकुरेल	345
प्रचारप्रसारमा	345
फलो	345
बाहिरिए	345
मेटाउन	345
रथी	345
राजिव	345
समिट	345
सवैलाई	345
हैरानी	345
अदालती	344
अन्यलाई	344
एक्स्पो	344
कही	344
कैदको	344
खेल्दैछ	344
गर्नेहरूलाई	344
घण्टे	344
घाइतेमध्ये	344
जावत	344
त्यसैका	344
दरको	344
दिनभरी	344
नवलपुरको	344
निवेदनको	344
पुस्तकका	344
प्रवाहको	344
प्रश्नले	344
बजेटलाई	344
महारानी	344
युक्रेनका	344
रोजगारदाताले	344
विमानबाट	344
श्रीलंकाका	344
संगठनहरुले	344
सत्यनारायण	344
सामथ्र्य	344
स्टार्टअप	344
स्वास्थ्यसम्बन्धी	344
हुल	344
अक्सफोर्ड	343
अनुत्पादक	343
अनुभुति	343
अभ्यासका	343
कलाकारिता	343
केपि	343
गैंडाकोट	343
छात्रालाई	343
जवरजस्ती	343
झाडापखाला	343
टिचिङ	343
दुवैजना	343
देवताको	343
पालेका	343
प्रश्नहरूको	343
फाईनल	343
बालकोट	343
बासुदेव	343
भागका	343
मोडालिटी	343
मौसमको	343
याउनु	343
रसिद	343
राईका	343
विलासी	343
सम्हाल्दै	343
सावित्री	343
७५३	343
अयोध्या	342
आपतकालिन	342
ईश्वरीय	342
एजेन्सीले	342
कमाण्डमा	342
कुना	342
केन्द्रबीच	342
गढी	342
टेलिभिजनबाट	342
तिब्बतको	342
नचाहिने	342
पुराण	342
पूर्णतः	342
प्रतिनिधिहरू	342
प्रतिबन्धको	342
प्रेमलाई	342
बुद्धिमानी	342
मान्यताका	342
यससँग	342
रामेछापमा	342
वनाउन	342
सत्यमोहन	342
सवैले	342
सिंहका	342
हुँदासम्म	342
हुनसकेको	342
2023	341
K	341
अवधीमा	341
आइएको	341
आईरहेका	341
आदी	341
आफैँलाई	341
आसन	341
उधोग	341
एआई	341
कटाएर	341
करमा	341
कसिलो	341
कुँवरको	341
कृषी	341
क्षमताले	341
खोजीका	341
चमत्कार	341
चापागाईं	341
चालिसे	341
जनादेश	341
जुध्न	341
ज्ञात	341
ठानिएको	341
थालिसकेका	341
दार्चुलाका	341
देशभरबाट	341
धरासायी	341
नतिजामा	341
नामावलीमा	341
पत्रकारसँग	341
पाउनुभयो	341
पाथीभरा	341
पालेको	341
फुटको	341
बारले	341
बाल्ने	341
भन्नेबारेमा	341
महिनाभन्दा	341
मान्दैनन्	341
मान्यताको	341
रक्सौल	341
लागतको	341
वंश	341
विजेतालाई	341
विश्वनाथ	341
वेबसाइटको	341
स्तरोन्नती	341
अफ्रिकाको	340
आरोपितलाई	340
आवाजले	340
उपन्यासको	340
कनेक्ट	340
क्रेज	340
खेल्नुपर्ने	340
गर्नू	340
गर्नेहरूले	340
ग्राउन्ड	340
छोराछोरीले	340
जाँड	340
जाल	340
तुलसीपुरका	340
दशमी	340
दुईजनाको	340
दूरीका	340
धनको	340
निस्किए	340
प्याकेजमा	340
बगैंचा	340
बर्षपछि	340
बुझ्नुपर्ने	340
भईरहेका	340
भिरबाट	340
भ्यू	340
मंच	340
महासभामा	340
मिसिएको	340
मेघ	340
मेघराज	340
विधिहरू	340
समेतका	340
सर्वसाधारणमा	340
अबेरसम्म	339
आउनेको	339
आरामदायी	339
उतार्ने	339
एशोसिएसन	339
कट्ठा	339
चुल्हो	339
छनोटका	339
ठोक्किँदा	339
दराज	339
नरसिंह	339
परिमार्जित	339
पाकिस्तानलाई	339
पासो	339
पुलबाट	339
प्रण	339
फर्किनु	339
बिद्यालयको	339
बोलेरो	339
भाइलाई	339
मसान्तसम्ममा	339
यिनीहरू	339
रंगेली	339
रेमिटेन्स	339
रोशी	339
वाहन	339
वैज्ञानिकहरुले	339
सम्हालेको	339
सिस्टममा	339
आङ	338
आनन्दको	338
एकेडेमीका	338
कथाकार	338
गिद्ध	338
जनतामाझ	338
जातिले	338
ठोरी	338
डिभाइस	338
ड्युटी	338
दृश्यले	338
नकरात्मक	338
नारीको	338
परिदृश्य	338
पार्टीकै	338
प्रकाशनको	338
प्रसाईंले	338
प्रसाईले	338
मानिसहरुमा	338
मुद्दाहरु	338
युटुब	338
रनरअप	338
रिलिजको	338
व्यावसाय	338
शुक्र	338
साताबाट	338
सुविधालाई	338
सूर्यप्रसाद	338
हटाई	338
अछुतो	337
उडाउने	337
उद्योगीले	337
उस्को	337
कापी	337
किल्ला	337
कुलो	337
गन्तब्य	337
गिता	337
ग्राभेल	337
घाट	337
जेट	337
डबली	337
त्रासमा	337
परिणाममा	337
परै	337
पर्यटकहरुको	337
पुग्दछ	337
प्रवर्द्धनमा	337
फेयर	337
फोहोरमैला	337
बुढो	337
रघुवीर	337
राजस्वको	337
वातावरणमैत्री	337
सरु	337
सर्वेक्षणमा	337
सामान्यतः	337
सिरी	337
इन्स्योरेन्सको	336
कक्षको	336
कथाले	336
कैलालीले	336
क्रोध	336
गल्कोट	336
टक्कर	336
ठाउँलाई	336
डोटीमा	336
ढलेको	336
त्याग्न	336
दाइको	336
दादुरा	336
दिएसँगै	336
दिल्लीका	336
धुर	336
नक्शा	336
निकाल्नु	336
पाक्ने	336
बिताए	336
भलिवल	336
भलो	336
मच्चिएको	336
महिनायता	336
मुड	336
मोवाईल	336
यूरो	336
लण्डनमा	336
वैठकमा	336
समुद्रमा	336
सम्पत्तिमा	336
अभिबृद्धि	335
एमालेभित्र	335
गच्छदारले	335
जोगिएको	335
तत्काललाई	335
देखिको	335
धनकुटाका	335
निवृत्त	335
पद्मा	335
परिच्छेद	335
पार्दा	335
पौड्यालले	335
बासी	335
मिलेमतो	335
य	335
रहिरहने	335
लेखापरीक्षण	335
विकलाई	335
विश्वभरी	335
शुभचिन्तक	335
स्थापनामा	335
स्वेच्छाचारी	335
हिल	335
आगोमा	334
आदिलाई	334
इटहरीका	334
उपासना	334
उमेद्वार	334
कित्तामा	334
खेतीबाट	334
गुड्ने	334
चाखलाग्दो	334
टिजर	334
ट्रफि	334
डिलर	334
दिनुका	334
देशभरी	334
धर्मलाई	334
न्यायाधीशहरू	334
पराउँछन्	334
प्रमूख	334
प्रयोगकर्ताहरूको	334
प्रेमले	334
फन्ड	334
बुझाइमा	334
भएकोे	334
भरतपुरको	334
मनग्य	334
मुर्ति	334
रणनीतिको	334
राशिको	334
रिजल्ट	334
समझदारीपत्रमा	334
हजुरको	334
हामीहरु	334
२०४५	334
अभिप्रेरित	333
अमूर्त	333
खाँण	333
खाणले	333
गणतन्त्रमा	333
गाउँपालिकास्थित	333
घरबार	333
घुससहित	333
छानेर	333
जेहेन्दार	333
झुटा	333
तोकिएकै	333
दलसम्बन्धी	333
दानबहादुर	333
नराखेको	333
निर्णयविरुद्ध	333
निस्किने	333
पारेकी	333
पुग्दै	333
बढीभन्दा	333
बर्षेनी	333
बास्तोलाले	333
ब्राजिलमा	333
लिइ	333
वैठकले	333
सक्दैनौँ	333
सिन्डिकेट	333
सुनकोसी	333
स्पिनर	333
स्वादिष्ट	333
स्वाव	333
१०५	333
अफगानिस्तानका	332
अर्कोमा	332
आआफ्ना	332
आयको	332
उत्साही	332
कारवाहीमा	332
खानपिन	332
गिरिजा	332
गीति	332
चोखो	332
डाइभर्सन	332
डिप्लोमा	332
नामसारी	332
निर्देशकले	332
नेकपाकै	332
पखाला	332
पल्सर	332
पाटा	332
पालेर	332
फोक्सोमा	332
बाहिरै	332
बाह्रबिसे	332
बिर्सेर	332
ब्यक्तिलाई	332
भुक्तानीमा	332
मनस्थितिमा	332
यूनियन	332
संकटबाट	332
सटीक	332
सरी	332
सरोकारवालाहरुले	332
सिंहदरबारस्थित	332
सीपमूलक	332
सीमाना	332
सुनुवाइका	332
सुस्मिता	332
हटाउनुपर्ने	332
हेर्नको	332
Tweets	331
अध्यक्षबीच	331
अपनाउँदै	331
किनेका	331
कुरुप	331
क्रिकेटका	331
खड्गबहादुर	331
छविहरू	331
जनकराज	331
जम्मु	331
ठाकुरको	331
तपाईहरुमा	331
तागत	331
तिव्रता	331
दरका	331
नबनाउने	331
पर्शुराम	331
पार्नका	331
पोथी	331
प्रमाणिकरण	331
भिसाको	331
भोको	331
मोहमद	331
विष्णुको	331
व्यहोर्नु	331
सनम	331
स्वागतयोग्य	331
होहल्ला	331
’bout	331
अगुवाइ	330
अपरेटर	330
आइसीसी	330
आईडी	330
आक्रमक	330
ऋणी	330
काउन्सिलका	330
कुराहरुको	330
क्याल्सियम	330
गर्लान्	330
गाउँलाई	330
ग्रह्य	330
जुम्ल्याहा	330
झरी	330
डराउने	330
त्यसअनुसार	330
दाम्पत्य	330
देवान	330
नवदुर्गा	330
निकाल्दा	330
निराजन	330
न्यूरो	330
परिणामले	330
पुच्छर	330
प्रविन	330
प्रहरीबीच	330
फर्काएर	330
फेक	330
बंगलादेशी	330
बज्राचार्यले	330
बढ्नुको	330
भव्यताका	330
मच्चाएको	330
योगदानमा	330
वाहेक	330
सन्धी	330
साथीहरुसँग	330
हुन्छौँ	330
१०४	330
१९९६	330
TV	329
अग्नी	329
अविजित	329
आऊ	329
आयुष	329
कलिलो	329
केको	329
खेलपछि	329
खोल	329
गराइयो	329
चितवनबाट	329
चैनपुर	329
जावलाखेल	329
जेसुकै	329
ज्योती	329
टना	329
ठानेको	329
ठिक्क	329
दहन	329
निस्कन्छ	329
पक्षहरू	329
पछ्याउनुभएकोमा	329
परिचर्चा	329
परीक्षकको	329
प्रभुत्व	329
प्रवर्द्धनका	329
प्रसस्त	329
फिटनेस	329
बाँकि	329
बाँडेर	329
बारको	329
बाहुल्य	329
बिल्कुल	329
बुवालाई	329
ब्युरोले	329
भुमिकामा	329
महाराजगञ्ज	329
माग्नु	329
येशूको	329
विवाहपछि	329
वीच	329
श्रीमान्को	329
सदस्यताको	329
समयसापेक्ष	329
सेलिब्रिटी	329
हेर्छ	329
Media	328
अन्र्तराष्ट्रिय	328
अवलोकनका	328
उनीहरुमाथि	328
एकजनालाई	328
एकपल्ट	328
क्यान्सरका	328
घन्टामा	328
चयनको	328
चलिरहँदा	328
चिटिक्क	328
चिनिन्छन्	328
झल्किने	328
दयाराम	328
दुःखमा	328
नाघेका	328
परियारलाई	328
परेकाे	328
पहिलेका	328
पाउनुभएको	328
पुग्यौं	328
प्रायोजक	328
फुटबलका	328
फुट्ने	328
मनाङका	328
मनोरञ्जनात्मक	328
म्याड्रिड	328
रसुवाको	328
लेगमा	328
विद्यालयहरुले	328
संस्कारमा	328
सजावट	328
साइटको	328
सेरोफेरोमा	328
हदैसम्मको	328
.)	327
अवशेष	327
आएकाे	327
आदेशपछि	327
आपूर्तिको	327
उधारो	327
कर्णबहादुर	327
काफी	327
केशवराज	327
क्यालेन्डर	327
क्लोज	327
खोटाङका	327
गइन्	327
गान	327
चितुवाको	327
चिसापानी	327
छः	327
जान्थे	327
तपाईंहरूले	327
त्रिपुरेश्वरस्थित	327
थाल्नु	327
दुःखद्	327
दैनिकको	327
धराशायी	327
धरोहर	327
नरैनापुर	327
नातिनी	327
निचोड	327
निजीकरण	327
नेपालसँगको	327
नोटमा	327
पदस्थ	327
पाउनका	327
पाठेघर	327
पुगेँ	327
प्रतिस्पर्धाबाट	327
बच्चन	327
बजेटमार्फत	327
बनाउनेछ	327
भगवानले	327
भीरबाट	327
राष्ट्रसेवक	327
रुचाउँछन्	327
रूपन्देही	327
शालिग्राम	327
संस्थाहरूलाई	327
सुनका	327
सूर्या	327
अन्नबाली	326
असिना	326
आरडीटी	326
उत्पादनशील	326
कुहिने	326
गजुरी	326
जबाफ	326
जात्राको	326
जानुअघि	326
झुठो	326
टच	326
ट्याब्लेट	326
डायरी	326
तिनमा	326
थुनछेक	326
दार्जिलिङ	326
धावा	326
नाग	326
प्रतिवेदनअनुसार	326
भएकाहरु	326
भूमी	326
मलजल	326
मिठाई	326
राजदूतको	326
राज्यसत्ता	326
रोकथामको	326
रोगलाई	326
लेखनको	326
संबैधानिक	326
सडकले	326
सिराहा	326
सुझावका	326
सुरुका	326
हस्ताक्षरित	326
हानाहान	326
१९८०	326
अवमूल्यन	325
आरोहणका	325
इमेज	325
उदयपुरका	325
एव	325
काङ्ग्रेसको	325
कारणबारे	325
गरिसक्नुपर्ने	325
गान्धीको	325
जलाधार	325
डोटीका	325
तरपनि	325
त्	325
नंको	325
पाण्डेका	325
प्रकाशमा	325
फलामे	325
बच्चाहरूलाई	325
बिरोधमा	325
बुथ	325
ब्यक्तिले	325
भागलाई	325
भ्यालेन्टाइन	325
मौनता	325
यसपालिको	325
रिटमाथि	325
लिम्बुको	325
विघटनविरुद्ध	325
विथ	325
वीरगन्जमा	325
शिक्षकहरू	325
संयन्त्रले	325
सिक्नु	325
हाइड्रोजन	325
होटलका	325
२०८१	325
उँभो	324
उपलब्धिको	324
उपस्थितीमा	324
एशियन	324
क्लिनिकमा	324
खुले	324
गर्दिनँ	324
गृहले	324
ग्राफिक	324
जनमोर्चाले	324
जनाका	324
जाती	324
तहसँग	324
दिनहरु	324
दिन्थे	324
दुईतिहाइ	324
निधनपछि	324
पन्जा	324
परियोजनालाई	324
पुरुषतर्फ	324
प्रतियोगिताले	324
बिज्ञापन	324
बिताएको	324
मध्यान्ह	324
महादेवको	324
महासङ्घको	324
मुहारमा	324
लोग्ने	324
व्यहोरेको	324
सामर्थ्य	324
स्रोतमा	324
हड्ताल	324
हिँडे	324
हेयर	324
१९६०	324
अगस्त	323
अधिकारमा	323
अनपेक्षित	323
अनुदानका	323
अन्तिमसम्म	323
अस्ट्रेलियन	323
कुराहरुमा	323
खहरे	323
गाडीहरु	323
छे	323
थारुको	323
देखिएपनि	323
धाराको	323
नसक्नुको	323
पर्वतारोहण	323
प्रचारका	323
फैलने	323
बत्ति	323
बारी	323
बालिकाले	323
भिडन्तमा	323
भुषालले	323
भूकम्पपछिको	323
माइत	323
माध्यमका	323
मालवाहक	323
मुद्रण	323
यथार्थलाई	323
याक	323
रोकाले	323
शैलेश	323
श्रृजना	323
सञ्चारको	323
सन्नी	323
समययता	323
समुद्घाटन	323
सित्तैमा	323
सुरुआती	323
हेर्छन्	323
आँगन	322
इण्डियन	322
एकादशी	322
कतिबेला	322
किसानहरूले	322
केन्द्रसँग	322
केसमा	322
क्यानाडा	322
खिमलाल	322
गयौं	322
घटिरहेको	322
छनौटमा	322
छाड्यो	322
जितपछि	322
जोखिमबाट	322
तलाको	322
त्याे	322
दाउ	322
नलाग्न	322
निभाउने	322
प्रकाशले	322
प्रतिकार्य	322
प्रवेशद्वार	322
फैसलालाई	322
बिरामीहरुलाई	322
राष्ट्रवादको	322
रोज्ने	322
विज्ञहरूको	322
संसारभरका	322
सकिनन्	322
समितिकी	322
साथीभाइ	322
सोच्नुपर्ने	322
हलको	322
ईश्वरको	321
एकाउन्ट	321
एसोसिएसनले	321
कार्यालयमै	321
कृतज्ञता	321
क्यामेराको	321
क्रिसमस	321
गर्नुले	321
गुरुङ्गले	321
गोल्छा	321
ग्रेट	321
जनताहरु	321
जागेको	321
टाँस	321
ठुलै	321
त्यत्ति	321
देउ	321
देशभरिका	321
नलिन	321
पहुँचका	321
प्रमाणको	321
प्रवृत्तिका	321
बनावट	321
बाह्रै	321
भोजपुरी	321
मस्तिष्कको	321
महत्वलाई	321
रबि	321
रोज	321
लिजमा	321
वर्षमुनिका	321
सट	321
सभामुखमा	321
सेल्स	321
हेर्नका	321
१०३	321
१४औँ	321
PM	320
Total	320
आठवटा	320
आवरण	320
कप्तानी	320
चाहिँदैन	320
जानुहुन्छ	320
ट्याङ्की	320
तर्फवाट	320
त्यसप्रति	320
नहुनेमा	320
निर्यातको	320
पछिका	320
पाइए	320
पाई	320
पिलर	320
प्रस्तुतीकरण	320
फेसबुकमार्फत	320
बोर्डलाई	320
भइहाल्छ	320
मजदूर	320
मन्त्रीस्तरीय	320
मसान्तमा	320
युट्युव	320
राजापुर	320
राजीनामाको	320
रिलायन्स	320
रुचाएका	320
रुपियाँको	320
रेग्मीलाई	320
लामखुट्टे	320
विल	320
विसंगति	320
शरीरबाट	320
शिवसताक्षी	320
संयमित	320
समाजसेवामा	320
समानुपातिकमा	320
सम्बोधनमा	320
सल्लाहकारमा	320
साङ्गीतिक	320
सुनाइएको	320
सुपरिटेन्डेन्ट	320
स्टे	320
हुंदा	320
हेपाटाइटिस	320
१४०	320
अर्धवार्षिक	319
एकतावद्ध	319
कट्टर	319
किलोग्राम	319
कृतिको	319
कृष्णगोपाल	319
केमिकल	319
चन्दलाई	319
चुनौतीलाई	319
छलफलले	319
जानकारहरु	319
जेठको	319
ज्यादती	319
झोल	319
टुरिजम	319
डंगोलले	319
ढुकुटी	319
निखिल	319
पतिले	319
परासी	319
पोष्टमार्टमका	319
प्रगती	319
प्रतिभाशाली	319
फेवाताल	319
फेस्टिभल	319
बङ्गलादेश	319
बस्नेछ	319
बुबालाई	319
बोकी	319
मझुवागढी	319
माघको	319
मान्छेमा	319
मूर्त	319
रविले	319
विकल्पका	319
विवाहका	319
सम्झन	319
सम्झन्छन्	319
सांगितिक	319
साथीहरूको	319
सुनियो	319
स्टेशनमा	319
स्वरुपमा	319
हँुदैन	319
…..	319
अंगमा	318
अबलम्बन	318
अमरसिंह	318
अवरोधका	318
एड	318
कन्ट्री	318
किङ	318
केन्द्रीकृत	318
कोप	318
क्षतिमा	318
खेद	318
गन्तव्यका	318
गिरि	318
चुरा	318
छेउमै	318
जनप्रतिनिधी	318
जन्मदिनमा	318
ठूलाठूला	318
ताइवानको	318
द्धितिय	318
धकेलिएको	318
नाच्न	318
नाली	318
प्यालेसमा	318
प्रयासका	318
बगर	318
बच्चामा	318
भारतबीचको	318
महिनाभित्रै	318
राष्ट्रपतिसमक्ष	318
राष्ट्रपतीय	318
राष्ट्रसंघ	318
रोक्नको	318
विधानअनुसार	318
शिरमा	318
शीत	318
शोको	318
श्रोतको	318
संघसंस्थाका	318
सिर्जनामा	318
सुर्खेतले	318
सेफ्टी	318
अनुसन्धानकर्ता	317
आइडिया	317
आतंककारी	317
खानेपानीका	317
गरिएकी	317
गुण्डा	317
टक	317
टुंग्याउन	317
ट्रान्सफर्मर	317
ढाल्ने	317
दसैंको	317
दृढतापूर्वक	317
देखाउँछन्	317
धर्मनिरपेक्षता	317
नगरेमा	317
नबुझी	317
नाघ्यो	317
नित्य	317
निर्देशिकामा	317
नेपालभर	317
नेविसंघको	317
फर्कियो	317
महासेठ	317
मृत्युवरण	317
यात्रुवाहक	317
शसक्त	317
शुक्लागण्डकी	317
सत्याग्रह	317
सहयोगलाई	317
हनन	317
अन्तक्र्रिया	316
अन्यायमा	316
चिकित्सकीय	316
छड्के	316
छुट्टा	316
जस्तापाता	316
जागिरको	316
ठग्ने	316
ठाउँहरू	316
ढुवानीका	316
तमोर	316
तहल्का	316
तिम्रै	316
दार्जीलिङ	316
दिउँसै	316
दिल्लीबाट	316
पीर	316
प्रत्याभूत	316
प्रदेशकै	316
बतास	316
बात	316
बाबुरामले	316
बित्दै	316
बुधबारबाट	316
भन्नुपर्छ	316
भाइरसलाई	316
भीमफेदी	316
मनाए	316
महासचिब	316
मामिलामन्त्री	316
मालिकले	316
रघुगंगा	316
रोम	316
लुट्ने	316
वस्तुलाई	316
समलिङ्गी	316
हुबहु	316
@mynepaljapan	315
अनुबन्धित	315
अन्तै	315
अवको	315
इफेक्ट	315
उतारचढाव	315
एकद्वार	315
क्षेत्रगत	315
गर्नुलाई	315
गालीगलौज	315
जिउन	315
जीवितै	315
ज्ञानबहादुर	315
टुटेको	315
डेङ्गु	315
ढकालका	315
तानिएका	315
तुलाधर	315
निजले	315
परम	315
परिसरका	315
पोखरेलका	315
फन्दामा	315
बित्न	315
भूल	315
मलामी	315
माइला	315
यान	315
रियाल	315
रुपन्देहीले	315
साइज	315
साट्न	315
सामरिक	315
सिटौलालाई	315
सिरिया	315
सीआईबी	315
सुपरिवेक्षण	315
सुशासनका	315
सूचिकृत	315
स्काई	315
हिम	315
XNUMX	314
अध्यन	314
असजिलो	314
आइसियु	314
ईन्जिनियर	314
एकपक्षीय	314
एड्स	314
एमसीसीका	314
कथाहरु	314
कमलामाई	314
कमिटीलाई	314
कारोबारलाई	314
खलंगा	314
छुट्ने	314
जोडे	314
देउवाका	314
धकेल्ने	314
नजान	314
निधनमा	314
न्यूजबाट	314
पसेका	314
पालिकालाई	314
पिपिई	314
पीडालाई	314
फ्रन्ट	314
बिस्फोट	314
भएकामध्ये	314
भनाइलाई	314
रञ्जन	314
राख्नुहुन्छ	314
लौरो	314
व्यवसायीहरूको	314
समाजबादी	314
साक्षात्कारमा	314
हिरासत	314
उठाउँदा	313
एजेन्डामा	313
काठमाण्डौँ	313
कार्यक्षमता	313
क्षतिपूर्तिको	313
छुट्याएर	313
छोडेपछि	313
जग्गालाई	313
जन्मभूमि	313
जमानामा	313
जाँचका	313
जाँदैन	313
जानेका	313
जोडेका	313
टर्कीको	313
ट्रान्जिट	313
डो	313
तत्वहरू	313
निक्षेपमा	313
निर्णयपछि	313
निस्तेज	313
पठाउनुपर्ने	313
पिएसजी	313
पिछडिएका	313
प्रशिक्षणको	313
फोक्सोको	313
बंगालको	313
भनिएपनि	313
रामनारायण	313
लोहनीले	313
विज्ञानमा	313
विपद्को	313
शम्शेर	313
सटही	313
साहसी	313
हप्ताभित्र	313
१९९४	313
अन्धाधुन्ध	312
अहंकार	312
ऋचा	312
कममा	312
कारवाहीका	312
कार्यगत	312
कालीमाटी	312
क्वारेन्टाईनमा	312
गर्भावस्थामा	312
गाडि	312
गिफ्ट	312
गुरुङका	312
चिकित्सकहरुको	312
छालालाई	312
जाऊ	312
टिकाउ	312
टिकाउन	312
टेलिभिजनले	312
डकुमेन्ट	312
ड्याम	312
तपाईसँग	312
तुलसीको	312
त्यता	312
थप्छन्	312
थाल्न	312
दर्दनाक	312
दिसामुक्त	312
धरहराको	312
निधनप्रति	312
पत्रकारका	312
परेकालाई	312
पाना	312
पीडितहरुको	312
प्रक्रियाले	312
प्रक्रियाहरू	312
बमको	312
बस्थे	312
बादलले	312
बिरूद्ध	312
बैंकर	312
मल्ललाई	312
रद्ध	312
विन	312
संक्रमितहरुको	312
सचेतनामूलक	312
सतहबाट	312
सलोन	312
सेवाग्राहीसँग	312
स्टार्ट	312
अघिका	311
अनशनमा	311
अरबको	311
आउनुहुन्छ	311
इच्छाकामना	311
उदास	311
कपि	311
कोइरालाका	311
क्यालिफोर्निया	311
गणतन्त्रात्मक	311
गिनिज	311
चन्द्रकान्त	311
चन्द्रमामा	311
चिर्न	311
छ्न्	311
जुट्ने	311
झ्यालबाट	311
ढुंगेल	311
त्रिदेशीय	311
दुबैलाई	311
निर्बाचन	311
न्यायाधीशहरु	311
पचाउन	311
पहिलेकै	311
फर्किएकी	311
फाँटमा	311
बझाङमा	311
बदलिँदो	311
बाइपास	311
बित्दा	311
बूढानीलकण्ठ	311
बेष्ट	311
ब्यवहार	311
मर्स्याङ्दी	311
महामहिम	311
योजनाअन्तर्गत	311
रञ्जना	311
रेस	311
लडिरहेका	311
वटामा	311
व्याजदर	311
शिवपुरी	311
सभामुखलाई	311
सवारीलाई	311
सातौ	311
सुवेदीलाई	311
सेयरको	311
सोशल	311
हजारौंको	311
हुनुलाई	311
14	310
अनुभवमा	310
अवसरवादी	310
इन्स्योरेन्सले	310
इलेक्ट्रोनिक्स	310
एकेडेमीले	310
कट्टेलले	310
कपी	310
कागजको	310
गन	310
घेराबन्दी	310
छूट	310
जान्नु	310
ढाल्न	310
तहदेखि	310
तिहाइको	310
थिङ	310
दसैंमा	310
दिदैं	310
नदिमा	310
नोटको	310
पुस्तिका	310
प्रखर	310
फलानो	310
फुटाउन	310
फ्लु	310
बानेश्वरस्थित	310
बृहत्तर	310
बोक्सीको	310
मर्मतसम्भार	310
मिलाई	310
राख्दैन	310
रुखको	310
लगाउनुभएको	310
लघुकथा	310
लिलामी	310
विमति	310
व्यवसायबाट	310
शाहका	310
शिक्षकका	310
सञ्जालबाट	310
सहभागीहरुलाई	310
सहयोगीको	310
साधनले	310
सेटिङमा	310
हत्यारालाई	310
१११	310
30	309
अड्किएको	309
अन्यौलमा	309
काँध	309
कागजातहरू	309
गाईजात्रा	309
ज्यानै	309
झुकाव	309
डिपार्टमेन्ट	309
त्यहीँबाट	309
दमदार	309
दर्शकहरुको	309
दीपावली	309
नकार्न	309
नबनेको	309
निर्णयप्रति	309
परम्परामा	309
पेट्रोलको	309
पोका	309
बानीले	309
भोगिरहेको	309
भ्याए	309
मिन	309
रुपैयाँसहित	309
रेष्टुरेन्टमा	309
वमोजिम	309
विचारले	309
संकुचित	309
संख्याका	309
संग्रौला	309
संञ्चालन	309
संसाधन	309
सफ्ट	309
सर्वोत्तम	309
सिद्धान्तका	309
स्वीकार्न	309
ह्यान्डल	309
??	308
अञ्जु	308
अभियानअन्तर्गत	308
असुरक्षा	308
आउनुस्	308
आमाका	308
इन्द्रेणी	308
एकापसमा	308
कार्यक्रमकाबीच	308
खोलाबाट	308
गिरोह	308
गुरुकुल	308
चन्दन	308
चौहान	308
जर्जर	308
जेभी	308
टेलिकमका	308
दम्पतीले	308
पत्नीलाई	308
पशुपक्षी	308
पेशालाई	308
प्रतिष्ठानलाई	308
प्रयासपछि	308
प्लेन	308
बस्छु	308
बहिनीलाई	308
बेल	308
ब्वाइज	308
भरतराज	308
महतको	308
महासेठले	308
मागपत्र	308
मितिः	308
राजकिशोर	308
रोजगारीबाट	308
लक्ष्यहरू	308
लामै	308
विद्युतीकरण	308
शिथिल	308
संकाय	308
सकेकी	308
सच्याएर	308
सभापतित्व	308
समर	308
सम्झने	308
सुरूवात	308
हैजा	308
१९९२	308
२०३५	308
अखण्ड	307
असंख्य	307
असीमित	307
आत्माले	307
आम्दानीमा	307
उपाध्यायको	307
उपेक्षित	307
क्वालिटी	307
गरिसक्नु	307
गुठीको	307
गोल्छाले	307
चयनमा	307
छोडी	307
तामाङ्ग	307
धितालले	307
नबुझ्ने	307
परिणाममुखी	307
परिषदमा	307
पाइन्थ्यो	307
बस्यालले	307
बालेनले	307
यस्को	307
रुसका	307
रोकिएपछि	307
लेख्नुभएको	307
लेटर	307
वर्षसम्मका	307
संघकी	307
सगुन	307
सञ्चालकलाई	307
सिस्ने	307
हुँदाको	307
अधिकारबाट	306
अभिव्यक्तिलाई	306
कक्षाका	306
कमिटिको	306
क्रान्तिकारीका	306
खाल्डाखुल्डी	306
खेलौना	306
ज्वलन्त	306
ट्रम्पका	306
तपाइले	306
तार्किक	306
दलभित्र	306
दोस्रोमा	306
निर्माणकार्य	306
पाइसकेका	306
प्रयासहरू	306
प्लेकार्ड	306
बर्मा	306
बुढाको	306
भनिरहँदा	306
भाग्यले	306
भित्रिन	306
भ्युज	306
मन्त्रिपरिषदले	306
मिया	306
यदाकदा	306
यादब	306
यार्सा	306
राजदूतावास	306
राजनिति	306
रिहाइ	306
रोक्नुपर्ने	306
र्यापिड	306
लगाइ	306
लिखत	306
सस्थाका	306
सामुन्ने	306
सुनाउनु	306
सैनिकले	306
हनुमानढोका	306
अल्ट्रा	305
आइतबारबाट	305
आनन्दित	305
किताबको	305
घरधनी	305
घुमेर	305
जनस्तरमा	305
जन्मजात	305
टोकाइबाट	305
तहहरुले	305
धारमा	305
नगरसभा	305
नर	305
पुननिर्माण	305
प्याकेजको	305
प्रतियोगितालाई	305
फैलिएका	305
फोटोग्राफी	305
बुहारीलाई	305
बोरामा	305
भेट्दा	305
मतभार	305
मिटरब्याज	305
मोटरबाटो	305
मोडलको	305
वर्षभित्रै	305
वृक्षरोपण	305
श्रीलंकाले	305
सकिएका	305
समन्वयात्मक	305
सिको	305
सोह्र	305
स्लट	305
अगस्टमा	304
अनेरास्ववियुका	304
अविस्मरणीय	304
आईसीयूमा	304
आधारहरु	304
इमर्जेन्सी	304
ऋतु	304
एबम	304
एम्बुलेन्समा	304
एलईडी	304
कपूर	304
काउन्सिलमा	304
कुलबहादुर	304
कृषिका	304
खाताबाट	304
खेतबारी	304
गएपनि	304
गतिरोध	304
गार्हस्थ्य	304
जालो	304
जिवनमा	304
झल्काउने	304
टेक्सास	304
तत्कालको	304
नगराएको	304
नदिएका	304
नाप्ने	304
पायौं	304
पृ	304
पोखरेली	304
प्राङ्गारिक	304
प्रेमप्रसाद	304
बन्दका	304
बालकुमारी	304
भाँचिएको	304
भुलेर	304
भोलिपल्टै	304
मनोहरा	304
मुम्बईको	304
रातभरि	304
लाश	304
लेजर	304
विपक्षीले	304
श्रोता	304
संरचनाले	304
सातापछि	304
साहित्यलाई	304
सुतिरहेको	304
सुधार्ने	304
अनभिज्ञ	303
अन्तरमा	303
आइन्	303
कम्प्यूटर	303
काभ्रेमा	303
किरणले	303
कुसुम	303
कृषकहरु	303
क्रिया	303
खिचेर	303
खोल्नु	303
गल्ली	303
गृहमन्त्रीले	303
जनाएकी	303
जलाशययुक्त	303
जीवनबाट	303
जैमिनी	303
डडेल्धुराको	303
तथ्याङ्कमा	303
थाल्नुभयो	303
न्यायालयको	303
पिउँदा	303
पुत्ला	303
पू	303
प्यानलबाट	303
प्रवन्धक	303
प्रेमगीत	303
बनाइसकेको	303
बाँधिएको	303
माओ	303
माग्यो	303
याइएको	303
यिनी	303
रावललाई	303
लाउने	303
लैजान्छ	303
वचत	303
शिला	303
सदाका	303
समूहगत	303
सल्लाहाकार	303
सिटामोल	303
सुनाखरी	303
सुबेदीले	303
हुनेबित्तिकै	303
हुम्लाका	303
May	302
अनुसन्धानलाई	302
आंशिकदेखि	302
आउनेलाई	302
कम्पनीहरूलाई	302
कोठाभित्र	302
क्यानडामा	302
गरीन्छ	302
घमण्ड	302
जड	302
झर्न	302
तिला	302
तिवारीको	302
दिईने	302
पठाइएका	302
पाँचै	302
पिकअप	302
पीडादायी	302
प्रकरणका	302
प्रकासित	302
फाल्गुण	302
बढीरहेको	302
बान्ता	302
बिमाको	302
बुटवलबाट	302
बेटी	302
बोहोराले	302
भाइरसविरुद्धको	302
भिडियोहरु	302
ममाथि	302
मेकानिकल	302
मेसी	302
व्यापारीहरुले	302
श्वासप्रश्वास	302
सदस्यसहित	302
समलिंगी	302
सयमा	302
सर्दै	302
हङकङका	302
हालिएको	302
हिँडिरहेका	302
अनुकरणीय	301
आस	301
उद्योगहरू	301
खुराक	301
गाडेको	301
जरुरत	301
जोसँग	301
तीनपटक	301
तृतिय	301
देब्रे	301
धज्जी	301
नियतले	301
निरिक्षण	301
परमप्रभु	301
पाराले	301
पीएसजी	301
पीडाको	301
पुरातन	301
पोल्टामा	301
फाइलहरू	301
बर्ड	301
बलका	301
बुस्टर	301
बेइमानी	301
बैङ्कको	301
भनिन्थ्यो	301
मन्दिरलाई	301
महसूस	301
मार्टिन	301
मेडिसिटी	301
मेलमिलापको	301
विज्ञानले	301
विप्लवका	301
शान्तिनगर	301
शेयरको	301
सत्ताका	301
सभाहल	301
सरेर	301
सासू	301
सुरक्षाकर्मीलाई	301
हात्तीले	301
हुसेन	301
हेटौंडाको	301
हेर्छु	301
०४६	301
अभ्यासले	300
अवधिसम्म	300
आउँने	300
आवश्यकताहरु	300
इराक	300
उनीहरुकै	300
उर्वर	300
एमसीसीबारे	300
ओनसरी	300
कपालको	300
खाँदबारी	300
खिल्ली	300
गगनकुमार	300
घरभाडा	300
चिनारी	300
जहाजले	300
जिताउने	300
झालाई	300
डेल	300
तल्लीन	300
दशकपछि	300
दिँदैनन्	300
नछाड्ने	300
नमोबुद्ध	300
नेप्सेले	300
प्रत्यारोप	300
फ	300
बेजोड	300
भारतमै	300
भेषराज	300
यिनीहरुको	300
रमिता	300
रिया	300
लाखदेखि	300
लुकाएको	300
लोकराज	300
वुहान	300
वृद्धा	300
शिवालय	300
संघसंस्थाले	300
साथीसँग	300
सुटुक्क	300
हुँदोरहेछ	300
२०३३	300
इन्सेकले	299
उत्तराधिकारी	299
कारागारका	299
काले	299
क्याच	299
च्यारिटी	299
जिम्मेवारीको	299
ज्ञानु	299
ज्वालामुखी	299
टमाटर	299
ट्रेसिङ	299
तानिएको	299
दक्षिणा	299
नदेखेको	299
नबोल्ने	299
नराम्रोसँग	299
परीक्षाका	299
पारिन्	299
पुनरुत्थान	299
प्रारम्भमा	299
बढोत्तरी	299
बदमासी	299
मनोजकुमार	299
मर्जरको	299
मेहता	299
यान्त्रिक	299
लखन	299
शहरबाट	299
श्रीमान्ले	299
सङ्क्रमणसम्बन्धी	299
सर्व	299
साइकलमा	299
अनिश्चितकालका	298
अवलम्वन	298
अवसरहरु	298
अहिल्यै	298
आपूर्तिमन्त्री	298
उपत्यकाभित्र	298
एलिना	298
कट्टा	298
कफीको	298
काठमाडौँले	298
कूटनीति	298
कृष्णनगर	298
कोरियोग्राफर	298
खुलेरै	298
गरिरहेकै	298
ग्राण्ड	298
जडानको	298
जेभीले	298
ठाउ	298
ढिलै	298
दार्चुलामा	298
दिनेशकुमार	298
दैवी	298
दोहोरिने	298
नहेरी	298
निधनको	298
पहिलाे	298
पिटर	298
प्रतिशतका	298
प्रहरीबाट	298
बुद्धले	298
भइनसकेको	298
महोत्सवले	298
मानिसहरूका	298
राँगा	298
राजभण्डारीले	298
लुम्विनी	298
लेग	298
ल्होछार	298
वस्तुहरूको	298
शुरुआत	298
समाजबाट	298
सुकेको	298
?,	297
अनुगमनलाई	297
अन्तर्क्रिया	297
अभिवृद्धिका	297
उब्जिएको	297
ओहोरदोहोर	297
कन्टेन्ट	297
कसेर	297
कृतिम	297
गर्दैमा	297
छत	297
तहगत	297
थाम्न	297
नगरपालीका	297
नग्न	297
नराख्न	297
नलगाउने	297
निर्णयसँगै	297
परदेशी	297
परिप्रेक्ष्यमा	297
पीपीई	297
पुलिसका	297
प्रान्तीय	297
बजेसम्मका	297
बन्दाबन्दीको	297
बालबच्चा	297
बालुवाटारस्थित	297
ब्राजिलले	297
भिक्षु	297
भिजेको	297
मंगला	297
मनोहर	297
मन्जु	297
यथेष्ट	297
रहनसहन	297
लिनुभयो	297
लुक	297
शब	297
संरा	297
सभागृहमा	297
सहिष्णुता	297
सौराहा	297
अल्छी	296
कानूनमन्त्री	296
खानुपर्ने	296
चिनिएको	296
चुनौतीहरू	296
च्याप्टर	296
ज्ञानलाई	296
टाइम्सले	296
डुब्ने	296
ढुङ्गानाले	296
तपाईंहरुले	296
तस्बिरहरू	296
त्रिविको	296
दह्रो	296
दुलही	296
धरानस्थित	296
नगेन्द्र	296
पुग्नै	296
प्रमाणका	296
प्वाइन्ट	296
फुल्ने	296
बराहक्षेत्र	296
भएकाको	296
मद्दतले	296
मनास्लु	296
महीनामा	296
मारेका	296
रहेकोे	296
रानाभाटले	296
वीरगञ्जको	296
शारिरीक	296
शैलीका	296
संबंधित	296
संस्थाकी	296
सन्धिको	296
सम्बन्धविच्छेद	296
सलामी	296
साताका	296
सालतिर	296
Ltd.	295
अपार्टमेन्ट	295
अमिलो	295
उदेश्यका	295
उपरोक्त	295
कम्पनि	295
कुर्नुपर्ने	295
गरीबी	295
गाउँघर	295
छरिएका	295
जस्तैः	295
ज्ञापनपत्रमा	295
टिभीमा	295
ठूल्ठूला	295
थाली	295
दृश्यमा	295
नरहेका	295
निकाली	295
निजलाई	295
पप्पु	295
पर्वले	295
पर्साले	295
पश्चिमतर्फ	295
पिर	295
पोलमा	295
प्रवाहलाई	295
फोरमको	295
बारमा	295
बाहेकको	295
बूढीगण्डकी	295
भर्खरको	295
भोकमरी	295
मर्का	295
महोत्तरीमा	295
माहिर	295
मिठा	295
मुगुको	295
रक्सीको	295
वर्षअघिको	295
वातावरणलाई	295
शासनमा	295
सङ्कल्प	295
समाचारका	295
हटेर	295
We	294
अधिनायकवादी	294
इसाई	294
उम्मेदवारहरुले	294
एजेण्डामा	294
कम्बल	294
कर्तब्य	294
कर्ता	294
कल्चर	294
किफायती	294
क्रिस	294
गर्नुपर्दैन	294
छपाइ	294
जनसेवा	294
तटमा	294
तारिखका	294
धान्ने	294
नपरोस	294
नम्वरको	294
निर्दयी	294
पाउण्ड	294
प्रदर्शनकारीले	294
फर्किसकेका	294
बधाइ	294
बनाउँन	294
बाढीपहिरो	294
बेलादेखि	294
भन्नै	294
मर्नु	294
महान्यायाधिवक्ताको	294
रजनी	294
रोगहरू	294
लक्ष्यको	294
विनायक	294
विविधताको	294
शाकाहारी	294
श्रेणीको	294
संस्मरण	294
सशक्तीकरण	294
सिलाई	294
सुतेका	294
सोध्नु	294
हँुदा	294
हरुमा	294
अधुरा	293
इटहरीको	293
ओत	293
कम्प्याक्ट	293
कर्माचार्य	293
कार्पेट	293
कार्यालयमार्फत	293
कोरला	293
कोल्ड	293
गएकोले	293
ङ	293
चन्द्रागिरी	293
चराको	293
जनप्रतिनिधिहरुको	293
त्रासले	293
दयालु	293
दुर्गन्ध	293
धनजनको	293
निषेधाज्ञाका	293
नेप्सेमा	293
पूर्णचन्द्र	293
प्रविधियुक्त	293
बढिसकेको	293
भूपू	293
भोकले	293
मनाङको	293
माफिया	293
म्यानुअल	293
युनिभर्सल	293
युवाका	293
रेक्टर	293
रेडियोको	293
रौनियार	293
वटासम्म	293
वरीयतामा	293
विभेदकारी	293
शिवाकोटीले	293
शुल्कको	293
समुहलाई	293
सरोकारको	293
स्काउट	293
स्वास्थ्यचौकी	293
हि	293
अर्कोले	292
अश्लिल	292
आमासँग	292
आरडिटी	292
इन्डोनेसिया	292
ईच्छा	292
उत्तरतर्फ	292
ओएनएस	292
कमिसनको	292
खा	292
गीतबाट	292
घटनाक्रमले	292
घिसिङलाई	292
जिन	292
जोर्डन	292
थालेकाले	292
थिचेर	292
दूरगामी	292
नभन्दै	292
निर्वतमान	292
पछाडिबाट	292
पाउँछु	292
प्रतिनिधिका	292
फलफूलको	292
बाँकेले	292
बैशाखमा	292
भ्रमित	292
महात्मा	292
युभेन्टस	292
राशिमा	292
रोमन	292
लम्ब्याउने	292
वासस्थान	292
विश्वासलाई	292
श्रीलङ्का	292
सङ्ग	292
सिँचाई	292
सिह	292
हाउसको	292
हार्ने	292
हालसम्मकै	292
हिँड्नु	292
०७०	292
अध्ययनबाट	291
आजकाल	291
उपदेश	291
ऐलानी	291
कटिबद्ध	291
क्याफे	291
क्रियाकलापको	291
खलल	291
गहुँको	291
छापिन	291
जनगुनासो	291
जाउ	291
थन्किएको	291
नजरले	291
नदिनका	291
नसकिरहेको	291
परिवर्तनसँगै	291
पात्रो	291
पुरस्कारका	291
फर्कनु	291
बढाउँदा	291
बहसका	291
बातावरण	291
बालुवाटारको	291
बिमोचन	291
भिडियोले	291
मतदानका	291
माझीले	291
मानिसहरूमा	291
लबिङ	291
शिवकुमार	291
शिवप्रसाद	291
सर्छ	291
होस्ट	291
अभिवादन	290
अमिर	290
एनएमबी	290
क्रुर	290
टाट	290
डिएनए	290
तामा	290
दर्शकमाझ	290
दीपाश्री	290
नट	290
निती	290
निर्णयार्थ	290
निवेदकको	290
निस्वार्थ	290
नेत्री	290
नेपालगन्जको	290
पंक्ति	290
पदमबहादुर	290
पाठन	290
प्राचिन	290
बाताबरण	290
बितेका	290
भइराखेको	290
भरिया	290
भेट्रान	290
मरेपछि	290
माताको	290
यज्ञराज	290
यत्तिकै	290
यथोचित	290
रड	290
रोजाइ	290
रोडमा	290
र्यालीमा	290
शून्यमा	290
श्रमदान	290
संसद्लाई	290
समारोहबीच	290
सहभागीहरूले	290
सिचाई	290
स्क्रू	290
about	289
अपरेटिंग	289
अरुका	289
उपमा	289
उहाँमा	289
एउटाले	289
कर्फ्यु	289
काठमाडौंलाई	289
गठनमा	289
गर्मीको	289
गुरुको	289
ग्रान्ड	289
चट्टान	289
चाहँदैन	289
चौंथो	289
जर्नल	289
डिलिट	289
तिनीहरुको	289
दृष्टिविहीन	289
न्यायाधीशद्वय	289
पर्दाफास	289
पाँचतारे	289
पुगेकाले	289
प्रधानन्यायाधीशले	289
प्रिया	289
मताधिकार	289
महंगी	289
माइनस	289
माधब	289
युएईको	289
युक्रेनले	289
रोगसँग	289
लिनेछ	289
लेटाङ	289
विउ	289
शक्तिहरू	289
शुद्धिकरण	289
सुझाए	289
सौराहामा	289
अनुप्रयोगको	288
अर्जेन्टिनाका	288
आगमी	288
उत्रिए	288
एएफपी	288
कलेक्सन	288
कहालीलाग्दो	288
कैयन	288
कोईरालाले	288
कोभिसिल्ड	288
खेलाडीहरूलाई	288
गुजरात	288
गोलकर्ता	288
जनस्वास्थ्यका	288
ज्वालाले	288
डिस्क	288
ढुंगानाको	288
थापासँग	288
दरवार	288
दिदि	288
दुनिया	288
देखिँदा	288
दोषीमाथि	288
नगराउने	288
पञ्चाङ्ग	288
पठाइयो	288
पशुपतिनाथको	288
पिउनु	288
पिकनिक	288
पुल्चोक	288
पोशाकमा	288
फाल्गुनन्द	288
भागबाट	288
भोकभोकै	288
मालबाहक	288
व्यहोराको	288
सकौं	288
सचीव	288
समाचारपत्र	288
समुदायसँग	288
सांसदहरूलाई	288
सिटको	288
होमिएको	288
२०२६	288
अन्नपुर्ण	287
अमरगढी	287
आउनै	287
इन्चको	287
उनकाअनुसार	287
कलेजबाट	287
क्वारेन्टाइनको	287
गतिविधिका	287
गुमायो	287
चराउन	287
छताछुल्ल	287
जुगल	287
जेसीजका	287
ज्ञवालीलाई	287
टोलि	287
डाक्टरहरुले	287
ढुंगेलले	287
ताल्चा	287
नाकाबन्दीको	287
निरु	287
पाएमा	287
प्रताडित	287
बार्सिलोनालाई	287
बाल्न	287
भइन्छ	287
भित्ता	287
मन्त्रिपरिषद्का	287
माइतीघरमा	287
मोक्तानले	287
यसक्रममा	287
लगी	287
लमजुङमा	287
व्यतित	287
श्वेता	287
संकटा	287
सत्रको	287
समातेको	287
समाबेश	287
सम्बोधनको	287
सोधेँ	287
स्वेच्छिक	287
ह्वीप	287
१०२	287
13	286
अझैं	286
अवधारणामा	286
अवधी	286
इण्डिया	286
काउण्टर	286
कीर्ते	286
कुमारको	286
कोर्ट	286
खडक	286
खानपानमा	286
गणतन्त्रलाई	286
गर्नुभएकाे	286
गर्भनर	286
गान्धीले	286
गुज्रिरहेको	286
गुणस्तरका	286
जनमतको	286
जीविका	286
ठाकुरलाई	286
तत्वहरु	286
तोलामा	286
दर्शकहरु	286
धरातल	286
नेपालगंज	286
न्यायपूर्ण	286
पर्यटकहरुलाई	286
पहिचानलाई	286
पहिरनमा	286
पृष्ठहरू	286
पोखरालाई	286
बनेन	286
बाथ	286
बुझाएपछि	286
बैकुण्ठ	286
भइरहे	286
मत्थर	286
यातायातमन्त्री	286
रुपान्तरणका	286
वरिपरिका	286
वर्षापछि	286
वैशाखको	286
श्रेष्ठसँग	286
सदस्यहरूमा	286
समालोचक	286
समेट्छ	286
सलमानले	286
सुनियोजित	286
हकहितका	286
अष्ट्रेलियाले	285
असारे	285
उपराष्ट्रपतिको	285
उपहास	285
कालिमाटी	285
खाडीमा	285
जिल्लाले	285
तिनीहरु	285
थाइल्यान्ड	285
धेरैभन्दा	285
नम्बरका	285
नुहाउन	285
पञ्चमी	285
पूर्णिमाका	285
पोहोर	285
बत्तीको	285
बाढीबाट	285
बार्सिलोनामा	285
बेबी	285
भेटेपछि	285
मड्रिडले	285
मस्को	285
माथेमा	285
मोहना	285
रनर	285
रिटको	285
रुपैयाँसम्मको	285
लघुवित्तले	285
लाग्दैनन्	285
लिपि	285
लुकेका	285
लोन	285
विराटनगरले	285
शंकाको	285
संशोधनमा	285
संस्थानहरू	285
सबस्टेसन	285
सम्मानपत्र	285
सहायताको	285
साँसद	285
साच्चै	285
साधारणसभाको	285
सीताको	285
स्थानलाई	285
हडताल	285
अटेरी	284
आप्रवासन	284
आमसञ्चार	284
एकैदिनमा	284
एप्लिकेसन	284
कहिलेकाही	284
कार्ल	284
किचलो	284
गङ्गा	284
गराइनेछ	284
ग्रहको	284
घट्दा	284
चाहनालाई	284
चाहन्न	284
छन्द	284
जगदीश	284
थपिन्	284
थिमि	284
दासको	284
दिनसक्ने	284
नसा	284
निरौलाको	284
पाहुनालाई	284
पूर्वतर्फ	284
प्रतिक्षामा	284
प्रयासबाट	284
प्रिपेड	284
फैसलापछि	284
बाबुआमा	284
बुढीगण्डकी	284
बेस्सरी	284
भेटिएकी	284
मनस्थिति	284
मातहतको	284
मिक्लाजुङ	284
मिटिङ	284
रत्नपार्क	284
राजदूतले	284
विशिष्ठ	284
संस्कृती	284
सानोतिनो	284
सार्दै	284
सिवाकोटी	284
सिसिटिभी	284
सुखद्	284
सूचीबाट	284
सोझा	284
हकदार	284
हमलाको	284
हालैका	284
हुँदैन्	284
०८१	284
!!!	283
अनुरोधमा	283
अपनाएका	283
अर्थशास्त्र	283
उठे	283
उत्रेका	283
उद्घाटनका	283
उर्फ	283
कमान्डर	283
केशब	283
क्षत्री	283
खम्बा	283
खल्तीमा	283
गाडिएको	283
चाङ	283
चार्ल्स	283
ट्यालेन्ट	283
तथ्याङ्कअनुसार	283
तरङ्ग	283
दावि	283
दिइ	283
दूर	283
नेपालीहरूलाई	283
पार्टीगत	283
पिपुल्स	283
प्रभाकर	283
प्रसारमा	283
फोटोहरू	283
बंगुर	283
बढाउलान्	283
बिताइरहेका	283
भन्दापनि	283
भुर्तेल	283
मस्जिदमा	283
मानसरोवर	283
माल्यार्पण	283
मुद्रास्फीति	283
मेसु	283
राठौरले	283
ललितकला	283
लिड	283
विज्ञले	283
विद्युतिय	283
श्रीवास्तवले	283
सफ्टवेयरको	283
सेलुलर	283
सोमपाल	283
स्याङ्जाका	283
हत्यापछि	283
हलिया	283
हावाले	283
होइनौं	283
०६४	283
YouTube	282
अनुराग	282
इन्द्रावती	282
उठ्नु	282
ओसार	282
कलाकारहरू	282
किलोवाट	282
कृष्णहरि	282
केराउ	282
खडका	282
खातुन	282
खोलिएका	282
घेरिएको	282
चश्मा	282
चैतदेखि	282
जिउ	282
जोगाउनु	282
टेबलमा	282
दशरथचन्द	282
देशहरुको	282
ध्येय	282
नेपालगञ्जको	282
पदोन्नति	282
पाउन्ड	282
पाकेको	282
पिएर	282
प्रतिष्ठाको	282
फागु	282
बक्समा	282
बली	282
बालकले	282
बैंकहरू	282
बोल्नुभएको	282
भण्डारीसँग	282
भीडमा	282
मण्डललाई	282
मनाङले	282
मनि	282
मनोरञ्जनका	282
मलेसियाले	282
मिले	282
रणबहादुर	282
लागेकाे	282
लिइसकेका	282
वडाध्यक्षको	282
विज्ञापनको	282
विवरणअनुसार	282
शपथग्रहण	282
संक्रमितहरु	282
संघर्षरत	282
सदनलाई	282
समझदारीमा	282
समूहबीच	282
साम्राज्य	282
हराउदै	282
हीरा	282
हेरिन्छ	282
1xBet	281
one	281
आनन्दमोहन	281
आभारी	281
आमसभा	281
आलिया	281
उडाएको	281
उद्धेश्य	281
एजुकेसन	281
केन्द्रसम्म	281
क्रान्तिमा	281
क्लवको	281
खर्चका	281
गरिदिन्छ	281
चलचित्रकर्मी	281
टेकुमा	281
ठोक्किएर	281
ढुवानीमा	281
ताप्लेजुङमा	281
पछ्याउन	281
पाइन्न	281
प्रवल	281
बचाउँछ	281
बनाइनेछ	281
बहराइन	281
बिडम्बना	281
बैंकहरुलाई	281
भरुवा	281
मुख्यमन्त्रीका	281
राजाका	281
लगाइरहेका	281
श्रमिकका	281
सम्बन्धले	281
सीपको	281
स्रोतसाधन	281
स्वागतमा	281
his	280
अठार	280
अतिथिका	280
अध्यनरत	280
अपमानजनक	280
आरक्ष	280
उनीहरूबीच	280
कम्यूनिष्ट	280
क्यानको	280
गराइन्	280
गरिरहेकाले	280
गरीरहेका	280
गायत्री	280
घण्टामै	280
चापीय	280
डिल्लीबजार	280
डोल्पामा	280
ड्युटीमा	280
तिम्सिनाले	280
धन्न	280
नाउँ	280
निकायहरू	280
परिक्षामा	280
परोपकार	280
पाचौं	280
पाठशाला	280
पुगोस्	280
फाँट	280
फागुनको	280
फुटबलर	280
फ्रिक्वेन्सी	280
भेद	280
मध्यपश्चिम	280
मानौँ	280
मिचेको	280
मिथ्या	280
योगीले	280
लगइन	280
लिन्छु	280
लिम्बूको	280
वर्चस्व	280
विपक्षीको	280
विमानस्थललाई	280
सकेनौँ	280
सन्चो	280
सिध्याउने	280
सुनसरीले	280
हिँड्दै	280
हुनसक्छन्	280
०६२	280
१९९३	280
२०४२	280
Android	279
अखाद्य	279
अटल	279
अटोमोबाइल	279
अनुरुपको	279
अपारदर्शी	279
अभिनयको	279
अभिभारा	279
आइडलको	279
आश्चर्यचकित	279
उद्धघाटन	279
एकिकरण	279
एयरलाइन्सका	279
ऐरी	279
कृष्णपुर	279
केराको	279
गएकोमा	279
गरुन्	279
गोपनियताको	279
चरिकोट	279
छन्त्याल	279
झेल्दै	279
डोनल्ड	279
तापक्रममा	279
थलिएको	279
दुईदिने	279
धर्मपत्नी	279
नरहेकाले	279
नोटिस	279
न्युरो	279
पाको	279
प्रदर्शनकारी	279
प्रर्वद्धन	279
प्रशंसक	279
फोहोरी	279
बर्खामा	279
बाँचेका	279
बिक्रीवितरण	279
बिग्रने	279
ब्राजिलियन	279
भल्भ	279
मदिराको	279
मागहरू	279
माटोले	279
मारे	279
यताउता	279
राणालाई	279
वनाउने	279
वस्ने	279
वाइन	279
समतामूलक	279
साहु	279
हतारो	279
हाँस	279
१०६	279
अनियमितताको	278
अनेरास्ववियू	278
अशुभ	278
असाेज	278
आचारसंहिताको	278
कती	278
कृपा	278
खोस्ने	278
गणनामा	278
गराउनेछ	278
गर्दैगर्दा	278
घटनास्थलबाट	278
छेउको	278
जयप्रकाश	278
जर्मनीका	278
जीवनबहादुर	278
ज्वाइँ	278
टेम्पो	278
ड्राइभिङ	278
तिहाईको	278
थानकोट	278
दसैँमा	278
दिमागलाई	278
नतिजाको	278
पठाइसकेको	278
प्रभुको	278
प्रायजसो	278
फर्काएको	278
बोल्छन्	278
भूपेन्द्र	278
महासचिवको	278
यत्रतत्र	278
यिनलाई	278
रोजेका	278
रोपाई	278
लक्ष्मणलाल	278
वरिपरी	278
वाहिर	278
विद्यालयहरू	278
व्यबस्था	278
श्रीधर	278
संलग्नतामा	278
संवाहक	278
सप्लाई	278
सम्बाहाम्फे	278
सीमानाका	278
सेयरमा	278
स्मार्टफोनको	278
अधिवेशनका	277
असंलग्न	277
आरक्षणको	277
उनीहरूकै	277
उसैलाई	277
काँग्रेसबाट	277
क्यारे	277
गृहपृष्ठ	277
चोटका	277
जंगबहादुर	277
जीवनराम	277
जीवनसँग	277
टुडे	277
थापाथली	277
दुवैतर्फ	277
धैर्यता	277
नागरिकहरूले	277
पच्चीस	277
पञ्चेश्वर	277
पत्रकारहरुसँग	277
परीक्षार्थी	277
पोर्चुगलले	277
प्रतिपादन	277
प्रभातफेरी	277
प्रयोजन	277
प्रसारित	277
फस्ने	277
फिचर्ड	277
बचाउनु	277
बढीलाई	277
बिबाद	277
ब्राजिलका	277
मख्ख	277
मिलाएका	277
मेरिल्याण्डमा	277
मेहताले	277
म्याक्स	277
यतिमात्र	277
यिनका	277
रक्तसञ्चार	277
लालपूर्जा	277
लिगामा	277
संरचनात्मक	277
समता	277
सुचनाको	277
हरिया	277
हुनेहरुमा	277
११३	277
१७५	277
अचल	276
आचार्यका	276
उतार	276
एकैचोटि	276
एन्फाको	276
करोडौंको	276
कुहिएको	276
गुरूङले	276
गुलियो	276
गोपी	276
गोबर	276
चिसोका	276
चौधरीका	276
डटकमका	276
तामाको	276
दवाब	276
नगरकोट	276
नेटवर्कको	276
पंकज	276
पहिचानमा	276
प्रणय	276
फर्जी	276
फाइभजी	276
बिवाद	276
भन्या	276
मेसिनरी	276
रास्वपाले	276
लम्सालको	276
वारपार	276
विषयवस्तुमा	276
वीरगन्जको	276
व्यवहारलाई	276
शहरहरुमा	276
शाखाहरु	276
समितिमार्फत	276
सुचीमा	276
सुर्खेतबाट	276
सेनेटरी	276
सोमबारबाट	276
स्तरोन्नतिका	276
स्वीकारेका	276
Pvt.	275
असन्तुष्टी	275
अहिलेपनि	275
इजलासको	275
उस्ले	275
कसूरमा	275
खोपले	275
गरिवी	275
जलाएको	275
जोन्सन	275
जोरपाटी	275
तनाब	275
त्रिपुरासुन्दरी	275
दाहालसँग	275
दिएकै	275
दिदीले	275
दोहोरिन	275
नगरिने	275
नपर्न	275
नातेदार	275
नियमहरु	275
निराधार	275
पाइसकेको	275
पूर्वसभामुख	275
प्रर्दशनी	275
फूटबल	275
बगिरहेको	275
बहिरा	275
बिचल्ली	275
बिहानी	275
बोहराको	275
ब्राण्डको	275
भयरहित	275
भाटभटेनी	275
मार्गबाट	275
मिल्दो	275
मुस्ताङका	275
मेन	275
याचना	275
रहेछन	275
राष्ट्रीय	275
संकुचन	275
संयोजकको	275
संरचनाका	275
सम्पत्ती	275
सिर्जनाको	275
सुखको	275
सुपरहिट	275
२०३४	275
If	274
अनलाइनबाटै	274
अाज	274
उपत्यकासहित	274
उपस्थितिले	274
ओहो	274
कट	274
कामसमेत	274
केन्द्रदेखि	274
गरिराखेको	274
गृहमन्त्रालयले	274
जनकपुरका	274
जलाशय	274
जितु	274
टीमले	274
ठम्याइ	274
डिलमा	274
ड्राफ्ट	274
त्यतिबेलाको	274
दिन्न	274
नवगठित	274
नवीनता	274
नीतिहरू	274
पढाइको	274
पत्तै	274
पसलका	274
पाटनले	274
पुग्नका	274
पूर्वसांसद	274
पेशाले	274
प्रेरणाको	274
बिक्रीबाट	274
बेचविखन	274
बेलुकाको	274
ब्यापारी	274
मनसुनी	274
मन्त्रिपरिषद्बाट	274
मस्र्याङ्दी	274
लेकाली	274
व्यवसायले	274
शौचालयमा	274
सत्ताबाट	274
समालोचना	274
हाइब्रिड	274
१९७०	274
अनुशरण	273
अभिकर्ता	273
आउँदैनन्	273
आश्चर्यमा	273
इटालीको	273
उद्घाटनमा	273
उपनाम	273
ओछ्यान	273
कसैबाट	273
कामहरुको	273
कार्यकर्ताहरू	273
खस्यो	273
खेलाडीहरूले	273
गरुडा	273
घ्यू	273
जमाना	273
डकुमेन्ट्री	273
तनावको	273
तालिमले	273
तिर्थ	273
दिन्छौँ	273
नागार्जुन	273
निकाला	273
नेताहरुका	273
परिसरको	273
पशुको	273
पाउनुहुन्छ	273
पार्वत	273
प्लाजा	273
बन्ला	273
भवनका	273
भाँडो	273
भूमिकाका	273
भ्रष्टचार	273
मतलव	273
मनै	273
मागिएको	273
मृत्युलाई	273
रहेमा	273
रोजाईमा	273
विधार्थी	273
सुन्तलाको	273
हेर्दाहेर्दै	273
होडबाजी	273
अनुभवका	272
अनुसन्धानपछि	272
अस्थाई	272
उपायको	272
कपडामा	272
कार्यस्थलमा	272
क्वाटर	272
खोपका	272
गरिँदा	272
गु	272
चर्पी	272
जाँचको	272
दिपावली	272
नेहा	272
पुछारमा	272
पुरिएका	272
प्रकोपको	272
प्राविधिकको	272
फर्कदै	272
फर्काएका	272
बंगलादेशसँग	272
बसोबासको	272
भण्डाफोर	272
महानगरपालिकालाई	272
मुख्यमन्त्रीलाई	272
रङ्गशालामा	272
रातदिन	272
रेसियो	272
ल्याव	272
वचनहरू	272
वहस	272
विश्वासिलो	272
वेलामा	272
शब्दलाई	272
संवादको	272
सविना	272
सागको	272
साझेदारीको	272
सुझाएको	272
सुझावहरु	272
स्प्रे	272
हाट	272
हुँदैमा	272
हेरौ	272
अंकुश	271
अनशनरत	271
अर्जेन्टिनी	271
कार्यक्रमहरूमा	271
किन्नु	271
गडबडी	271
जातिलाई	271
ट्रयाक्टर	271
नपाउनु	271
परदेश	271
पोर्चुगलका	271
प्रदर्शनलाई	271
प्रस्तावका	271
बालविकास	271
बुढीगंगा	271
बोल्छ	271
ब्याजको	271
भुटानको	271
मसाज	271
मिल्दा	271
लोभलाग्दो	271
विमानले	271
समुदायस्तरमा	271
साेमबार	271
सिन्धु	271
स्वतन्त्रताका	271
हमाललाई	271
अस्ट्रेलियाले	270
आईप्याड	270
उदाउँदो	270
एकजनाले	270
औपचारिकता	270
किनारको	270
किरिया	270
केका	270
गर्नुप	270
गर्नुस	270
गार्डेन	270
गिटी	270
गुलाब	270
चित्तबुझ्दो	270
जनआन्दोलनको	270
जोर्नी	270
झापाबाट	270
तोड्दै	270
दुख्छ	270
नदीबाट	270
नन	270
नामै	270
नेपालगन्जका	270
परिक्षणका	270
पोल्ने	270
पोस्टमार्टम	270
ब्यास	270
मार्केटमा	270
मृत्युदण्डको	270
मोटोपन	270
राता	270
रीता	270
लाहुरे	270
लुकिछिपी	270
वजे	270
वायरलेस	270
वृद्धिले	270
संविधानसभाले	270
सजगता	270
सरकारमाथि	270
सिरहाका	270
सीआईबीले	270
हाउसले	270
हालैको	270
१०औं	270
९००	270
अकालमा	269
अल्पसङ्ख्यक	269
आवागमनमा	269
ईश्वरप्रसाद	269
कस्को	269
कागेश्वरी	269
क्रियाकलापलाई	269
घन्टाको	269
घरबास	269
चाम्लिङ	269
चिकित्सकहरूले	269
झट्का	269
टेप	269
ठाउँहरूमा	269
तलका	269
ताम्राकार	269
त्यसविरुद्ध	269
थर्ड	269
थाप्न	269
देखें	269
नेपालभित्र	269
परामर्शमा	269
पारा	269
प्यारा	269
प्रतिसत	269
बेहोर्नु	269
भएपनी	269
मन्त्रीहरूको	269
यहाँले	269
राजस्थान	269
लडाकू	269
लाखका	269
विनाको	269
विभत्स	269
शरणार्थीको	269
शेयरमा	269
संस्थाहरूमा	269
सञ्चारमाध्यमहरुले	269
सीपी	269
हतियारसहित	269
हिँडिरहेको	269
हेलिकोप्टरबाट	269
अकस्मात	268
अधिकारीहरुलाई	268
अपग्रेड	268
अफ्रिकाका	268
अर्धशतक	268
अलैँची	268
अशान्ति	268
उपयोगमा	268
एमबिबिएस	268
कामप्रति	268
क्रिस्टल	268
गरिदिएपछि	268
चरित्रमा	268
टोकन	268
तालमेलको	268
त्यतातिर	268
दिनुपर्दछ	268
दिपा	268
द्वन्द	268
धुम्बाराहीमा	268
नआएका	268
निर्जीवन	268
नेपालकाे	268
पछुतो	268
पर्नुपर्ने	268
पुरुषहरू	268
पूँजीको	268
फुलेको	268
फोनबाट	268
बनाउँछौं	268
बाकस	268
बोलाई	268
मूलधारमा	268
यसकै	268
योग्यताको	268
यौँ	268
वर्षभित्रमा	268
शिवम्	268
सदनबाट	268
साडी	268
स्थानीयबासी	268
हिडेर	268
हुनेछु	268
?"	267
publish	267
अध्यादेशको	267
अर्कामा	267
आइटम	267
आपत्ती	267
आर्सनल	267
आवश्यकतामा	267
उपलब्धिलाई	267
कमजोरीका	267
कमिटिका	267
कर्फ्यू	267
क्यारियर	267
गृहसचिव	267
घरसम्म	267
चौलागाई	267
जालझेल	267
ताका	267
धनि	267
नगरभित्रका	267
नजिकैबाट	267
नपर्ला	267
नपुगी	267
निक	267
निस्कियो	267
पछ्याएको	267
पत्रपत्रिकामा	267
पश्चिमबाट	267
पहारी	267
पुँजीवाद	267
पूरानो	267
पूर्णपाठ	267
प्रतियोगी	267
प्रतिवेदनमाथि	267
प्रतीक्षामा	267
फजुल	267
बनाउ	267
बिबिध	267
भेरियन्टको	267
भ्याक्सिनको	267
मनाउनु	267
मानिससँग	267
मितेरी	267
युएस	267
रिकभरी	267
लगानीकर्ताहरुले	267
लज्जित	267
लालीगुराँस	267
लेदो	267
वेल्स	267
व्यापारलाई	267
शरणमा	267
श्रमिकहरुको	267
संस्कृतिले	267
साहारा	267
साहुले	267
सुनुवारले	267
हस्तक्षेपको	267
हुस्सु	267
SEO	266
अखबार	266
अफ्रिकन	266
अवार्डबाट	266
आस्थाका	266
करिडोरको	266
कहि	266
किरातीले	266
खोर	266
गणपति	266
गैरहेको	266
घिसिङको	266
चालीस	266
जनाकाे	266
जन्मजयन्ती	266
जरो	266
टाढै	266
टावरको	266
तनावपूर्ण	266
त्रिविका	266
थाती	266
थालें	266
नेविसंघले	266
पढेपछि	266
परिस्कृत	266
पाउनेमा	266
पोर्ट	266
बाल्यकालमा	266
बुद्धका	266
ब्यवस्थित	266
भनौ	266
भिडियाे	266
मरेर	266
मित्रराष्ट्र	266
रचनाहरू	266
रुकुमको	266
रेस्पोन्स	266
लक्ष्यलाई	266
ल्याएकी	266
सदाको	266
सम्भावनाहरू	266
सहमतिमै	266
सिद्धिचरण	266
सिन	266
सुट	266
स्टोरेज	266
३२५	266
अखडा	265
आर्मीको	265
आलमले	265
उपाधिको	265
कोरोनासँग	265
गर्थें	265
चि	265
जितपुर	265
टाउन	265
ठेस	265
ताप	265
थोमस	265
नतिर्ने	265
पुलिसको	265
प्रतियोगीता	265
प्रतियोगीतामा	265
फूलबारी	265
बंगलादेशलाई	265
बन्नेछन्	265
बेहुली	265
भेटपछि	265
मनोनयनमा	265
महावीर	265
महिलासहित	265
रकमसहित	265
रबिन	265
लडिरहेको	265
ल्याटिन	265
शिल	265
सोचलाई	265
हिमालमा	265
अन्तरक्रियात्मक	264
एकतापछि	264
ओपिडी	264
कहिलै	264
कोभिडले	264
खोरमा	264
गार्हो	264
जहाजलाई	264
ट्याप	264
तहमध्ये	264
तिनीहरुलाई	264
तीनजनाको	264
त्रुटिपूर्ण	264
दिवसलाई	264
प्रतिभाको	264
प्रतिभालाई	264
प्रदर्शनीको	264
फाईल	264
फिजिसियन	264
बगान	264
राइड	264
रिपोर्टले	264
लेखको	264
लोकनाथ	264
वरिपरिको	264
वातावरणमन्त्री	264
विभूषण	264
वैज्ञानिकले	264
व्यवसायीसँग	264
सबेरै	264
सहजरुपमा	264
सालमै	264
सिपाही	264
स्वरूपमा	264
Leave	263
अपर्याप्त	263
आइरहने	263
आफूसँगै	263
उनीहरूमाथि	263
एआइजी	263
एका	263
एकान्त	263
कम्प्लेक्स	263
कलह	263
कलामा	263
कुराबाट	263
कुशलतापूर्वक	263
गारो	263
गोलबाट	263
घार	263
चालेका	263
चिर्दै	263
चौध	263
जर्मनीले	263
डिनर	263
डेली	263
तस्वीरहरु	263
तिमि	263
दिमागको	263
दृश्यहरू	263
देखिरहेका	263
दोर्जे	263
निर्मूल	263
निस्किन	263
पालनपोषण	263
पिन	263
पुसको	263
पोर्चुगलको	263
फोहोरलाई	263
बराबरका	263
बाँडिएको	263
बिश्वकर्मा	263
बैकले	263
बोल	263
भनेझैं	263
भवनलाई	263
भोग्नुपर्ने	263
मार्जिन	263
मुख्यालयमा	263
मौजुदा	263
राख्छौं	263
लगाउँछ	263
लिईएको	263
लिटिल	263
सङ्ग्रहालय	263
समाजवादीमा	263
सरहको	263
सर्बोच्च	263
सहभागीलाई	263
सामानमा	263
अधुरै	262
उकास्ने	262
उपमहानगरको	262
एन्टोनियो	262
एम्बुलेन्सको	262
कार्यक्रमहरुको	262
खुल्दै	262
खेल्छन्	262
खोसिएको	262
गरीने	262
गोलअन्तरले	262
घरपरिवारको	262
ठट्टा	262
ठानेका	262
तस्वीरमा	262
त्यतिवेला	262
दोरम्बा	262
नाप	262
निर्देशनअनुसार	262
निर्माणपछि	262
पदाधिकारीहरुलाई	262
पदाधिकारीहरू	262
पाउदा	262
पुँजीवादको	262
प्यास	262
प्रदर्शित	262
प्लेटको	262
बगैँचा	262
बराह	262
बाहिरिन	262
भे	262
मतसहित	262
रिमोट	262
रोके	262
रोहवरमा	262
लोकसभा	262
ल्याबमा	262
शेर्पालाई	262
संविधानसभाका	262
समथर	262
सहायतामा	262
साम्राज्यवाद	262
सूचीकरण	262
होटलबाट	262
होलीको	262
’-	262
अनुयायी	261
अन्धकारमा	261
अरुणा	261
आउनुअघि	261
एकेडेमीको	261
कम्प्युटरको	261
कश्मीर	261
कुन्नि	261
खड्काका	261
खोज्नुपर्छ	261
गराइसकेको	261
गहतराज	261
गाउपालिकाको	261
गुणराज	261
जनताकै	261
जलाएर	261
जेनतेन	261
जेसी	261
टाँसेर	261
ट्याटु	261
डोल्पाको	261
तथ्यमा	261
तुवाचुङ	261
दसैँको	261
देख्नुभयो	261
देशभरको	261
नबढ्ने	261
नम्र	261
नाबालक	261
पकाएको	261
पन	261
प्रदेशसभाले	261
प्रयोजनमा	261
बचाउनका	261
बनाउनुभएको	261
बाउ	261
बाले	261
बुढानिलकण्ठ	261
बेलडाँडी	261
बोलाउनु	261
भुइँ	261
माक्र्सवाद	261
मागेपछि	261
म्यानमारको	261
यात्रुहरुलाई	261
रहेसम्म	261
लगानीबाट	261
लाभग्राही	261
वस्त्र	261
विघटित	261
विधाको	261
समाधानहरू	261
सिन्धुलीमा	261
सूचीको	261
स्क्रीन	261
16	260
अन्डा	260
अन्तरविरोध	260
अमात्य	260
आज्ञा	260
आषाढ	260
इङ्लिस	260
एमडी	260
काट्दै	260
किड्नी	260
किमार्थ	260
कुर्मी	260
क्यानडाको	260
खड्गी	260
खोई	260
गतिलाई	260
गोविन्दप्रसाद	260
चेम्जोङ	260
जमर्को	260
जिम्मामा	260
जिरी	260
जेलेन्स्कीले	260
जोडिन्छ	260
ठाकुरबाबा	260
डच	260
तत्त्व	260
तालिवान	260
नबुझेर	260
नवलपुरका	260
पाँचथरका	260
पुकार	260
पुर्वी	260
प्रदेस	260
फलेवास	260
बढन	260
बल्खु	260
बहुदल	260
बाध्यताको	260
मजबुद	260
मेसिनले	260
यसरि	260
रोहबरमा	260
लम्की	260
विराज	260
विषयहरूमा	260
वैशाखदेखि	260
शुक्रबारसम्म	260
सचिवालयलाई	260
सेटअप	260
स्वीकृतिको	260
हामीमाथि	260
ॐ	260
२०४०	260
अपूर्ण	259
आएकै	259
आन्दोलनकारी	259
कविले	259
कार्यविभाजन	259
गियर	259
गिरोहले	259
गुप्ताको	259
छोडिएको	259
जन्मदर्ता	259
ट्रेन	259
ठ	259
दिदैन	259
दिलाएको	259
नलगाई	259
निद्रामा	259
नियमले	259
नैसर्गिक	259
न्यायाधीशलाई	259
पत्रिकाका	259
पृष्ठभूमिका	259
प्रकरणले	259
प्रकृतिमा	259
प्रमाणपत्रको	259
बग्न	259
बनाउनमा	259
बिहानसम्म	259
भट्टराइले	259
मिक्सिङ	259
यावत	259
राजावादी	259
राष्ट्रव्यापी	259
रुरु	259
लुटेर	259
वर्षमाथिका	259
वस्तुहरुको	259
शिवमाया	259
संखुवासभाको	259
सीमाभित्र	259
सुकुम्वासी	259
सोच्छन्	259
स्थानहरू	259
स्वीकृतिका	259
हारेका	259
अन्तरजातीय	258
इटालीमा	258
इसेवा	258
उद्योगमन्त्री	258
कलिला	258
कार्यालयहरू	258
कृष्णराज	258
कोणसभामा	258
क्यान्सरबाट	258
गणका	258
जनकपुरधामको	258
जयनगर	258
जीवनले	258
तेलमा	258
नहट्ने	258
पञ्चवर्षीय	258
परिक्षणमा	258
प्रभा	258
प्रविधिहरू	258
प्रावि	258
फगत	258
बम्पर	258
भाकल	258
भागहरू	258
भावले	258
महानगरलाई	258
मिट	258
मीठा	258
यूरोप	258
वर्षौदेखि	258
सवारीका	258
साम्पाङले	258
हराभरा	258
अंगको	257
असमझदारी	257
इरानमा	257
उताबाट	257
उद्योगपति	257
एकदुई	257
कस्मेटिक	257
कुशे	257
कोखबाट	257
क्लबबाट	257
गरिमामय	257
गोले	257
चना	257
चारवटै	257
छिरेर	257
जनायो	257
जम्ने	257
डडेलधुरा	257
डिपोजिट	257
ढल्केबर	257
तोडेको	257
देवानी	257
नगरौँ	257
नर्सको	257
न्यूनीकरणमा	257
पहिलेभन्दा	257
पानि	257
पुर्नस्थापना	257
प्रजनन्	257
फ्याट	257
बबिता	257
भरखरै	257
भागवत	257
भेट्टाउन	257
भैसक्यो	257
मरासिनीले	257
मानब	257
मिनेन्द्र	257
मोबाइलबाट	257
म्यान्चेस्टर	257
यसैकारण	257
याउँछ	257
लाखौंको	257
संघबाट	257
सक्कल	257
सताएको	257
साठी	257
सिपालु	257
हेरेँ	257
ह्युमन	257
18	256
अगुवाई	256
अधिकारसम्बन्धी	256
अपरेटिङ	256
आपूर्तिकर्ता	256
उभ्याउन	256
एसियाकै	256
कामकारबाही	256
कुलेखानी	256
गाडीबाट	256
गाला	256
ग्राहकका	256
चले	256
चाहनु	256
चौलागाईं	256
च्यापेर	256
जनतामाथि	256
जनपक्षीय	256
तानाशाह	256
तोकिए	256
दरबन्दीमा	256
नगरलाई	256
नरसंहार	256
पल्टिएको	256
पानीबाट	256
प्रशिक्षणका	256
बागेश्वरी	256
बिग्रियो	256
बूढो	256
बैङ्कमा	256
भगिनी	256
भु	256
मनलाग्दी	256
मापदण्डका	256
म्यानमारमा	256
रोनाल्डोलाई	256
लडे	256
लेन्स	256
वढि	256
व्यक्तित्वलाई	256
श्रीनगर	256
सपनाहरू	256
सातदोबाटो	256
सिसी	256
सुनिने	256
सुब्बाको	256
स्वाथ्य	256
हप्तापछि	256
Shopify	255
अगाडिदेखि	255
अरबमा	255
अल्पविकसित	255
इंग्ल्यान्ड	255
एसीसी	255
कठघरामा	255
कथानक	255
कनेक्टिभिटी	255
किमले	255
किलोको	255
क्वार्टरफाइनलमा	255
क्षमतावान	255
खसेका	255
गरिबको	255
गोविन्दराज	255
घिमिरेका	255
छाड्नु	255
छोपी	255
टिप्ने	255
टोकियोमा	255
तिजको	255
दुबईबाट	255
देशी	255
नयाँनयाँ	255
पत्रका	255
पन्तलाई	255
पुलिसलाई	255
प्रभाग	255
फिफाले	255
फ्रेम	255
बागडोर	255
बीमालेख	255
बेलाबखत	255
बोरिङ	255
भागे	255
माइल	255
माओवादीबीच	255
मापदण्डहरू	255
मुरी	255
मुल्याङ्कन	255
राजवंशीले	255
राष्ट्रसङ्घीय	255
विद्यालयहरुको	255
संदेश	255
संवेदनशीलता	255
सुरुङमा	255
हाने	255
हिमा	255
होसियार	255
अच्युत	254
अनुष्का	254
आग्रहलाई	254
आर्कषण	254
ईन्द्र	254
उत्पाद	254
उप्रान्त	254
एकभन्दा	254
ओखर	254
कंडेलले	254
कलश	254
काठमाडौंमै	254
कालिगण्डकी	254
कृतिमा	254
गल्याङ	254
चलचित्रबाट	254
चेन्नई	254
छस्	254
छाप्न	254
तपाइँका	254
दादागिरी	254
दिमागले	254
दुर्गन्धित	254
नगरीकन	254
नहरको	254
निर्णयसमेत	254
परिसकेका	254
पिठो	254
पुडासैनीले	254
पुर्याई	254
प्रयासहरु	254
बहिर्गमन	254
बितिसकेको	254
बिरामीहरू	254
मनसायले	254
मनोवृत्ति	254
मिरा	254
मेमोरी	254
यार	254
रोकिएन	254
लड्दा	254
लागिपर्ने	254
विनम्र	254
विलियम	254
विश्वासले	254
वृष	254
संझौता	254
सडकहरु	254
सम्मेलनबाट	254
सोच्नुहोस्	254
स्तरोन्नतिको	254
हराइरहेका	254
हाइलाइट	254
हाउसका	254
हान	254
१९९१	254
अम्बर	253
अरेबिया	253
अहँ	253
आइडी	253
आलमलाई	253
आलोचनाको	253
इद	253
कपुरकोट	253
कमजोरीलाई	253
कार्यनीति	253
कार्यसमितिलाई	253
केसीसँग	253
केहीदिन	253
क्यालिफोर्नियामा	253
क्रान्तिकारीले	253
खचाखच	253
खसीको	253
खोक्रो	253
गरिएकामा	253
गहिराइमा	253
गोरेटो	253
ग्रेटर	253
चर्काे	253
चैतको	253
चो	253
जहाजबाट	253
जासुसी	253
झापाली	253
डु	253
तल्लिन	253
दुवैका	253
नगरपालिकाभित्र	253
पितृ	253
पूर्वआयुक्त	253
प्रयोगशालाको	253
फ्रेन्चाइज	253
बहिनीले	253
बिजनेश	253
बिसी	253
भित्रि	253
भोटो	253
मङ्लबार	253
मर्माहत	253
महिलाहरुमा	253
मानवताको	253
मिशन	253
रोकी	253
लर्को	253
लोकमान	253
वन्द	253
विधायन	253
शुरूमा	253
संक्रमितमध्ये	253
संस्कृतिविद्	253
सकिंदैन	253
सक्दैनौ	253
सघाएको	253
सयौ	253
सराहनीय	253
सिटिजन	253
सिन्धुलीका	253
सुत्नु	253
स्टाइल	253
अनुपस्थितिमा	252
अर्थतन्त्रले	252
आशमा	252
आह्वानमा	252
इन्सपेक्टर	252
एकेडेमीमा	252
काँडा	252
खिन्न	252
ग्लास	252
चिकित्सकका	252
छटपटी	252
जात्रामा	252
टाइब्रेकरमा	252
ड्रप	252
तत्वको	252
थालिने	252
दलाली	252
दुर्गाबहादुर	252
पहेलो	252
पिताम्बर	252
पोर्न	252
प्रतिनिधिमण्डलले	252
प्रतिशतबाट	252
फ्रेस	252
बाख्राको	252
बिज्ञप्ति	252
भर्सेस	252
भिक्टोरिया	252
मनाइयो	252
मनाङमा	252
मन्त्रालयद्वारा	252
मन्त्रीमण्डल	252
महेन्द्रको	252
योजनामन्त्री	252
योञ्जन	252
लगानीमैत्री	252
विलय	252
विशेषत	252
शैलीले	252
संभावित	252
समाएर	252
समितीले	252
समूहकी	252
सरसफाइको	252
सरूवा	252
सामग्रीलाई	252
सिमान्तकृत	252
सीसीटीभी	252
सोलु	252
स्वभावको	252
हारे	252
हिउँद	252
हिसाबकिताब	252
Mostbet	251
अधिकांशको	251
अभियानकै	251
अमर्यादित	251
आपुर्ति	251
इन्भेस्टमेन्ट	251
उठाइरहेका	251
ओपनिङ	251
कमीकमजोरी	251
कहिलेदेखि	251
कानेपोखरी	251
कृष्णको	251
खुम्चिएको	251
खोटाङमा	251
गुन	251
जगतको	251
जानबाट	251
जिन्दावाद	251
टिन	251
डराएर	251
तेस्तै	251
थुनुवा	251
दर्शनमा	251
दावेदार	251
दुर्भाग्यवश	251
धर्ती	251
नगरभित्र	251
नछोड्ने	251
नपरे	251
नाई	251
पत्नीले	251
परमेश्वरमा	251
परिवर्तनपछि	251
पोलिटब्यूरो	251
प्रकास	251
प्रतिपक्षले	251
प्रल्हाद	251
प्रशिक्षकमा	251
बाँध्ने	251
ब्लु	251
भद्रकाली	251
भाईरल	251
मन्त्रीपरिषद्	251
मर्चेन्ट	251
मार्दै	251
माविले	251
माहौल	251
योङ	251
राख्छु	251
रुघा	251
रूपान्तरणको	251
लगाइन्	251
लगि	251
वजार	251
वर्षसम्मको	251
वहाँको	251
विक्षिप्त	251
विशेषको	251
सत्ताले	251
सम्भाव्य	251
सहकारीबाट	251
सिफारिसका	251
हिड्नु	251
2016	250
अंगीकृत	250
अमुल्य	250
उपयोगिता	250
एक्ला	250
ऐश्वर्या	250
कपालमा	250
कान्तिपुरमा	250
क्याप	250
गणेशको	250
गाँजाको	250
गुगलको	250
गोलबजार	250
गौण	250
चित्रमा	250
झूटो	250
टापुमा	250
डोको	250
थापेर	250
दमाई	250
धर्तीमा	250
नआओस्	250
नियमलाई	250
प्रतिनिधिमण्डल	250
प्रदूषणको	250
प्रभावी	250
बदाम	250
बाँचिरहेका	250
बुध	250
बेग्लाबेग्लै	250
भरपूर	250
भिड्दै	250
मनमुटाव	250
मानन्धरको	250
मेट्रिकटन	250
यसप्रकार	250
ल्याण्ड	250
सञ्चारकर्मीलाई	250
सतही	250
समयानुकूल	250
समस्याहरुलाई	250
सरकारहरूले	250
सहमतिपछि	250
सहिदको	250
स्थानियको	250
हाल्नु	250
०७१	250
?’,	249
You	249
एकताले	249
कठीन	249
कुण्ड	249
खुम्बु	249
गतिविधी	249
गर्नेलगायतका	249
गर्वको	249
चाबहिल	249
टिमसँग	249
ड्रिल	249
तहसम्मको	249
तिमीसँग	249
दलाई	249
दाँतको	249
दुईमा	249
दुरीको	249
नबिन	249
निमुखा	249
निसीखोला	249
पठनपाठनमा	249
फाउण्डेशनले	249
बाटामा	249
बिधान	249
भेषभुषा	249
मंगोल	249
मध्यस्थता	249
मायामा	249
मेनेजर	249
युनाईटेड	249
रक्षात्मक	249
रहेछु	249
राहतमा	249
लाभका	249
विधिमा	249
विलम्ब	249
संग्रहमा	249
सन्चालनमा	249
सन्दीपलाई	249
समितीको	249
सम्वत	249
सरकारसमक्ष	249
सिँचाइको	249
सिरियाको	249
सीजी	249
सुधीर	249
सुर	249
स्वाभिमानी	249
हर्न	249
होटलले	249
२०३२	249
***	248
they	248
अहम	248
उदाहरणहरू	248
उपत्यकाबाट	248
कम्पन	248
कार्यकर्तामा	248
क्लबसँग	248
खनालका	248
गरौंला	248
गुलाबी	248
घर्ति	248
चढेका	248
चिप	248
छलफललाई	248
जितिन्	248
जोगी	248
ज्ञानेन्द्रको	248
झुक्याएर	248
टीकापुरमा	248
ट्रेडमार्क	248
तोरीको	248
दिल्लीले	248
दुईटा	248
नदिइएको	248
नपरेका	248
पथरीशनिश्चरे	248
पर्दैनन्	248
पार्टीहरुले	248
बढाइरहेका	248
बन्दरगाहमा	248
बर्थिङ	248
बहुप्रतिक्षित	248
बागबजार	248
भर्सन	248
भावनाहरू	248
भित्रने	248
महङ्गो	248
मारिया	248
मालिकको	248
यमुना	248
राखिन्	248
लिइएका	248
विदेशिने	248
शुरुवाती	248
संवेदनशिल	248
समयसँगै	248
सरकाले	248
सामाजीक	248
सुसूचित	248
स्कूलको	248
स्थापनाकालदेखि	248
हानेका	248
हेला	248
It	247
if	247
अन्तर्रा्ष्ट्रिय	247
अपचलन	247
आधारहरू	247
उपस्थितिको	247
उर्जाको	247
उलंघन	247
उहाँकी	247
किंवदन्ती	247
कृषकहरुको	247
कोर्टमा	247
खैर	247
घटाइएको	247
चुनावबाट	247
ट्युमर	247
डुबेका	247
तहबाटै	247
थिय	247
देखिंदैन	247
दोर्दी	247
धितोमा	247
नगरिकन	247
निडर	247
पछिपछि	247
परेनन्	247
पूर्वअर्थमन्त्री	247
प्रत्यक	247
प्रभावितलाई	247
प्रस्तावहरू	247
प्रावधानलाई	247
बाख्रापालन	247
बास्कोटा	247
बेच्दै	247
बेहुला	247
ब्यवसायिक	247
भावमा	247
भेटघाटको	247
मलंगवा	247
मिटरमा	247
लाखसम्मको	247
वरुण	247
विचारका	247
सकून्	247
सन्देशहरू	247
सरसफाईमा	247
सिद्धबाबा	247
सिलसिला	247
सुदुर	247
स्टेप	247
स्टेसनमा	247
१३६	247
",	246
>	246
?,’	246
he	246
अनेकौ	246
उत्साहका	246
औषधिले	246
कराँते	246
कर्मको	246
कर्मचारीतन्त्र	246
कलाकारका	246
किसानहरूको	246
कोरियाबाट	246
गौचन	246
चिसोबाट	246
चीनबीचको	246
डडेल्धुराका	246
दर्जी	246
दह	246
पर्खेर	246
बुद्धशान्ति	246
बैद्य	246
बोरिस	246
भुल	246
मकवानपुरगढी	246
मन्त्रालयमार्फत	246
महामारीपछि	246
मात्राको	246
यसप्रकारको	246
यस्तैमा	246
राजदूतावासले	246
राजेन्द्रकुमार	246
रानालाई	246
रिलीज	246
रुमाल	246
लुम्बिनीका	246
लैजाँदा	246
वलीको	246
वहाँ	246
वाह्य	246
शीर्षस्थानमा	246
शोरुम	246
शोषित	246
संगठनहरु	246
संघियता	246
सकिँदै	246
सफलतामा	246
सम्पती	246
सहमतिबाट	246
साम्यवादी	246
सित	246
सुनसहित	246
सेता	246
स्क्वायर	246
स्वाभाविकै	246
हाटबजार	246
हुंदै	246
Related	245
अनुभवहरू	245
अर्जेन्टिनाको	245
आग्रहसमेत	245
आफूविरुद्ध	245
आवाजको	245
आश्रमका	245
कम्पनीद्वारा	245
कोरियालाई	245
क्रूर	245
गाँउपालिकाका	245
घनिष्ठ	245
चुडामणि	245
छिमेकमा	245
जनस्तरबाट	245
जाँदैछन्	245
जापानबाट	245
जोगाउनका	245
झिलिमिली	245
झुन्डिएको	245
टिकाटिप्पणी	245
नागेन्द्र	245
निलम	245
नुनको	245
परनिर्भर	245
परिन्	245
पुस्तकहरु	245
प्रहरीकै	245
प्रेमका	245
फाउन्डेसनको	245
फिड	245
बहुविवाह	245
बालुवामा	245
बिधालय	245
बेकार	245
ब्यबसाय	245
भन्नुस्	245
भीमेश्वर	245
माइक्रोसफ्ट	245
माओले	245
मिलाउँदै	245
मूलभूत	245
रेखाले	245
रोकिन्छ	245
वडाध्यक्षले	245
शिवराम	245
सत्यवती	245
सिन्दुर	245
सुशिला	245
सेलिब्रेटी	245
स्किन	245
हकलाई	245
हाँस्न	245
हावाहुरीले	245
हिन्द	245
No	244
अन्तर्राष्ट्रियस्तरको	244
अर्थसचिव	244
अर्बपति	244
असिस्टेन्ट	244
आंगिक	244
आयोजनाहरू	244
आवासिय	244
उद्घाटनको	244
एथलेटिक्स	244
औंल्याएका	244
औरही	244
कम्युनिष्टको	244
काबुलमा	244
कार्बाही	244
कार्यबाट	244
केदारनाथ	244
कोसँग	244
खाजाको	244
गाईघाट	244
गुमनाम	244
चलाउनुपर्ने	244
चिहान	244
जनसंख्यालाई	244
टाउकोको	244
डीएनए	244
तट	244
तपाईंहरुको	244
थापाथलीस्थित	244
दलकै	244
दुग्धजन्य	244
नसकेकोमा	244
निदाउन	244
निरन्तरताको	244
न्यूयोर्कको	244
पथमा	244
पसलहरुमा	244
पहाडबाट	244
पार्नुहोस्	244
प्रश्नहरुको	244
बटुल्न	244
बर्ग	244
बलिदानी	244
बाँच्नु	244
बाच्न	244
बिरोधी	244
बैठकमै	244
बैसाख	244
भन्नू	244
भिलेज	244
भुसाललाई	244
मतगणनामा	244
मान्दैन	244
मुलुकहरूमा	244
यूएईमा	244
राइले	244
रात्रिकालीन	244
लेखहरू	244
लै	244
विद्यालयहरूमा	244
शङ्कास्पद	244
सरदार	244
सहकार्यलाई	244
सिड्नीमा	244
सुक्न	244
सेञ्चुरी	244
हिंड्ने	244
आउटलेट	243
उडानबाट	243
उद्योगधन्दा	243
एज	243
एल्युमिनियम	243
एसका	243
कतिलाई	243
कन्सेप्ट	243
कर्मचारीमाथि	243
कविताले	243
कामदारहरु	243
कुराहरूलाई	243
खत्तम	243
गरिसके	243
घृणित	243
चक्की	243
जानाकारी	243
टेकराज	243
डब्लुएचओ	243
तीजमा	243
तुलाधरले	243
दम्पतीको	243
दर्ज	243
दशकसम्म	243
दुर्घटनापछि	243
देशैभरि	243
नदेख्ने	243
ननिस्कन	243
नेपालजस्तो	243
नेप्लिज	243
पञ्चकन्या	243
पाइनँ	243
पाटोमा	243
पुर्याउँदै	243
पुर्याउनुपर्ने	243
बाँसुरी	243
बिरुद्धमा	243
बेन्चमा	243
भनेकाले	243
भोजपुरका	243
मखमली	243
मत्स्य	243
मन्दिरबाट	243
मानविकी	243
मान्दा	243
यार्सागुम्बा	243
युवामा	243
रणनीतिका	243
रहरले	243
राजनीतिकरण	243
रिपोर्टअनुसार	243
रोकिन	243
लगानीयोग्य	243
लाईसेन्स	243
वर्षामा	243
वाह	243
श्रीवास्तव	243
सङ्घर्षको	243
सर्वे	243
साथ्	243
स्थानीयबासीले	243
स्वीस	243
१३औँ	243
४५०	243
अध्यादेशमा	242
अप्रत्यासित	242
आक्रोस	242
उजाड	242
काउली	242
क्षेत्रफलको	242
गरिँदैन	242
गाभ्ने	242
घरले	242
जलमग्न	242
जाऔं	242
जानेर	242
जिम्मेवारीलाई	242
झाडी	242
ट्यांकर	242
तन	242
तान्त्रिक	242
त्यै	242
दक्षिणतर्फ	242
दलहरुसँग	242
धरपकड	242
नाकाको	242
नेताबाट	242
पण्डितको	242
पुर्वक	242
प्रसंशा	242
फसाउने	242
बकैया	242
बढ्दैन	242
भोजमा	242
मण्डली	242
मतगणनाको	242
मिलाइने	242
मिलोस्	242
मोना	242
युभेन्टसले	242
रिहाई	242
लगानीले	242
लेडी	242
वर्षअगाडि	242
वृश्चिक	242
शरिरको	242
संघीयतालाई	242
सप्तकोशी	242
सम्वत्	242
सोंच	242
सोध्छन्	242
स्केलको	242
स्थानीयहरुको	242
स्पट	242
स्वायत्तता	242
हकसम्बन्धी	242
हरूको	242
हिसाव	242
७५०	242
आइपुग्छ	241
उठ्दा	241
करणीको	241
करोडपति	241
खद	241
खाई	241
जन्मिने	241
जाँचमा	241
जुनी	241
जोगाएर	241
टिसर्ट	241
दर्पण	241
दलहरूसँग	241
देशभित्रै	241
धन्य	241
धेरैमा	241
नायिकाको	241
नास्ता	241
नेतृत्वसँग	241
परिसंघ	241
पाउँथे	241
पीडितहरुले	241
पुस्तकालयको	241
प्रतिनिधित्वको	241
प्रस्तुतकर्ता	241
फाउन्डेसनका	241
बगाएपछि	241
बजाउँदै	241
बढाउनको	241
बनेपामा	241
बाँडेका	241
बैंकक	241
भक्तबहादुर	241
भविष्यलाई	241
भेग	241
मनोरञ्जनको	241
मेडिसिन	241
याए	241
रविको	241
रायमाझीको	241
रोकथाममा	241
लन्डनमा	241
विधानसभा	241
सम्झाउने	241
सरकारहरुले	241
सारै	241
सावधानीपूर्वक	241
सुरुवाल	241
सोल	241
स्वस्थानी	241
स्वादिलो	241
हाल्यो	241
Nepali	240
अध्यादेशमार्फत	240
आकाशको	240
उथलपुथल	240
एमसीसीलाई	240
कञ्चनपुरकी	240
कुशवाहा	240
कोका	240
खेपिरहेका	240
गरेकि	240
ग्यालक्सी	240
घुमाउने	240
चलाई	240
चापागाईंले	240
चौहानले	240
छोरीका	240
जन्मकैद	240
जयपृथ्वी	240
ज्ञानी	240
झोलुंगे	240
डराउनु	240
तरुल	240
थुनामुक्त	240
दशैको	240
दुईमत	240
दुरीका	240
देशै	240
नागरिकतासम्बन्धी	240
निम्ता	240
पशुपतिमा	240
पाच	240
पापी	240
फोरममा	240
बसन्तपुर	240
बस्नै	240
भेरोसेल	240
भोटिङ	240
मजदुरहरु	240
मार्गचित्र	240
मिसिल	240
यूकेका	240
रहला	240
राक्सिराङ	240
रुपैयाको	240
रोक्यो	240
ललितपुरले	240
वारेन्टी	240
विजेताको	240
विद्यार्थीबाट	240
शुद्धता	240
सन्जाल	240
समन्वयकारी	240
सराहना	240
सर्कल	240
सुजित	240
सेमी	240
११४	240
अग्रस्थानमा	239
अध्यक्षबाट	239
अनसनमा	239
अन्डर	239
अपार्टमेन्टमा	239
आलोक	239
उच्चपदस्थ	239
उत्तेजना	239
उत्सवमा	239
उम्मेदवारहरुको	239
कडाईका	239
कार्यकर्ताहरूले	239
कृतिका	239
केटो	239
गर्जन	239
जनप्रिय	239
जसअन्तर्गत	239
ट्रेन्ड	239
ट्र्याक्टर	239
दवावमा	239
दशैँमा	239
दिनेगरी	239
दियौं	239
द्विविधा	239
निर्भरता	239
न्यायालयमा	239
पुगिने	239
पुराणमा	239
पोल्ट्री	239
प्रेमिल	239
बर्षाका	239
बिन्ती	239
भाउजु	239
भोटेकोशी	239
मात्रमा	239
माध्यमहरुले	239
मिसेस	239
रहयो	239
राशीको	239
रोकिए	239
वाध्यता	239
विपत्	239
संक्रमणमा	239
संख्यात्मक	239
संविधानमै	239
संहिताको	239
सञ्चालकको	239
सवारीसाधनमा	239
सशर्त	239
सिनेमाका	239
सुर्ती	239
स्वर्गिय	239
हिमानी	239
१०७	239
१९९५	239
अधिकारीहरूलाई	238
अध्यावधिक	238
अनुप्रयोगहरूको	238
अलौकिक	238
आकारका	238
आगलागीको	238
आत्मिक	238
आर्थीक	238
इमान्दारिता	238
इराकमा	238
उतिकै	238
उदासीन	238
उपचारार्थ	238
उपसमितिका	238
उहांले	238
एल्बममा	238
कारणको	238
किराँती	238
कोरिडोर	238
कोर्ने	238
कोशीमा	238
गम्भीरता	238
जुलुसमा	238
तत्वले	238
नपरी	238
नागरीक	238
नून	238
परियोजनाहरू	238
पालक	238
पुटिन	238
प्रेमराज	238
फ्लप	238
बस्नका	238
बाँस्कोटाको	238
बुहारीको	238
ब्रिज	238
भैसी	238
मंगलबारबाट	238
माउ	238
मापदण्डलाई	238
मिनटमा	238
लड्डु	238
लिथियम	238
व्याख्यात्मक	238
सन्तानका	238
सरेका	238
सर्वसम्मतिले	238
साजन	238
सुत्दा	238
स्पेनले	238
१३५	238
२४०	238
my	237
अदुवाको	237
अनुशासनमा	237
अन्यमा	237
अबिर	237
अर्जुननरसिंह	237
उपभोक्ताहरु	237
कपडाले	237
कारागारको	237
कार्यक्रमबारे	237
कार्यहरूको	237
कृष्णले	237
खुलाएका	237
चोरीका	237
च्वाइस	237
छोरीहरु	237
डटेर	237
तन्त्र	237
दबाबका	237
दुर्गेश	237
धन्दामा	237
धरै	237
धुमधामका	237
नङ	237
परदेशमा	237
पस्दा	237
पारसले	237
पीडक	237
पुरुषका	237
प्रतिनिधिसभाबाट	237
फाइदाको	237
फालिएको	237
बढाएपछि	237
बनायौं	237
बालुवाको	237
बेफाइदा	237
भजनी	237
भेषमा	237
मासुमा	237
युगल	237
रअ	237
रघुजी	237
लोकमार्गको	237
वर्तमानको	237
विमुख	237
व्यापारीहरु	237
सञ्चारमाध्यमका	237
सन्दीपको	237
सम्झिए	237
साम्प्रदायिक	237
सिनेमाले	237
स्कुलबाट	237
2.	236
Click	236
अपर	236
अवस्थीले	236
असरलाई	236
असुविधा	236
आइपिओ	236
उपशाखा	236
ऊसँग	236
एग्रो	236
एन्फाका	236
कँडेलको	236
करबाट	236
कोणसभा	236
खुबी	236
खेलमैदानमा	236
खोल्नुहोस्	236
गइ	236
गजलकार	236
गतिबिधि	236
गरिनुका	236
गर्नकै	236
गर्ल	236
गाहा	236
गोपालप्रसाद	236
घरधुरीमा	236
चक्कर	236
जीवनस्तरमा	236
जोड्नु	236
ट्याक्सीमा	236
ट्रेल	236
ठाडै	236
डिजाईन	236
तीनको	236
दूधमा	236
दृष्टिमा	236
नरहे	236
नेपालगञ्जका	236
परियोजनाहरु	236
पर्सि	236
पीडितहरु	236
पुरुषसँग	236
प्रशोधित	236
प्रसङ्गमा	236
फिरौती	236
बलेको	236
बीरगंज	236
भइरहेकाे	236
भक्तजनले	236
भोगाइ	236
भ्रष्टाचारलाई	236
मतलाई	236
मन्त्रीहरूलाई	236
मर्निङ	236
मिसनमा	236
मुनिको	236
मुनी	236
मुलुकसँग	236
यिनीहरूको	236
योजनासहित	236
राजपाको	236
रोबोट	236
लाक्पा	236
समेटिने	236
सम्झाउन	236
सम्वाददाता	236
सिसि	236
सुविधायुक्त	236
हटाउनका	236
हनन्	236
हमास	236
हामीहरू	236
@PM_Nepal	235
अनेरास्ववियुले	235
आउनसक्ने	235
इमान	235
ओलीबीच	235
औषत	235
किक	235
गराउँछन्	235
गौरवशाली	235
डुडुवा	235
ड्रिम	235
ढोकाबाट	235
दुईपक्षीय	235
धर्मगुरु	235
नजान्ने	235
नदिनुहोस्	235
पत्रले	235
परम्पराअनुसार	235
प्यान	235
प्रसुती	235
बजारीकरणमा	235
बाइकमा	235
बाई	235
बिहीबारबाट	235
बैँक	235
ब्यूरोले	235
मनबहादुर	235
मन्द	235
महाशाखामा	235
महेन्द्रनगरमा	235
मुखले	235
यात्रुहरुले	235
शिविरबाट	235
संकटलाई	235
संक्रमितले	235
संग्रहालयमा	235
सरकारसँगको	235
साधनहरू	235
साबिकको	235
सुत्केरीको	235
सुरक्षार्थ	235
स्थानीयवासीलाई	235
हटाएका	235
हारगुहार	235
हुनेहरुको	235
please	234
अंग्रेज	234
आयोजनाहरुको	234
उत्तरपूर्वी	234
उद्यमशील	234
उनीहरुबाट	234
उन्मुलन	234
उपसभामुखको	234
ओटै	234
कमजोरीको	234
कालिञ्चोक	234
खल्लो	234
गर्नसक्छ	234
गाडेर	234
गुटका	234
गृहका	234
ग्रहमा	234
घटेपछि	234
घाउमा	234
जनगणनामा	234
जवानी	234
जिज्ञासाको	234
झुठा	234
ठगीको	234
तानेको	234
ताप्लेजुङका	234
देखाउदै	234
निहुँ	234
नेटो	234
पञ्चायतकालमा	234
परेकाहरुलाई	234
पाँचथरमा	234
पासवानले	234
पुख्र्यौली	234
पोर्टफोलियो	234
प्यारी	234
प्रचारको	234
प्रतिस्पर्धाका	234
प्रेमकुमार	234
फालेका	234
फ्ल्याट	234
बचाऊ	234
बझाङका	234
बारका	234
बारेको	234
बालबालिकाहरू	234
भक्तपुरले	234
भदौको	234
मछिन्द्र	234
महाअभियोगको	234
महारथी	234
मांसपेशी	234
मोडेलको	234
युद्धले	234
युद्धविराम	234
रसियन	234
रहेपछि	234
राजबहादुर	234
लगानीकर्ताहरु	234
लाचार	234
लाजमर्दो	234
वंशजको	234
वकील	234
विज्ञानका	234
शासनकालमा	234
समानताका	234
सम्झँदै	234
सर्वेक्षणले	234
साउदीमा	234
सोच्नुपर्छ	234
स्वागतका	234
हिउँले	234
हेलिकप्टरमा	234
होड	234
१०९	234
=	233
अघी	233
अभियानबाट	233
अमुक	233
अस्थिरताको	233
आउनेछन्	233
आजैदेखि	233
इजरायलका	233
इमानदारीपूर्वक	233
उठ्दै	233
कर्णेल	233
कलाकारहरुलाई	233
कार्यक्रमहरूको	233
कालिकोटको	233
खिम	233
खेलबाड	233
गराउनको	233
चरेश	233
चेस	233
जागिरबाट	233
टेकुस्थित	233
ठोक्किएको	233
डाक्टरहरु	233
थपको	233
थपेका	233
दलगत	233
दहाल	233
देउता	233
नगराई	233
नतिजाले	233
नर्मल	233
पपुवा	233
परिसंघका	233
पाऊँ	233
पाएकाले	233
पार्नुपर्ने	233
पूर्वबाट	233
प्रतिघण्टा	233
प्रभावबाट	233
प्रसारणलाइन	233
प्लाष्टिकको	233
फाउण्डेसन	233
बल्लतल्ल	233
बाबुलाई	233
भन्दाबढी	233
भाट	233
महालेखाले	233
मित्रताको	233
म्युचुअल	233
रमाइला	233
रहोस	233
राजेश्वर	233
रुममा	233
रेकर्डमा	233
वडाध्यक्षमा	233
व्यवहारका	233
श्रेणीका	233
संयन्त्रलाई	233
संस्थानमा	233
सम्झौतापछि	233
सुन्दरताको	233
सोधखोज	233
सोसाईटी	233
हसन	233
अतिक्रमणको	232
अन्यौलता	232
अभिमत	232
असारसम्म	232
आवस्यकता	232
इजलासबाट	232
कञ्चनपुरले	232
काउन्टरमा	232
कायापलट	232
कुराकानीका	232
क्याम्पसबाट	232
खाइरहेका	232
गणतन्त्रका	232
चिस्यान	232
चोरेर	232
छठको	232
जयबहादुर	232
जसपाबाट	232
जानकारि	232
डिप	232
डीन	232
तिक्तता	232
तिमीहरूको	232
त्यसैअनुसार	232
थिएनन	232
थिएनौं	232
देवकुमार	232
नआएसम्म	232
नाकको	232
नापतौल	232
नायकको	232
नेल	232
परीक्षणबाट	232
पशुसेवा	232
पहिलादेखि	232
पुग्नुभयो	232
पोख्रेलको	232
प्रणालीमार्फत	232
प्रतिवर्ष	232
प्रधानमन्त्रीसमेत	232
प्रधानलाई	232
बन्नुभयो	232
बिकको	232
बिल्कुलै	232
भन्नुपर्ने	232
भैरहवाको	232
भौचर	232
मिलिमिटर	232
मेसिनमा	232
रिहाइको	232
ललितपुरस्थित	232
लिएँ	232
वर्षअघिसम्म	232
संगिता	232
सारे	232
सिनेटर	232
सुर्योदय	232
सोलुखुम्बुका	232
स्वर्गद्वारी	232
स्वास्नी	232
हेल्लो	232
This	231
अन्जन	231
अभिलेखीकरण	231
आउँदैछन्	231
इंगित	231
इजिप्ट	231
उचालेको	231
एरियामा	231
ककनी	231
कार्यसूचीमा	231
किराको	231
केन्द्रहरु	231
क्राइम	231
खराव	231
खिलराज	231
खेतीलाई	231
गाउपालिकाका	231
ग्रिड	231
चटारो	231
चेन्ज	231
जनसङ्ख्याको	231
जिवनको	231
टेन्ट	231
डाकिएको	231
डुब्न	231
तम्घास	231
त्रासका	231
थुप्रिएको	231
दफावार	231
नगर्नुस्	231
नदिइ	231
न्युरोड	231
पन्छाएर	231
पाएसँगै	231
पाेखरा	231
पुस्तकालयमा	231
बाबुरामको	231
बिगार्ने	231
भएकाहरुले	231
भिडमा	231
भ्रमणबाट	231
मण्डला	231
मलखाद	231
मिलनसार	231
युकेका	231
राष्ट्रहरु	231
रोप	231
विराटनगरबाट	231
विश्वविद्यालयलाई	231
सहकार्यले	231
सहनु	231
साँठगाँठ	231
साउँदले	231
सिं	231
सोसियल	231
हस्तान्तरणको	231
हाइट	231
हुण्डी	231
Galaxy	230
September	230
अन्तःशुल्क	230
अर्घाखाँचीका	230
उदाएका	230
उल्का	230
एकैचोटी	230
एशियामा	230
कक्षाकोठा	230
काठका	230
गाडीका	230
गुपचुप	230
ग्राफिक्स	230
घरैमा	230
छोराहरु	230
टिपरले	230
ट्वीटमा	230
डुवानमा	230
डेडिकेटेड	230
डेस्कटप	230
दुबईको	230
देखाएपछि	230
देशैभरी	230
परोक्ष	230
पूजामा	230
पेटी	230
पोख्त	230
प्रतिशोध	230
प्रथाको	230
फसाउन	230
फाइनान्सियल	230
बनाइसकेका	230
बिजोर	230
ब्यक्तिहरु	230
ब्याण्ड	230
ब्रान्डका	230
भाइटीका	230
रतन	230
राष्ट्रघात	230
रोगीको	230
लक्जरी	230
लाइसेन्सको	230
लाग्नुपर्नेमा	230
विकेटका	230
वैधता	230
संवोधन	230
सत्यलाई	230
सर्तकता	230
सिरक	230
सेक्सी	230
स्वास्थ्यकर्मीहरु	230
हाली	230
)–	229
उत्तेजक	229
उपकरणले	229
एन्टिबायोटिक	229
ओलीविरुद्ध	229
करियरको	229
कारोना	229
कारोबारका	229
कार्यालयसँग	229
क्यानडाका	229
खरको	229
खर्चलाई	229
गर्दैछौँ	229
गाँसिएको	229
घटनाहरूको	229
घर्तीमगर	229
छ्	229
जिवित	229
ठगिएको	229
तोके	229
दलितलाई	229
दुईदेखि	229
देवीप्रसाद	229
धानबाली	229
नेम्वाङलाई	229
पीडाले	229
पुनर्स्थापित	229
पुर्न	229
प्रबुद्ध	229
प्राविधिकले	229
भईसकेका	229
भद्दा	229
भोल्टेज	229
मजदुरले	229
मधेशवादी	229
मन्त्रीपरिषद्को	229
महाधिवेशनलाई	229
महाभियोगको	229
मार्ट	229
मास्के	229
यात्राले	229
यीनै	229
राम्रैसँग	229
विभेदका	229
संबोधन	229
सक्नुभएन	229
सभापतिलाई	229
समुन्द्री	229
सूचनाहरू	229
सूचीबद्ध	229
सेन्चुरी	229
सोधें	229
सोनु	229
स्पेनका	229
स्वास्थ्यलाभको	229
हर्मोन	229
अन्तरवार्तामा	228
अपशब्द	228
आजभोली	228
आयोजन	228
उठाएपछि	228
एकदिने	228
एपबाट	228
कदापी	228
काट्नु	228
कार्डमा	228
कोर्न	228
गाँजासहित	228
गोरुको	228
चौर	228
जरिवानाको	228
जानुका	228
जुझारु	228
झुण्डिएर	228
तथापी	228
थिएटरमा	228
नागरिकतामा	228
निकायहरुमा	228
निर्बाध	228
नेतृत्वबाट	228
पटेलले	228
पावन	228
प्रज्वल	228
प्रतिशतलाई	228
प्रस्तावक	228
फिर्ती	228
बलात्कारी	228
बित्तीय	228
बुढ्यौली	228
भ्याएसम्म	228
मणिपाल	228
मरिच	228
महानगरः	228
मारवाडी	228
मिसावट	228
मेलबर्न	228
मेस्सीलाई	228
यसपालीको	228
युरोपा	228
युवायुवती	228
लिस्ट	228
विनास	228
विमानस्थलले	228
विहीवार	228
समितिसँग	228
सलमानको	228
सुविधाहरूको	228
स्टेशनरी	228
हम्मेहम्मे	228
अँ	227
अकुत	227
अड्चन	227
अनुशार	227
आउनुको	227
आयामका	227
आरोहणको	227
उनलाइ	227
उनीहरुमध्ये	227
उम्कन	227
कर्मी	227
काँकडभिट्टा	227
काजमा	227
क्वीन्टल	227
खानेकुराको	227
गन्धर्व	227
घटस्थापना	227
जलश्रोत	227
जाँचपास	227
जानू	227
टिकटमा	227
त्रि	227
दिनुभयाे	227
दृश्यावलोकन	227
पक्षहरु	227
पथ	227
पराल	227
पाइन्ट	227
पुग्थ्यो	227
पूर्जी	227
प्रशन्न	227
प्रेरणादायी	227
फाट्टफुट्ट	227
फेवा	227
बनाइदियो	227
बरफ	227
बाँदरले	227
बाइडेनको	227
बाइबल	227
बुझेपछि	227
बेहोर्ने	227
बोल्यो	227
भिडिओमा	227
भिषण	227
मार्सल	227
मुलुकभरका	227
मैनालीको	227
राजविराजमा	227
रामजानकी	227
रामनाथ	227
रामेछापले	227
राम्रोसंग	227
लड्नु	227
श्रद्धान्जली	227
संक्रान्ति	227
सकिएसँगै	227
सक्यौं	227
सङ्कटको	227
सरोकारवालाहरु	227
सेकेन्डमा	227
हिमपातले	227
हृदयेश	227
होडमा	227
been	226
अण्डाको	226
अधिनमा	226
अध्ययनअनुसार	226
अर्कातर्फ	226
अर्घ	226
अवे	226
आयस्रोत	226
उत्थानका	226
उद्यमीलाई	226
उनीहरूबाट	226
उपक्षेत्रीय	226
एपले	226
एपीएफले	226
कारखानाको	226
कीर्तिपुरमा	226
कुराहरूको	226
कुस्ती	226
कोविड	226
क्रमण	226
क्षेत्रीलाई	226
गरिएकोले	226
ग्राउण्ड	226
चल	226
जाहेरीमा	226
जुनार	226
टरेको	226
ढुंगाले	226
ताजै	226
थप्नुभयो	226
दरबारमार्ग	226
दलिय	226
दिनभन्दा	226
देखिरहेको	226
नाफाको	226
नोकरी	226
पन्छाउन	226
पराएका	226
पहाडीले	226
पाकिस्तानसँग	226
पितृसत्तात्मक	226
पुगें	226
पेन	226
बेलका	226
भोग्ने	226
मंसिरको	226
मनाउदै	226
महोदय	226
युएईका	226
राष्ट्रहरू	226
वरियतामा	226
संयम	226
संरचनाहरू	226
सङ्घीयताको	226
सताउने	226
समर्थकहरुले	226
सरुवाको	226
सातजना	226
सामग्रीका	226
सिकलसेल	226
सुरक्षात्मक	226
सुरक्षासम्बन्धी	226
सुरुङ्गा	226
सोचेभन्दा	226
सोनिया	226
स्पष्टता	226
१२१	226
१७०	226
1.	225
their	225
œ	225
अध्ययनपछि	225
अर्घाखाँचीमा	225
आधारको	225
इट्टा	225
इन्टरफेस	225
उत्तरपुस्तिका	225
उद्देश्यमा	225
उसै	225
कामीले	225
कीर्तिपुरस्थित	225
कुर्नु	225
कृष्णभक्त	225
क्यानका	225
खोस्न	225
गठबन्धनकै	225
गाउँसम्म	225
घरी	225
चतुर	225
चिसोमा	225
जंगी	225
जादु	225
जोडले	225
जौ	225
तातेको	225
दिशातिर	225
दुइवटा	225
दुवैतिर	225
दोहोर्याएर	225
नेम्बाङ	225
पसेपछि	225
पूर्ब	225
फाउण्डेसनले	225
बगाउने	225
बनाउदा	225
बालअधिकार	225
बीबीसीका	225
बैंकबीच	225
बोलीमा	225
भयौ	225
भाँडामा	225
भ्यु	225
मन्त्रीपरिषद	225
महामन्त्रीमा	225
महिन्द्रा	225
मार्क्सवादी	225
मूल्यलाई	225
रंगेहात	225
रजिस्ट्रार	225
रातीको	225
लमजुङका	225
लेनदेनको	225
वस्तीमा	225
वास्तविकतामा	225
विस्वास	225
शाब्दिक	225
शिक्षकहरूको	225
संगसंगै	225
सदरमुकामबाट	225
सपनाहरु	225
सयौंको	225
सस्थाको	225
साहुको	225
सिकाउनु	225
सेवाप्रदायक	225
स्वीकार्दै	225
हातमुख	225
हार्ड	225
19	224
अढाइ	224
अधिकृतका	224
अभिनेताको	224
असफलताको	224
आँबुखैरेनी	224
आइपीओ	224
आईपी	224
आफुलाइ	224
इन्सेकको	224
इपिडिमियोलोजी	224
उद्यत	224
उपसभापतिमा	224
एकरूपता	224
एकात्मक	224
एशोसिएशन	224
एसएसबीले	224
औषधीय	224
कटहरी	224
कबोल	224
क्रियाकलापले	224
गरिसक्नुभएको	224
चुनावले	224
जनचेतनाको	224
जाडोको	224
टाँसिएको	224
टेलिफोनमा	224
डिसीमा	224
तत्परता	224
तिल	224
त्यस्को	224
द्वन्द्वकालमा	224
नखाई	224
नपुगेर	224
नबनाएको	224
नभेटिएको	224
नाबालिग	224
नारामा	224
निवारणका	224
नेपालमाथि	224
पार्छन्	224
पार्वतीले	224
पीडितहरुलाई	224
प्रबिधि	224
प्रवक्ताको	224
प्रोडक्ट	224
फेरियो	224
बडूले	224
भइयो	224
भन्नेहरु	224
भित्राउने	224
भोजपुरमा	224
मध्याह्न	224
मात्रको	224
मानवजातिको	224
मुक्तिका	224
मुत्यु	224
यसैका	224
यात्रुहरुको	224
युवतीहरु	224
रसायनिक	224
राजनिती	224
रोहिणी	224
लिनसक्ने	224
वनभोज	224
शिक्षाविद्	224
सङ्गीतकार	224
सप्लायर्स	224
समाग्री	224
ससुराली	224
साम्पाङ	224
सिक्वेल	224
सिटीलाई	224
सिल्ड	224
हजुरबुबा	224
१२औं	224
who	223
अग्र	223
अधिकृतहरु	223
आइतबारसम्म	223
आक्षेप	223
उत्तिर्ण	223
कालीप्रसाद	223
कुनैबेला	223
गठवन्धन	223
गन्न	223
गुटमा	223
गुडिरहेको	223
गुल्म	223
गोरे	223
घाँसको	223
चोरीमा	223
जनाउ	223
जाँदैछौं	223
जाऊँ	223
जेनेरेटर	223
डाँडाको	223
तीर्थराज	223
दृश्यहरु	223
नआएकाले	223
नजिकिएसँगै	223
नपरेपछि	223
नमिठो	223
निकिता	223
परमिट	223
पर्ख	223
पार्दैन	223
पुनःनिर्माणको	223
पौडेलसँग	223
प्रशिक्षकले	223
प्रसुति	223
प्रोमो	223
बंगाल	223
बताइसकेका	223
बसुन्धरा	223
बिद्रोह	223
बिधि	223
बीपीको	223
भगवतीको	223
भाजपाले	223
भूगोलमा	223
भोगचलन	223
मरिहत्ते	223
महरले	223
मातृभूमि	223
माली	223
मुडमा	223
मोदीसँग	223
रसुवामा	223
राजनेता	223
लगाउनका	223
लग्ने	223
लेनिन	223
लोकगीत	223
वाड	223
वातावरणका	223
विशेषले	223
समचार	223
सम्बन्धबारे	223
सशंकित	223
साधु	223
सुटआउटमा	223
सुरुङको	223
सोधेर	223
स्मार्टफोनमा	223
स्वास	223
स्वीकृती	223
हरिबोल	223
हिरोइन	223
ही	223
होमस्टेमा	223
अनमी	222
असत्य	222
असरले	222
उत्रन	222
एकीकरणका	222
कनेक्सन	222
कपन	222
कस्टम	222
कामकाजमा	222
क्षतविक्षत	222
खुसीले	222
खेल्यो	222
गनुपर्ने	222
गरेदेखि	222
घट	222
जनाकारी	222
जरिबाना	222
जलहरी	222
जिबन	222
टाइटल	222
टोलटोलमा	222
ट्यांकी	222
डिप्रेसनको	222
तस्करीका	222
तालिबानको	222
दिईन्	222
दुःखका	222
धोको	222
निम्तिएको	222
निषेधाज्ञामा	222
नेताहरूबीच	222
पञ्चायतको	222
परिबर्तन	222
पुगि	222
प्रगतिका	222
प्रबर्द्धन	222
प्रोसेसर	222
फलतः	222
बदलियो	222
बनेकाले	222
बमबहादुर	222
बसलाई	222
भाग्दै	222
भीमप्रसाद	222
भोटको	222
महावाणिज्य	222
माओको	222
मोटर्स	222
लिन्छौं	222
विधानले	222
विश्वकर्मालाई	222
सख्त	222
सफलताले	222
सम्मेलनमार्फत	222
सरको	222
सहरबाट	222
साध्य	222
स्किम	222
स्थापनापछि	222
स्वास्थ्यचौकीमा	222
हराएपछि	222
हाड	222
हाडजोर्नी	222
अड्डामा	221
अशोककुमार	221
असन्तुलन	221
आरके	221
एनआइसी	221
एनआरएनको	221
कक्षाकोठामा	221
कलाकारहरूको	221
कुराहरूमा	221
कोदोको	221
खाती	221
खुमलटारमा	221
खेलाडीहरूको	221
गतिले	221
गाँउपालिकाको	221
गापा	221
ग्राण्डी	221
घण्टौं	221
घरपरिवारले	221
घाँटीको	221
च्यानलमार्फत	221
जतिको	221
जलन	221
जलाउन	221
जुत्ताको	221
झेल्नु	221
टिभीको	221
टेक्नोलोजीको	221
टोकेको	221
डलरभन्दा	221
ढाकेको	221
ढोकाको	221
त्यसवेला	221
दक्षिणकाली	221
दङ्ग	221
दुश्मन	221
देखाउनुपर्ने	221
देह	221
नगई	221
निर्बाचित	221
निर्माणसँगै	221
न्यूनतम्	221
पतिलाई	221
परिवारसहित	221
परेपनि	221
पर्यटकीयस्थल	221
प्रगतिशिल	221
फिल	221
बच्चाहरुलाई	221
बताइएकाे	221
बालबालिकाहरूलाई	221
बिहारको	221
बेल्जियमका	221
मलेशिया	221
मिचिएको	221
मितव्ययी	221
मेसिनबाट	221
रोक्दै	221
लुट्न	221
वृद्धिलाई	221
व्यवधान	221
सकिएलगत्तै	221
समुद्रको	221
सिँचाइमन्त्री	221
सिग्नल	221
सिन्ह्वा	221
सिमानाका	221
स्काभेटर	221
हजारसहित	221
हदम्याद	221
हुन्छौ	221
हेलिकप्टरमार्फत	221
100	220
अञ्जली	220
अन्त्यसम्ममा	220
अवस्थासम्म	220
आआफ्नै	220
ईन्टरनेट	220
उडेर	220
उर्दी	220
कमलरी	220
कर्मचारीबाट	220
खो	220
ख्यातिप्राप्त	220
गछौं	220
गडबड	220
गोदावरीमा	220
झार	220
ठहर्छ	220
ठूली	220
तारिक	220
देवकोटालाई	220
नाम्खा	220
निभाएका	220
पर्नसक्ने	220
पार्टीहरूले	220
प्रत्यक्षदर्शीले	220
फलेको	220
फेस्टिभलमा	220
बिमान	220
बेर्ना	220
भाको	220
भ्यालु	220
मतदानस्थल	220
मनाङे	220
महत्त्वका	220
मालसामान	220
रोजे	220
विपक्ष	220
विभूति	220
विशेषाधिकार	220
शोषणको	220
श्रममन्त्री	220
सदनले	220
समानुपातिकको	220
सिनो	220
सुन्नमा	220
सुश्री	220
स्रोता	220
हम	220
हालैमात्र	220
हुँने	220
हुन्थेन	220
LG	219
अब्दुल्लाह	219
आइकन	219
आगलागीका	219
आयमा	219
आर्सनलले	219
उपप्रमुखको	219
कमलपोखरी	219
कारणका	219
कुवेतको	219
कृषिमन्त्री	219
क्यामेरामा	219
गर्नुपूर्व	219
चाल्नुपर्ने	219
चिरा	219
चुनाबी	219
चैं	219
जन्मिएर	219
जर्मेन	219
जित्छ	219
जिन्सी	219
ठमेलमा	219
त्यससँगै	219
देखावटी	219
देवले	219
देवि	219
दो	219
नगरस्तरीय	219
नपाईने	219
नपुग्दा	219
नियाल्ने	219
निस्क्रिय	219
पात्रलाई	219
प्रकाशनका	219
प्रजा	219
प्रभावहरू	219
प्रितम	219
फर्स्ट	219
बाजेको	219
बालश्रम	219
बिभाजन	219
बिरामीहरूलाई	219
बिशिष्ट	219
बेलाका	219
लिनेछन्	219
ल्याउनेछ	219
विवाहलाई	219
विषयवस्तुलाई	219
शव्द	219
संकायमा	219
सदभाव	219
सम्झन्छु	219
सिमेन्टले	219
हट्यो	219
हेटौँडामा	219
११औं	219
अतिथिमा	218
अन्तरगतको	218
अन्धविश्वास	218
अर्काका	218
अश्रुग्यास	218
अस्पतालसम्म	218
आत्मीय	218
आदिकवि	218
आदिबासी	218
आहारा	218
इस्ट	218
उदीयमान	218
एकएक	218
एसपीपी	218
कब्जियत	218
कसैमा	218
कुपोषण	218
कैलारी	218
क्याबिनेट	218
क्रियाकलापहरु	218
खुट्टाले	218
खुफिया	218
गर्छस्	218
गोरख	218
घटाउँछ	218
चौरसिया	218
जमीनमा	218
जीवनशैलीमा	218
तिब्बतमा	218
दुईले	218
दोभान	218
द्वन्द्वकालीन	218
नलगाएको	218
पाख्रिन	218
प्रोफेसनल	218
बनाएँ	218
बनाऔं	218
बुर्तिबाङ	218
बोटमा	218
भाष्य	218
भिरालो	218
भेटिएन	218
मतमा	218
मध्यविन्दु	218
महासन्धि	218
मायाँ	218
मेनपावर	218
यहीं	218
रेष्टुरेण्ट	218
रोहन	218
शुभेच्छा	218
शोधनान्तर	218
सक्लान्	218
सचेतनामुलक	218
सबिन	218
समयदेखिको	218
समर्थकलाई	218
साच्चिकै	218
सिन्हा	218
सुझावको	218
स्टेनलेस	218
स्याल	218
स्वीकारे	218
हिमपातका	218
हेरिने	218
ह्यान्ड	218
११२	218
११५	218
अट्ने	217
अफिसको	217
अवार्डका	217
आश्रमको	217
एमाओवादीले	217
औँल्याए	217
काटेका	217
कार्यकर्ताबीच	217
कुमारीको	217
खिया	217
खुमबहादुर	217
खुसियाली	217
गुण्डागर्दी	217
घटाउँदै	217
छिन्नमस्ता	217
छिमेकीलाई	217
छैठौँ	217
छोड्यो	217
जमेर	217
डायल	217
तहमै	217
तीर्थस्थल	217
दिनुपर्यो	217
देखापरेका	217
देन	217
द्वय	217
परिचालनको	217
पाउँछौं	217
पाङ्ग्रे	217
प्रहरीद्वारा	217
प्राणीको	217
बचाएको	217
बुझी	217
बुढालाई	217
भदाै	217
भृकुटी	217
भेरिएन्ट	217
मठमन्दिर	217
मर्छ	217
महाधिवेशनपछि	217
मामिलाका	217
मोर्चालाई	217
राप्तीसोनारी	217
लाइनबाट	217
विचको	217
विदाको	217
शत	217
शिक्षाबाट	217
शीर्षमा	217
संक्रमणमुक्त	217
सपथग्रहण	217
समेट्दै	217
सम्मानबाट	217
सिद्धि	217
सुतेर	217
सुशान्तको	217
सोसाइटीले	217
स्तरमै	217
स्नायु	217
हजुरलाई	217
हार्ट	217
but	216
अनलक	216
अपहेलित	216
अलगअलग	216
अवधारणाको	216
अविनाश	216
आरिफ	216
इन्धनमा	216
उडाउन	216
एनसेलका	216
कविको	216
कुटनैतिक	216
कोटाबाट	216
खबरलाई	216
घर्तीको	216
घूस	216
चिकित्सकहरू	216
चिन्हमा	216
चुलाचुली	216
चे	216
जनावरहरू	216
जीतपुरसिमरा	216
जीवाणु	216
जेड	216
जेलर	216
ट्याक्स	216
ठगीमा	216
तिनीहरूमा	216
तीनदिने	216
दुधको	216
धेरैका	216
नासाले	216
नासु	216
निरञ्जन	216
निशानामा	216
नेयमार	216
पानामा	216
पोर्चुगिज	216
प्लेटफर्मको	216
बक्ताहरुले	216
बिचरा	216
बिमस्टेक	216
बीमामा	216
बैंकहरुमा	216
भर्जिनिया	216
भाडाका	216
भासिएको	216
भिसाका	216
भेटघाटका	216
मकाउ	216
मच्चाउने	216
मरासिनी	216
मलम	216
महिनौं	216
मामाघर	216
मैदानबाट	216
रगतले	216
रुचाइएको	216
रेबिज	216
रोगमा	216
विजयपुर	216
विमानलाई	216
व्यापारीहरूले	216
शैलीलाई	216
सतहदेखि	216
सन्जालमा	216
सीमांकन	216
सुक्दै	216
स्वर्गको	216
हर्कबहादुर	216
हस्पिटालिटी	216
ह्याप्पी	216
news	215
अधिकाँश	215
अन्यले	215
अफगानी	215
अबरोध	215
असामयिक	215
आन्द्रा	215
आसिफ	215
उद्योगहरुलाई	215
उनीबाट	215
उनीलाई	215
उनीसहित	215
कटौतीको	215
कसका	215
कृयाशिल	215
केटाको	215
केटीले	215
गणेशबहादुर	215
गुमाएकी	215
गुल्मीले	215
चलाउँछन्	215
जती	215
जमाउन	215
जस्को	215
जाला	215
जुरी	215
टेक्सस	215
ट्रोल	215
डिभी	215
डिमाण्ड	215
देशहरूलाई	215
धरातलमा	215
धानमा	215
निस्सा	215
पठाइदिने	215
पात्रहरू	215
पारिश्रमिकको	215
पूर्ववत्	215
पोखरास्थित	215
पोख्दै	215
प्याकेजिङ	215
प्रजातन्त्रका	215
प्रतिनिधिमा	215
प्रस्ताब	215
फूलपाती	215
बढुवाका	215
बन्दसत्र	215
बिर्सनु	215
भीडले	215
मनाईएको	215
मेसेज	215
याउँदै	215
युनाइटेडका	215
योजनाहरुको	215
रूपैयाँको	215
संयन्त्रमा	215
सञ्चारकर्मीको	215
सञ्चारमाध्यमलाई	215
सञ्जु	215
सानैमा	215
साहित्यले	215
सिटीमा	215
सिप्रदी	215
सुन्निने	215
स्वतन्त्रतालाई	215
हिउँदको	215
हुनेगरेको	215
अनिश	214
आक्रोसित	214
आयुष्मान	214
उम्मेदवारीको	214
उसमा	214
एट	214
ऐ	214
औँला	214
कंगना	214
कमान्ड	214
कोरोनाविरुद्ध	214
क्यापिटलले	214
क्युआर	214
खसेपछि	214
गोलका	214
चिलाउने	214
चुम्लुङ	214
छायांकनमा	214
डब्लु	214
डम्बरबहादुर	214
दिवङ्गत	214
देख्नुहुनेछ	214
धनुषाले	214
नबनाई	214
नमाने	214
नरहरि	214
नवलपुरमा	214
नारीलाई	214
निकायहरुको	214
निर्देशनलाई	214
पाँचदेखि	214
पारिसकेको	214
पुरन	214
पोल्याण्ड	214
प्रकोपबाट	214
प्रतिकित्ता	214
प्रशासनसँग	214
फिक्स	214
फुट्यो	214
फूड	214
फोटोहरु	214
फौजले	214
बढ्नुपर्नेमा	214
बनाउनुभयो	214
बसेँ	214
बिधेयक	214
बेरोजगारीको	214
बेल्जियमको	214
बोलाउँदा	214
बोलायो	214
भएकाहरू	214
भएकाहरूको	214
भर्दै	214
भेष	214
भ्रमणबारे	214
मनु	214
महंगा	214
मान्छेसँग	214
मुलुकहरुले	214
मेघा	214
येशूले	214
राजस्वमा	214
राष्ट्रकवि	214
रुपैयाँबराबरको	214
रेलमा	214
लाञ्छना	214
शिक्षकहरूले	214
संग्रौलाले	214
सती	214
सस्थाले	214
साँझदेखि	214
स्टेडियम	214
हरसम्भव	214
हिलाम्मे	214
Bikash	213
अभिभावकत्व	213
अवाञ्छित	213
आलेख	213
इन्टेलिजेन्स	213
एकदेखि	213
कफि	213
कल्पनाको	213
कागतीको	213
काठमाण्डू	213
काठेखोला	213
कार्यकर्ताहरूलाई	213
कार्यन्वयनमा	213
कुलतमा	213
केवलकार	213
घरधुरीलाई	213
घुमफिर	213
चाकडी	213
चाडो	213
चापागाई	213
चौरासी	213
जनप्रतिनिधिहरुलाई	213
जान्थ्यो	213
ट्याक्सीको	213
डुम्रे	213
तहहरुमा	213
दबदबा	213
देवर	213
नगरिए	213
नसकेपनि	213
नागढुंगा	213
निस्किएर	213
नेटवर्किङ	213
नेताहरुमा	213
नौवटा	213
पंगेनी	213
परेँ	213
पस्यो	213
पाईदैन	213
पुनःस्थापित	213
प्रदर्शनले	213
प्रविधी	213
प्रसारको	213
प्रान्तका	213
प्रेमिकालाई	213
बचतकर्ताको	213
बडिमालिका	213
बताउँनुभयो	213
बिगबिगी	213
बुझायो	213
भत्किएपछि	213
भरिका	213
मनाउँछन्	213
मानिन्थ्यो	213
मिडियाबाट	213
मुलुकभित्र	213
मेघगर्जन	213
युनिटले	213
रुकुममा	213
लाएर	213
विचारहरु	213
विवादबारे	213
सिक्री	213
सिस्टमको	213
१९४७	213
Log	212
अनुज	212
असन्तुलित	212
आत्मालोचना	212
उहिले	212
एन्जिल	212
करोडौ	212
कर्मथलो	212
काग्रेसका	212
कुपिण्डे	212
गाजामा	212
गिरिले	212
चर्का	212
छोड्नुहोस्	212
जहा	212
जागिरमा	212
जिम्मेबारी	212
तिरस्कार	212
थुप्रो	212
धर्मले	212
नपर्दा	212
नियोगका	212
पढिरहेका	212
पत्थर	212
पत्थरी	212
परिणामलाई	212
पाल्पाले	212
प्रकोपका	212
प्रमाणसहित	212
फिलिपिन्सको	212
बसपार्कको	212
बादशाह	212
बिगाहा	212
बिरामीहरूको	212
बुझाउँछ	212
ब्याटिङमा	212
भएकाहरूलाई	212
रञ्जु	212
रण	212
राजधानीबाट	212
लग्न	212
लिइन्	212
लुकीछिपी	212
संग्रहको	212
समितिद्वारा	212
सवारीसाधनलाई	212
सामन्त	212
सिजी	212
सैनिकलाई	212
स्टारको	212
स्पिड	212
हाँक्ने	212
other	211
अशान्त	211
आसा	211
उदाहरणहरु	211
उपप्राध्यापक	211
एकत्रित	211
कदमका	211
कमिटिले	211
कर्जाका	211
कुष्ठरोग	211
कृषियोग्य	211
क्रोएसिया	211
खुवाएको	211
गतेसम्मको	211
गरेकाछन्	211
गाउँपालिकाभित्र	211
गै	211
ग्रिल	211
घटबढ	211
चक्काजाम	211
चढ्दै	211
छोड्दै	211
जन्मथलो	211
डराएको	211
डिआईजी	211
तिरे	211
दाह्री	211
दिनुपर्नेछ	211
दुईभन्दा	211
देखापर्ने	211
दोङ	211
नगरसभामा	211
नरिवल	211
नियात्रा	211
निस्कँदा	211
नेकपाभित्रको	211
नेपालगञ्जबाट	211
पटकका	211
पैतृक	211
पोलेको	211
प्रकार्य	211
प्रकृतिलाई	211
प्रियंकाले	211
फोनिज	211
बचतको	211
बढाउदै	211
बस्नेतका	211
बाक्लै	211
बालोन	211
बेठीक	211
बेलिब्रिज	211
भएपछिको	211
भन्नुहोस्	211
भागरथी	211
भेगको	211
भेटिन	211
मधुमेहका	211
महाराजगञ्जमा	211
मागदाबी	211
माध्यमलाई	211
मिर्गौलाको	211
युनिक	211
योगदानका	211
राज्यसँग	211
लेबर	211
लैजानुपर्छ	211
विद्यार्थीसँग	211
शोध	211
श्रृङ्खला	211
संगीतका	211
सचेतनाका	211
सत्तालाई	211
समस्यासँग	211
समावेशीकरण	211
सार्कको	211
सोमबारसम्म	211
स्थलका	211
स्थलमै	211
स्पेशल	211
स्वीकारेको	211
Please	210
अपराधलाई	210
अप्ठेरोमा	210
अभिभावकहरुले	210
अर्कासँग	210
असोजदेखि	210
आइपरेको	210
आत्मसम्मान	210
आत्मालाई	210
आयोजकका	210
ईकाई	210
उपनिर्वाचनको	210
उपन्यासकार	210
उपमहानगरका	210
औंल्याएको	210
काभ्रेपलाञ्चोकको	210
कालोमोसो	210
कुपन	210
खाल्डा	210
खी	210
गरिनँ	210
गरिराखेका	210
गुमाइसकेका	210
चरी	210
चलिरहन्छ	210
चूडामणि	210
जगतबहादुर	210
जनसंख्यामा	210
जनाएअनुसार	210
तदारुकता	210
तुच्छ	210
दाजुले	210
दीक्षान्त	210
धामीको	210
निकटता	210
निरर्थक	210
न्युजिल्यान्ड	210
पारियो	210
प्रशासनमन्त्री	210
बहुभाषिक	210
बाचन	210
बुहारीले	210
बेचबिखनको	210
भनाभन	210
भर्याङ	210
भवनहरु	210
मलेसियन	210
महत्त्वको	210
मानिसहरूसँग	210
मान्छेहरुले	210
मास्टर्स	210
मिलाउनुपर्ने	210
मुलुकहरु	210
मेटाउने	210
म्याट	210
युनिभर्स	210
रूपान्तरित	210
लगाम	210
लम्बिने	210
लालायित	210
लिमिटेडलाई	210
विद्वान्	210
संकटग्रस्त	210
सङ्कलित	210
सचिवस्तरीय	210
समायोजनमा	210
सहजीकरणका	210
सार्वजनीक	210
स्पर्धामा	210
स्रोतलाई	210
स्वयंसेवी	210
हंगामा	210
हुर्केको	210
AM	209
first	209
अधिकृतमा	209
अभिलेखमा	209
अरविन्द	209
आइजीपी	209
आउँन	209
उर्जामन्त्री	209
एकअर्कासँग	209
एकढिक्का	209
एरिक	209
कतारी	209
कन्सुलर	209
काफ्लेको	209
कामबारे	209
केशर	209
केहीमा	209
क्लियरिङ	209
क्षय	209
खाइरहेको	209
खोट	209
गरिनुपर्दछ	209
गालामा	209
जनचेतनामुलक	209
ट्युसन	209
ट्रस्ट	209
डोल्पाका	209
ढुंगामुढा	209
तेस्रोपटक	209
तेह्रथुमको	209
दुरुत्साहन	209
दुहबी	209
परिवर्तनकारी	209
पर्नेहरुमा	209
पल्लो	209
पहिल्याउन	209
पात्रका	209
पाम	209
पोषणको	209
प्रकोपले	209
प्रतिनिधिमण्डलको	209
प्रतिनिधिहरूले	209
प्रधानमन्त्रीज्यू	209
बदलेर	209
बन्छु	209
बस्	209
बाइडनले	209
बिते	209
ब्यक्तिहरुको	209
भइसक्ने	209
भगवानलाई	209
मतपत्रमा	209
मस्कले	209
मागी	209
मुलका	209
रिङ	209
रुग्ण	209
रेखामुनि	209
लिंदै	209
विन्डो	209
शिक्षासम्बन्धी	209
सक्रियताका	209
सहकारीमार्फत	209
सहमतिले	209
सिक्किमको	209
सिलिङ	209
सुन्नुहोस्	209
स्याउको	209
हुटहुटी	209
हेर्यो	209
होस्टेल	209
अतिवादी	208
अनिश्चितकालीन	208
असारदेखि	208
आरोपीलाई	208
उत्रिन	208
एशियाका	208
कमाए	208
कार्यसम्पादनमा	208
कुन्दन	208
कुरूप	208
क्यासब्याक	208
गम्भीरताका	208
गलेश्वर	208
गोलाकार	208
चु	208
च्याप्टरका	208
छाडी	208
जन्मने	208
जोगाएको	208
टुँडिखेल	208
ठेला	208
डार्क	208
ड्रागन	208
ढुंगाको	208
ढुङ्गाको	208
तथ्यको	208
थाप्ने	208
दरार	208
दाजुको	208
दायित्वको	208
दाहालबीच	208
नबुझे	208
नमिलेपछि	208
नेवि	208
परिसंघले	208
पालुङटार	208
प्रपञ्च	208
फर्काइएको	208
फुर्सदको	208
फेरेर	208
बाध्यतामा	208
बार्ता	208
बुढेसकालमा	208
भौतिकवादी	208
मुकाम	208
युकेको	208
रक्षार्थ	208
राष्ट्रपतिसँग	208
राष्ट्रहरूको	208
रिपब्लिक	208
रुपक	208
लम्पसार	208
लाइफको	208
लात	208
विश्वसामु	208
सक्नुपर्दछ	208
समावेशिता	208
सहारामा	208
सारथी	208
सिक्स	208
सिनेमालाई	208
सुनुवाइमा	208
सुन्दरहरैचा	208
स्क्रब	208
हिंसालाई	208
होटेलको	208
२०३७	208
अंगिकार	207
अनुमोदित	207
अफिम	207
अमिक	207
अवसरबाट	207
इरानका	207
उचालेर	207
उपमहानिर्देशक	207
ऐनका	207
कडी	207
कथावस्तु	207
कम्युनिष्टहरु	207
कालिकोटका	207
क्रिम	207
खनिएको	207
खान्छु	207
खेलिने	207
गठबन्धनभित्र	207
गतेपछि	207
गार्हस्थ	207
घरदेखि	207
चौलागाईंले	207
जन्मिए	207
जप	207
जाग्राम	207
जानकारहरू	207
दासलाई	207
देवीलाई	207
देवीले	207
नतिरेको	207
नीर	207
नेतृत्वकर्ता	207
न्यूनिकरणका	207
पठाउँछ	207
पदमार्गको	207
पर्नुभएको	207
प्रयोगशालाले	207
फिटको	207
फिल्मस्	207
बद्नाम	207
बनेसँगै	207
बस्नुपरेको	207
बाइकको	207
बागलुङले	207
बानीको	207
बाबजुत	207
बिजोग	207
ब्यबसायी	207
भइरहेकै	207
भग्नावशेष	207
मद्दतमा	207
मधुर	207
मनग्गे	207
मन्त्रालयअन्तर्गत	207
रिना	207
रेमिट	207
लफडा	207
लाखले	207
लाम	207
लामिछानेका	207
वडानम्बर	207
विभाजनपछि	207
श्रृंखलामा	207
संवेदना	207
सदाचार	207
सल्लाहकारको	207
सहर्ष	207
साउदको	207
सामग्रीले	207
सारांश	207
सिण्डिकेट	207
सिद्धान्तले	207
सीमानामा	207
हचुवाको	207
हिजोदेखि	207
ु	207
अँगालो	206
अप्सरा	206
अशिक्षा	206
आउनुभन्दा	206
आतङ्क	206
उठाउनुपर्ने	206
कमब्याक	206
काटी	206
कारोबारी	206
कोरोनाकै	206
खोजियो	206
गण्डकीको	206
ग्राफ	206
चलिआएको	206
चुनौतिपूर्ण	206
जाँदैछ	206
जागीर	206
ठेक्काको	206
डम्पिङ	206
तारबार	206
तिमीहरु	206
नसुन्ने	206
निकालेपछि	206
निकोलस	206
निमार्णका	206
नीतिहरु	206
नैं	206
पारामा	206
पालले	206
पूर्वाग्रही	206
पैसाका	206
फस्टाएको	206
बनाउनुका	206
बिताउनु	206
बिरलै	206
बिहेमा	206
बेसी	206
बोइङ	206
भनेझैँ	206
भन्सारको	206
मधुवन	206
महोत्सवलाई	206
मिलिग्राम	206
मुगुका	206
मोडलका	206
रुपान्तरित	206
र्याफ्टिङ	206
लगानि	206
लिनेको	206
वसन्तपुर	206
विजनेस	206
विभाजनमा	206
वीरता	206
वुमन	206
वैयक्तिक	206
संसारले	206
सन्तोषी	206
सागसब्जी	206
सेक्टर	206
सोचाई	206
सोधपुछका	206
सोसाइटीका	206
स्थलहरु	206
हँसिया	206
हरिशरण	206
17	205
find	205
ì	205
अकालमै	205
अथिति	205
अधिवेशनलाई	205
अभ्यासहरू	205
असरको	205
आइसियू	205
ऋणात्मक	205
एकचोटी	205
एकाबिहानै	205
एतिहासिक	205
ओम्नी	205
करारका	205
कानको	205
खटपट	205
खापुङले	205
गरेता	205
गाउँलेको	205
गुफामा	205
चपली	205
चुच्चे	205
जन्मको	205
जबज	205
झुम्का	205
टिकापुर	205
तस्करले	205
तीनदेखि	205
थापामगरले	205
दस्तावेजमा	205
धोएर	205
नम्बरबाट	205
नर्सले	205
नाघेर	205
निमार्णको	205
नेम्बाङले	205
परिचालनमा	205
पाउ	205
प्रमाणीकरणका	205
प्रायोजित	205
फेरिए	205
बढ्ता	205
बताएअनुसार	205
बाटैमा	205
भरतपुरका	205
भागवण्डा	205
मण्डलमा	205
मिली	205
राजसंस्थाको	205
शैया	205
सदस्यमध्ये	205
सबैकुरा	205
सहमतिपत्रमा	205
साउने	205
साट्ने	205
साहका	205
सिटि	205
सीइओ	205
सृष्टिको	205
हटाएपछि	205
१९८९	205
50	204
shares	204
years	204
असोजको	204
आइसियुमा	204
उपनिर्वाचनका	204
कार्यक्रममै	204
कोलम्बिया	204
खनेको	204
खरिदार	204
गंगाराम	204
गरिसकेकाले	204
गरिहेको	204
गर्नुछ	204
गाड्ने	204
ग्रहणको	204
घरधनीले	204
चरेस	204
चुनावअघि	204
छोड्दा	204
जम्मू	204
जोसेफ	204
ट्राभल्स	204
तरबार	204
त्यागी	204
त्रुटिहरू	204
दक्षिणपूर्वी	204
दाङबाट	204
धारको	204
नलिए	204
निकासको	204
निर्देशनहरू	204
निर्मातामा	204
नौं	204
पपुलर	204
पर्खिरहेका	204
पाँचदलीय	204
पाएपनि	204
पार्किङको	204
फाइनान्सको	204
बाझिएको	204
बिगतका	204
भन्नेतर्फ	204
भुमी	204
भूगोलको	204
रघुनाथ	204
राष्ट्रसङ्घको	204
लागेसँगै	204
लिनुहुन्छ	204
वाङ्मय	204
विदामा	204
विश्लेषणलाई	204
व्यक्तिवादी	204
शृंखलामा	204
श्रोतका	204
सजक	204
सबैथोक	204
सरोकारका	204
सिलवाललाई	204
सीडीओ	204
सीपलाई	204
सीसीएमसी	204
सुवाल	204
सोच्दा	204
सौतेनी	204
स्याङ्जामा	204
हुर्काउने	204
हुर्केका	204
अञ्जन	203
अधिकारीसहित	203
अस्पतालहरूमा	203
आगमनको	203
उद्देश्यको	203
ओलीसँगको	203
कम्पनिले	203
कहा	203
किस्तामा	203
क्षत्रीले	203
खानै	203
गुन्द्रुक	203
चरित्रलाई	203
चौमासिक	203
छनौटको	203
जनमोर्चाको	203
जैसी	203
झूट	203
टड्कारो	203
टिक्ने	203
टेक्ससको	203
डिपोमा	203
डोर	203
तिर्दा	203
तृष्णा	203
तेस्रोमा	203
थकाइ	203
दलदलमा	203
दुईचार	203
दुईसय	203
दौरा	203
धाउन	203
नदीका	203
नाजायज	203
पञ्च	203
पढाइलाई	203
पत्रकारितालाई	203
पन्छिन	203
पलले	203
पार्वतीको	203
पिताले	203
पूर्वमहामन्त्री	203
प्रचारप्रसारका	203
प्रावधानले	203
बज्यो	203
बस्तीलाई	203
बाउन्स	203
बामपन्थी	203
बारपाक	203
बिष्टको	203
बुद्धिको	203
भन्सारका	203
भलाकुसारी	203
भागी	203
भेटेरिनरी	203
महाकाव्य	203
मार्दा	203
मिठाइ	203
रक्तदाता	203
रहन्न	203
राप्रपाबाट	203
रिडी	203
वाग्लेको	203
विदेशिएका	203
विद्यार्थीहरुका	203
संयाेजक	203
सडकदेखि	203
सताउन	203
सत्तासीन	203
सन्देह	203
सर्जियो	203
साँझपख	203
साइटहरू	203
सुवेदीका	203
स्मरणमा	203
स्वाबको	203
स्वास्थ्यसँग	203
हत्याकाण्डको	203
हनुमाननगर	203
हुकुम	203
3.	202
In	202
अनुभवबाट	202
अन्यायपूर्ण	202
आदिम	202
इन्फेक्सन	202
इमानदारी	202
इसारामा	202
उत्पीडनको	202
उत्सुकता	202
उद्यमशिलता	202
एकाई	202
एट्लेटिको	202
एपिएफले	202
कभरेज	202
कमाउनु	202
कर्मचारीसँग	202
कुख्यात	202
कुटाकुट	202
कुट्ने	202
केटाले	202
कोहली	202
क्वाटरफाइनल	202
खडकाले	202
खेलकुदमन्त्री	202
गर्नेछिन्	202
गुरुले	202
चिट्ठा	202
चिल्ड्रेन	202
चेष्टा	202
चोरेको	202
जन्ममिति	202
जापानिज	202
टेक्न	202
ढुवानीको	202
तथ्यांकलाई	202
तरिकाको	202
तलबभत्ता	202
तिर्खा	202
तिहारका	202
तोडेका	202
दर्जाको	202
दवाडीले	202
दिवश	202
दिशानिर्देश	202
दुषित	202
देखाउ	202
नेपाललगायत	202
पार्टनरको	202
पार्टीप्रति	202
पोजिसन	202
प्रतिप्रश्न	202
प्रदत्त	202
फलको	202
फूलका	202
बढेमा	202
बनाइदिए	202
बलिउडको	202
बिग्रन	202
बिघटन	202
बित्तिय	202
बिरुवाको	202
भनेरै	202
भर्त्सना	202
भारतीले	202
मतियार	202
मध्यपूर्व	202
मोडेलहरू	202
यामाहा	202
योर्क	202
रविना	202
र्याम	202
लडाईमा	202
लम्कीचुहा	202
लापरबाहीले	202
वाक्क	202
वारे	202
विधुत	202
विवरणको	202
विश्वकपका	202
संघसंस्थाको	202
सग	202
सरसल्लाह	202
सारु	202
सिजनका	202
सुन्धारा	202
सुहाना	202
सेनासँग	202
स्त्रीरोग	202
स्याङजा	202
हुरी	202
२०३८	202
अभिनेत्रीको	201
अर्थमन्त्रालयले	201
आँखाका	201
आख्यान	201
इन्डोनेसियामा	201
उडिरहेको	201
उपाध्यक्षका	201
कण	201
कांस्य	201
कोल्टे	201
खेल्नेछन्	201
गाँउपालिकामा	201
गिरोहका	201
गोकुलप्रसाद	201
गोलो	201
चाहनेले	201
चुचुरोमा	201
चौक	201
चौपट	201
छोप्ने	201
जनाइन्	201
टर्कीका	201
थप्यो	201
थाइल्याण्डमा	201
दर्शकहरुलाई	201
देख्छौं	201
नचिन्ने	201
निर्मात्री	201
पत्रकारीता	201
पदार्थहरू	201
परीक्षाफल	201
पाउनै	201
पाटनको	201
पिडितलाई	201
फापर	201
बजाज	201
बलदेव	201
बलेफी	201
बारेकोट	201
बित्ने	201
बिबिसी	201
भत्किँदा	201
भाषामै	201
महर्जनलाई	201
महायज्ञमा	201
मिलले	201
मुन	201
युक्रेनमाथि	201
युरोकप	201
यौटा	201
रिचर्ड	201
रिजाललाई	201
रेडियोले	201
रोकेपछि	201
रोजा	201
रोराङ	201
लञ्च	201
लिज	201
विधिवत्	201
विभूषित	201
विवेचना	201
व्यस्तता	201
सञ्चालकहरुले	201
सन्ध्यामा	201
सम्झनु	201
सांसदका	201
सिर्जनाका	201
सिलवालको	201
स्वस्तिक	201
हटाउँदै	201
हस्पिटलको	201
हामीबीच	201
हेरविचार	201
३३०	201
25	200
अधिकाशं	200
अफगानिस्तानबाट	200
अबिरल	200
इन्डोनेसियाको	200
उत्पादनसँग	200
उपनिर्देशक	200
एउटाको	200
एकका	200
कम्जोर	200
कालु	200
किसानहरूलाई	200
कुराका	200
केन्या	200
केहिदिन	200
खण्डित	200
खेलमै	200
गला	200
गाउँसभा	200
गृहमन्त्रालय	200
घटे	200
घरतिर	200
चलिरहेकै	200
चौकमा	200
छानबिनमा	200
जन्मे	200
जबरालाई	200
जिर्ण	200
डान्सर	200
ड्रग्स	200
तैयार	200
त्यहाँसम्म	200
थन्किएका	200
दिवसले	200
धाउनुपर्ने	200
नंबर	200
नरोकिएको	200
नल्याउने	200
नसकिए	200
पक्षपोषण	200
पनेरु	200
पालनामा	200
पोर्टलले	200
प्रमाणहरू	200
प्रर्दशनमा	200
प्राप्तिमा	200
बडिगाड	200
बाकसमा	200
ब्रस	200
भित्राउन	200
मधुमेहको	200
मर्मलाई	200
मलेसियाबाट	200
मल्टी	200
मातृत्व	200
मुछिएको	200
मेक्सिकोको	200
राख	200
राप्रपालाई	200
रामु	200
रुसलाई	200
विकार	200
विदेशस्थित	200
व्यवसायीहरूलाई	200
शाश्वत	200
शिब	200
सतर्करहनुहोस्	200
साइटहरु	200
सूचकांक	200
सूचनालाई	200
२०२९	200
June	199
use	199
¤	199
अगुवाहरुले	199
अभिप्रायले	199
अस	199
आयातलाई	199
आलोचक	199
उपलब्धिमूलक	199
एचडी	199
एपमार्फत	199
एलन	199
ओखलढुङ्गा	199
ओसाका	199
कठायत	199
कयौ	199
कार्यलयको	199
केटीलाई	199
केहीबेरमा	199
कैयौ	199
क्रमलाई	199
खेप्दै	199
गरेसंगै	199
गर्	199
गर्नेजस्ता	199
गुठीका	199
घरबारविहीन	199
चढाउन	199
चालिसेले	199
जन्मनु	199
जालमा	199
जिद्दी	199
टिप्स	199
डकैती	199
तर्साउने	199
तेह्र	199
त्यस्तैगरी	199
देखेकी	199
निश्पक्ष	199
नेसन्स	199
नैतिकताका	199
पराएको	199
पीडितहरूको	199
पुनका	199
पूर्वप्रमुख	199
पेरिसमा	199
प्रेसिडेन्ट	199
बजेसम्मको	199
बाराक	199
बिचौलियाको	199
बीचैमा	199
बैचारिक	199
भयंकर	199
मतान्तर	199
महलमा	199
महासंघलाई	199
मानसिकताले	199
मार्सी	199
मिश्रलाई	199
मीटर	199
मुलुकबीच	199
मूल्यभन्दा	199
मैला	199
रोपेका	199
ल्याइ	199
विद्यालयहरूले	199
विवरणहरु	199
विवेकले	199
शिघ्र	199
सर्वसाधरण	199
साँफेबगर	199
सामुद्रिक	199
साम्राज्यवादको	199
साविकका	199
सिईओ	199
स्टारले	199
हिड्दा	199
००१	199
१५००	199
अगाडिबाट	198
अटोमेटिक	198
अपुरो	198
अप्राकृतिक	198
अफलाइन	198
अभिभावकहरु	198
अवधिभित्र	198
असभ्य	198
आईसीसीले	198
उपर्युक्त	198
कक्षासम्म	198
कार्यलयले	198
कार्यालयहरुले	198
केन्द्रहरुमा	198
कोभिडबाट	198
क्याम्पसलाई	198
गरून्	198
गर्दासमेत	198
गर्नसके	198
घरै	198
चरितार्थ	198
चौरी	198
छनक	198
जथाभाबी	198
जम्न	198
ट्वीटरमार्फत	198
ढाडमा	198
तनहुँले	198
तरखरमा	198
ताइवानमा	198
तुलसीपुरको	198
तोलाको	198
त्यसदिन	198
थप्नुहोस्	198
दवाडी	198
दुईजनालाई	198
दुईवटै	198
दुर्व्यवहारको	198
धनमाल	198
नदेखिए	198
नबुझाउने	198
नहुदाँ	198
पछिसम्म	198
परन्तु	198
परेड	198
पहिल्यैदेखि	198
पिक्सेल	198
पेन्टिङ	198
फँडानी	198
फाउण्डेशनका	198
बढुवामा	198
बढेकोले	198
बताएपनि	198
बर्षकी	198
बाटा	198
बिस्थापित	198
ब्रश	198
भूभागका	198
मर्दा	198
मिसिन	198
मूल्यमान्यता	198
मेड	198
रियो	198
रीतिरिवाज	198
रोगहरुको	198
लक्ष्यअनुसार	198
लीलामणि	198
विधिलाई	198
व्यतीत	198
व्यवसायीकरण	198
व्यवस्थापनसम्बन्धी	198
श्रीप्रसाद	198
समर्थकको	198
समूहहरू	198
सहनी	198
सागरमा	198
सुरक्षामन्त्री	198
सोनम	198
स्वीमिङ	198
Dafabet	197
अघिल्तिर	197
अञ्जना	197
अरूका	197
आरोह	197
आलेको	197
उभिए	197
एकैछिनमा	197
ऐक्यवद्धता	197
ओठमा	197
कन्काई	197
कपिलबस्तु	197
कानूनलाई	197
किनारका	197
केन्द्रहरू	197
कोजाग्रत	197
क्यारेक्टर	197
क्षेत्रहरुको	197
खर्बको	197
खिम्ती	197
खेलाउन	197
खोल्दै	197
गरेकोछ	197
गल्लीमा	197
घण्टाभन्दा	197
घरबेटी	197
चाहन्छौ	197
चिनेका	197
छवटा	197
जननी	197
टहरामा	197
टीमलाई	197
तर्ने	197
त्रिपुरेश्वर	197
थाइल्याण्डको	197
दबाउन	197
दाँजोमा	197
दाताले	197
धनाढ्य	197
धनीलाई	197
न्यायाधिवक्ता	197
परिस्थितीमा	197
पूर्णकालीन	197
पोर्टलमा	197
पोष्टर	197
प्रतिनिधिसँग	197
प्रमाणहरु	197
प्रयोगविहीन	197
प्रवाहका	197
फेरिने	197
बाबालाई	197
भन्यौं	197
भवनहरू	197
मध्यमा	197
मार्तडी	197
रञ्जिता	197
रमन	197
राजनीतिकर्मी	197
रामदेव	197
राष्ट्रहरूले	197
लुटिएको	197
वनलाई	197
विपद्का	197
विश्वभरिका	197
विषयसँग	197
वीरेन्द्रको	197
शासकले	197
सकिँदैछ	197
सन्तुलनको	197
सन्धिमा	197
सारमा	197
सिटौलाको	197
स्वादको	197
हँ	197
होमनाथ	197
२०२७	197
videos	196
अभावलाई	196
अल्पमतको	196
अस्तित्वलाई	196
अस्पतालहरुले	196
अहिलेसम्मका	196
आजैबाट	196
उपकरणहरूमा	196
एकलाख	196
एसोसिएसनको	196
कम्बोडिया	196
कर्मले	196
कविताहरू	196
कागजातमा	196
कागजातहरु	196
केले	196
क्रोधित	196
क्वारेन्टाईन	196
गराइदिन	196
गर्नेभन्दा	196
गेष्ट	196
चिप्लिएर	196
चेतनामूलक	196
ज्ञानका	196
तपाईहरुलाई	196
तामाङका	196
दांव	196
दीपेश	196
नेमकिपा	196
पढेलेखेका	196
पत्याउन	196
पाइलटले	196
पात्रहरु	196
पीडितहरू	196
पीपीए	196
पुँजीपति	196
पुगेकाे	196
पुग्यौँ	196
पुराउने	196
पुलामी	196
प्यानलमा	196
प्रतिनिधिसभाले	196
प्रत्यक्षदर्शी	196
प्रमुखहरुको	196
प्रसंसा	196
प्रहारलाई	196
प्रेमिकाको	196
बनाइन्	196
बसपार्कबाट	196
बागमतीमा	196
बिद्यार्थीलाई	196
बेलुन	196
बैकिङ्ग	196
भन्थ्यो	196
भाउमा	196
मूलधारको	196
मेवा	196
यथार्थपरक	196
यसैविच	196
यौनसम्पर्क	196
रामारोशन	196
लिटरको	196
लुक्ला	196
वक्ताले	196
विषयबारे	196
शिल्प	196
संक्रमणदर	196
संस्कारका	196
संस्थामार्फत	196
समाउन	196
सिंगापुरको	196
सीडी	196
स्कुटरको	196
स्वास्थ्यकर्मीहरुको	196
हप्ताअघि	196
हल्लाको	196
हस्पिटलले	196
हान्दा	196
हुर्काउन	196
१३३	196
२०३९	196
email	195
अध्यादेशबाट	195
अन्तर्निहित	195
अन्दाज	195
अपराधीको	195
अमान्य	195
असह्य	195
आफन्तसँग	195
आर्टिफिसियल	195
एनआरएनएले	195
औलो	195
कर्माचार्यले	195
कार्यकक्ष	195
कार्यव्यवस्था	195
खनिएका	195
खरिदबिक्री	195
चलचित्रहरु	195
चिसोको	195
चोलेन्द्रशम्शेर	195
छात्रवृत्तिमा	195
छोरीहरू	195
जीवनकालमा	195
जुना	195
ढुङ्गेलले	195
तरंगित	195
तिरेका	195
दुख्यो	195
धार्मीक	195
नबढेको	195
निकायहरूले	195
नीतिअनुसार	195
नोवेल	195
परीक्षणपछि	195
पश्चाताप	195
पुनःस्थापनाको	195
पुर्खाले	195
पेलेर	195
प्रतिस्पर्धीलाई	195
बरहथवा	195
बर्षअघि	195
बासको	195
बुधबारसम्म	195
बोस्टन	195
भन्नेले	195
भाउजू	195
भारतलगायत	195
भावि	195
मुक्का	195
मृग	195
मेमा	195
यहाँलाई	195
यूकेको	195
राजनितिमा	195
लागेकोले	195
विनिता	195
व्यानरमा	195
शिवजी	195
श्रीमतीसँग	195
संकटले	195
संकायका	195
सदस्यद्वय	195
समीक्षामा	195
सिरिजका	195
सिर्फ	195
सिल्भर	195
स्विकृत	195
हटाइयो	195
हतियारले	195
हप्ताका	195
हामीसंग	195
हुनेछन	195
हेरिटेज	195
होटलहरु	195
१४९	195
१९८४	195
Reply	194
अक्षम	194
अगाडीको	194
अन्योलता	194
आओस्	194
इक्विटी	194
एक्लाएक्लै	194
एमए	194
ओलि	194
औपचारीक	194
कुँवरलाई	194
केन	194
केशवप्रसाद	194
क्राउन	194
क्लिप	194
खेतको	194
गर्नुपर्ला	194
गर्मीका	194
घुमेको	194
चुन्ने	194
चौबीसै	194
च्याङ्ग्रा	194
जगेडा	194
जोशीका	194
ढुङ्गेल	194
तरेर	194
तेजेन्द्र	194
त्यससँग	194
त्रासको	194
थामी	194
दरलाई	194
दुबैमा	194
नचलाउने	194
नमाज	194
नहुनुको	194
निकासका	194
नियमावलीले	194
पतञ्जली	194
पत्रकारहरूको	194
परस्पर	194
परिसरबाट	194
पिएचडी	194
पूर्वगृहमन्त्री	194
पेमा	194
प्राथामिकता	194
प्रासंगिक	194
फडानी	194
बच्चाहरुको	194
बढ्नुका	194
बन्दछ	194
बाँधिएका	194
बिगार्न	194
बूढा	194
बेदुराम	194
मंगलसेन	194
मनाइरहेका	194
मेरिल्याण्ड	194
मेहेनत	194
रिसले	194
रोजाई	194
रोपनीमा	194
लहरले	194
लेखकलाई	194
विषयवस्तुको	194
शासित	194
शिलन्यास	194
सदाबहार	194
सन्दर्भलाई	194
समात्ने	194
समिकरण	194
सरस्वतीको	194
साधारणतया	194
सिद्धान्तहरू	194
सुँगुर	194
सुनुवाइको	194
सुप्रिम	194
स्वास्थय	194
११६	194
११८	194
अत्तोपत्तो	193
अन्धो	193
अपनाउनुपर्छ	193
असरका	193
असहमत	193
आँपको	193
आइस	193
आगमनमा	193
ईन्धन	193
उछिन्दै	193
उनीहरूमध्ये	193
उपग्रह	193
एनआरएनएका	193
किसिम	193
कुरुवा	193
केमा	193
क्रा	193
क्षतिलाई	193
गठबन्धनसँग	193
गहिराई	193
चक्रबहादुर	193
जनशक्तिले	193
जाग्यो	193
जिसीको	193
जेसिज	193
झार्न	193
ढल्यो	193
तथ्यहरू	193
तारो	193
तेसैले	193
दिउँ	193
दोहोर्याए	193
धकेल्न	193
नचिनेको	193
नवल	193
निवासमै	193
नेपालद्वारा	193
पत्रकारहरू	193
पहुच	193
पारिने	193
पिसीआर	193
पुग्नुपर्छ	193
पुर्याएपछि	193
प्रतिद्वन्दी	193
प्रमुखसँग	193
प्रस्फुटन	193
फिलिपिन्समा	193
फिल्महरु	193
बस्नको	193
बहुमतमा	193
बालिकाका	193
बुढामगर	193
बेलहिया	193
ब्याकअप	193
भागहरु	193
भाग्यको	193
भिमसेन	193
भ्रमणपछि	193
मनमाया	193
महिनावारीको	193
मापसे	193
मृत्युमा	193
मोल्ड	193
याई	193
युवाहरुमा	193
रहिरहन्छ	193
रूखको	193
लगनशील	193
लगेपछि	193
लिंकमा	193
वान्ता	193
विद्येयक	193
विराजमान	193
विवादपछि	193
वेबसाइटहरू	193
श्लोक	193
संयुक्तरूपमा	193
समझ	193
समष्टिगत	193
साम	193
सामने	193
सिङ्गापुर	193
सुनमा	193
स्ट्रोक	193
हरिनारायण	193
हिंस्रक	193
१९औं	193
२०३१	193
अनसनरत	192
अपहेलना	192
असीम	192
उज्यालोमा	192
एकैछिन	192
एपी	192
ओइरो	192
कमलबजार	192
कम्पनीबीच	192
कविताका	192
काउन्सिलर	192
खोज्नुहोस्	192
ख्याती	192
गजबको	192
गतिशीलता	192
गर्दैछिन्	192
गर्नुमा	192
गाए	192
गेडागुडी	192
घाेषणा	192
चन्द्रकला	192
चीजहरूको	192
छेउछाउमा	192
जनप्रतिनिधिहरू	192
जोडने	192
जोनमा	192
टान	192
टेकनारायण	192
तलबमा	192
तिमीहरूका	192
ते	192
त्यतिबेलै	192
था	192
दाउराको	192
दुुई	192
ध्वनी	192
नवप्रवर्तन	192
नाकमा	192
निर्णयानुसार	192
पत्रकारहरूलाई	192
पर्याय	192
पोस्टरमा	192
प्रस्तावले	192
फैलावट	192
फैलिएर	192
फोटोकपी	192
बटुलेको	192
बाँदरको	192
बाजागाजा	192
बिद्यालयले	192
बोक्रा	192
भट्टी	192
भुजेलको	192
मारी	192
मुगुमा	192
मुरारी	192
योजनाबारे	192
रक्तश्राव	192
राजनितीक	192
रामधुनी	192
रूसले	192
लागेँ	192
लागेकै	192
विरूद्धको	192
सबैबाट	192
समयदेखी	192
सरुवामा	192
सरोकारवालाहरूले	192
सिमी	192
स्टोरबाट	192
स्वीच	192
स्वेच्छाले	192
हमासले	192
हृदयको	192
१९०	192
~	191
¸	191
अचम्ममा	191
अनौंठो	191
अवधिलाई	191
आमाबुवा	191
उतिबेला	191
ऊर्जामा	191
एक्सेल	191
एमाओवादीका	191
ओर	191
औधोगिक	191
कालको	191
गाउपालिकामा	191
गोष्ठीको	191
ग्रेडिङ	191
घामको	191
चरेससहित	191
चलेन	191
चालिस	191
चुरेको	191
च्यातिएको	191
छतबाट	191
छहरा	191
छायो	191
जनसंख्यामन्त्री	191
जनासँग	191
जैन	191
झिमरुक	191
ठाउँहरु	191
तल्लामा	191
ताराखोला	191
देखाइरहेको	191
नदीलाई	191
नासा	191
निकेश	191
नीता	191
पञ्जाब	191
पढ्छन्	191
परनिर्भरता	191
पराजुलीलाई	191
पहुँचयोग्य	191
पाँचसय	191
पाउँने	191
पाउनको	191
पार्ट	191
पुरेको	191
पुर्ने	191
प्रचारप्रसारको	191
प्रदेशकी	191
प्रसारणमा	191
फुटपाथमा	191
बालीनाली	191
बालुवाटारबाट	191
बिद्यार्थीहरुलाई	191
बुन्ने	191
ब्रिटेन	191
भ्रष्टाचारविरुद्ध	191
माइली	191
माछापालन	191
योगा	191
रथयात्रा	191
रसाइली	191
रसुवाका	191
राक्षस	191
लचकता	191
लेखपढ	191
लैजानका	191
वर्षातको	191
वाक्यांश	191
विघा	191
विपत	191
विष्फोटक	191
श्रममा	191
समायोजित	191
सवाललाई	191
सानोमा	191
सिपी	191
सुडान	191
स्वर्गमा	191
हजुरबा	191
हटेपछि	191
हस्तकलाका	191
हामीहरुले	191
हास्यकलाकार	191
्क	191
२०४४	191
३६५	191
do	190
अधिराज्य	190
अमरबहादुर	190
आँधीका	190
इंग्ल्याण्ड	190
इकोनोमिक	190
उचाइको	190
उडेका	190
उड्ययन	190
उदाएको	190
उद्गम	190
उपजको	190
उपनिवेश	190
ऋतिक	190
एउटामा	190
एकथरी	190
एलजी	190
काउचा	190
कारागारबाट	190
किताव	190
कुकीहरू	190
खाँडले	190
ग्रन्थमा	190
घोषणाले	190
चलेपछि	190
चाल्नु	190
चिठ्ठी	190
चुनौतीहरु	190
छानवीन	190
जिम्मेवारीका	190
टुङ्गोमा	190
डिजे	190
तन्नेरी	190
तमासा	190
तालिमप्राप्त	190
तुक	190
थानेश्वर	190
थाल्नुभएको	190
दिनेछु	190
देखिएकाे	190
द्ध	190
धुँवा	190
नवाज	190
नाकाबन्दीका	190
निगममा	190
निम्नानुसार	190
निर्वाचनसम्बन्धी	190
पद्धतिलाई	190
पराकाष्ठा	190
पर्यवेक्षण	190
पाइएला	190
प्रयोगशालाका	190
फूलमाला	190
फेवातालको	190
फैलिँदै	190
बालबालिकाहरुले	190
बित्छ	190
बिबिसीले	190
बिरालोको	190
भत्केको	190
भन्दाभन्दै	190
भविष्यमै	190
भूमिकाले	190
भेलाबाट	190
मध्यराति	190
मबाट	190
मान्छेहरुको	190
युआन	190
राखौं	190
रोहितले	190
र्याप	190
लगन	190
लाईभ	190
लागेपनि	190
लेस्टर	190
वुहानबाट	190
व्यवहारबाट	190
संख्याले	190
संसदिय	190
सनसनीपूर्ण	190
सम्वद्ध	190
सर्वोच्चता	190
सहभागिहरुले	190
स्थापितले	190
हतोत्साहित	190
हिंड्न	190
हेटौंडाका	190
हेमा	190
होचो	190
By	189
right	189
अनुपयुक्त	189
अप्ठ्यारा	189
आनन्दले	189
आफन्तहरुले	189
आवेग	189
उडाएर	189
उनीले	189
एक्सचेञ्ज	189
एक्स्पोमा	189
ओबामाले	189
ओलीबाट	189
कफ	189
कमीका	189
कलालाई	189
कुवा	189
गणनाको	189
गहतराजले	189
गार्मेन्ट	189
गुणस्तरहिन	189
गुना	189
गोंगबु	189
ग्याप	189
चोर्ने	189
छिमेक	189
ट्वाइलेट	189
डेलिभर	189
तिर्दै	189
तोडमोड	189
त्रिचन्द्र	189
थपघट	189
थाल्यौं	189
दुल्लु	189
नदेखिएपछि	189
नमुनाको	189
नल्याएको	189
निजगढमा	189
नेपालीहरुमा	189
पट्टि	189
पन्छाउने	189
परिपाटीको	189
परिवारजनमा	189
पर्यटकहरूको	189
पार्टीभित्रका	189
पाहुनाको	189
पूँजीवादी	189
पोसाकमा	189
फाँसी	189
बलात्कारमा	189
बाटोलाई	189
बेन	189
भएकि	189
मजबूत	189
मधुसुदन	189
मनोवल	189
यात्रुहरू	189
राजमार्गका	189
रात्री	189
रामपुरमा	189
रिटेल	189
रिमालको	189
रियाद	189
लक्ष्मीले	189
लगाइसकेको	189
वजारमा	189
वार्तापछि	189
विकासबाट	189
विद्यालयकी	189
विशेषगरि	189
व्यर्थ	189
शालीन	189
सँस्कृति	189
सङ्क्रमणकालीन	189
सञ्चालकहरु	189
सद्भावको	189
सभामुखका	189
समाजवादमा	189
समाजवादीलाई	189
सम्हाले	189
सयसम्म	189
सरोकारवालालाई	189
सापकोटाका	189
सिकाइको	189
सुचिकृत	189
सुमनले	189
स्वाधीन	189
हिटर	189
०६९	189
अग्रसरतामा	188
अधिनायकवाद	188
अबोध	188
अभावकै	188
अमेरीका	188
आगमनले	188
आफूखुशी	188
आरोग्य	188
इजलाशले	188
उमंग	188
एकान्तमा	188
एशियाको	188
ओलीमा	188
कामबाहेक	188
कायममुकायम	188
कार्यान्वय	188
किशोरले	188
किस	188
खुलामञ्चमा	188
गरिखाने	188
गर्थेँ	188
गर्नेक्रममा	188
गाभिने	188
गेटबाट	188
घण्टाका	188
चलायो	188
छत्र	188
छि	188
जन्माएकी	188
जम्प	188
जसपामा	188
झूटा	188
तारिखसम्म	188
त्यतिबेलासम्म	188
त्यसबारेमा	188
थरका	188
दुर्गममा	188
दुविधा	188
नक्साल	188
नन्दलाल	188
नर्वे	188
निरङ्कुश	188
निर्णायकको	188
निर्देशनपछि	188
पढाउनु	188
पुजन	188
पुर्ख्यौली	188
पूर्वकप्तान	188
पोर्टेबल	188
प्रक्राउ	188
प्रत्यायोजन	188
प्रधानन्यायाधीशलाई	188
प्रयोगकर्ताहरुले	188
प्राधिकरणबाट	188
फागुनदेखि	188
बर्खे	188
बारबर्दिया	188
बेथानचोक	188
बैधानिक	188
भरे	188
भिनाजु	188
भ्रमपूर्ण	188
मनीषा	188
मापदण्डविपरीत	188
मिती	188
मोक्ष	188
रफ्तार	188
रमाइरहेका	188
रमाउँदै	188
रुपान्तरणमा	188
लम्बिएको	188
लागिरहने	188
वयान	188
वाणगंगा	188
विभागसँग	188
श्रृंखलाको	188
संख्यालाई	188
सन्चार	188
समाजवादीबाट	188
सम्झौताबाट	188
सिकाइमा	188
सीमाका	188
सुस्ताएको	188
सूचि	188
स्पा	188
हालेपछि	188
२०४३	188
.:	187
also	187
अघिनै	187
अनुदार	187
अरुणकुमार	187
आफन्तहरु	187
आयोगसँग	187
आवश्यकताभन्दा	187
इन्डेक्स	187
इशारामा	187
उठायो	187
उद्योगहरुले	187
उद्वार	187
उपन्यासले	187
उपयोगको	187
उम्मेदवारहरुलाई	187
कायस्थ	187
कार्यहरुमा	187
किने	187
खड्गप्रसाद	187
गरिरहन्छन्	187
गौरमा	187
गौशालामा	187
चढ्दा	187
चरणबाट	187
चाकु	187
छुटे	187
जमाएको	187
डान्सिङ	187
डिजाइनका	187
डिपोको	187
डोरीले	187
ढाकिएको	187
तमू	187
तुलसीराम	187
थपिदै	187
थाल	187
थालेसँगै	187
दमनको	187
दाजुभाइको	187
देखाइने	187
धनगढीबाट	187
धवलागिरी	187
पसे	187
पहिराले	187
पुडासैनीको	187
पुर्याउनका	187
पुस्कर	187
प्रकारहरू	187
प्रतिबिम्ब	187
प्रमुखहरुले	187
प्रवाहित	187
प्रशासनबाट	187
प्रिन्टिङ	187
फेरेको	187
भएन्	187
भीरमा	187
मंगलबारसम्म	187
महँगोमा	187
महाराष्ट्र	187
माडीको	187
मोक्तानको	187
मोटरेबल	187
यातायातले	187
रङ्गको	187
रै	187
लगाइसकेका	187
लम्पी	187
लुइँटेल	187
विद्यालयहरुलाई	187
शक्तिबहादुर	187
शासकको	187
शिकारी	187
सकाएर	187
सम्भावनाका	187
साउण्ड	187
सागरको	187
सिँढी	187
सुल्झाउन	187
सोमप्रसाद	187
स्थानहरु	187
स्वयम्भू	187
हटाउँछ	187
हटाए	187
हरण	187
हस्ताक्षरसहित	187
हिँडेपछि	187
१९७१	187
English	186
Mazzako	186
अक्टुबर	186
अग्रवालको	186
अपदस्थ	186
अर्थको	186
आखा	186
उद्योगहरुको	186
उपायका	186
ओस्कार	186
कमको	186
कुकर	186
कुर्न	186
कुहिरो	186
केनले	186
कोहलपुरका	186
खोज्नुभएको	186
गएन	186
गाइने	186
गीतहरुमा	186
गुमाएपछि	186
गैरसंवैधानिक	186
गोजीमा	186
घटाउनु	186
घुम्दै	186
चालचलन	186
छलाङ	186
जनाएर	186
जानकारीहरु	186
जान्नको	186
टीमको	186
टेकेको	186
टेक्ससमा	186
तलबाट	186
तात्कालिन	186
त्यसैकारण	186
त्रैमासमा	186
देख	186
देखिँदैनन्	186
देखिएनन्	186
धवलागिरि	186
नेचर	186
पत्रकारिताका	186
पन्तका	186
पाउनुहोस्	186
पीडकलाई	186
पेटीमा	186
पोषिलो	186
प्यानलका	186
प्रत्यक्षमा	186
फस्टाउन	186
फ्लाई	186
बचाए	186
बढाईएको	186
बफादार	186
बाँधेको	186
बाबुआमाको	186
बालिकामाथि	186
बीपीले	186
बुझाइसकेको	186
ब्यारेक	186
भटमास	186
भागिदार	186
भेट्नु	186
मध्यमार्गी	186
मनाइदै	186
मशाल	186
महत्वकांक्षी	186
माक्र्स	186
यहाँनेर	186
यादवसँग	186
युरिक	186
रविलाई	186
राग	186
रावतको	186
राष्ट्राध्यक्ष	186
राष्ट्रियतालाई	186
रितेश	186
रुने	186
लोकतन्त्रवादी	186
लोकेश	186
वितिसक्दा	186
विद्यालयमै	186
व्यक्तित्वका	186
शीर	186
संशय	186
सदैब	186
सांग्रिला	186
सांघातिक	186
साकोस	186
सेन्टिमिटर	186
सोलुखुम्बुमा	186
सोलुसन	186
स्वास्थ्यकर्मीहरुले	186
हकका	186
होनहार	186
)’	185
अद्भूत	185
अन्तर्राष्ट्रियस्तरमा	185
अर्गनाइजेसन	185
असान्दर्भिक	185
अहिलेदेखि	185
आक्रमणपछि	185
आक्रमणलाई	185
आम्दानीका	185
इन्गेजमेन्ट	185
उपसमितिको	185
एयरका	185
एसयूभी	185
कतिवटा	185
कथाका	185
कन्सर्टमा	185
करन	185
कहरले	185
कारले	185
क्रान्तिलाई	185
गएनन्	185
गर्नेलगायत	185
गाउमा	185
गाथा	185
घरपरिवारका	185
घलान	185
जनगणनाको	185
जन्मसिद्ध	185
जन्मोत्सव	185
जानसक्ने	185
जिज्ञासु	185
जीवनसाथी	185
ज्ञानमा	185
झमेला	185
टार्गेट	185
ड्रग	185
तताउने	185
तथ्यहरु	185
दुर	185
द्वन्द्वपीडित	185
नहुन्जेल	185
नाच्दै	185
निकम्मा	185
निलकण्ठ	185
निस्दी	185
नेपालप्रति	185
पंक्तिमा	185
पदयात्रामा	185
पद्म	185
पर्दाको	185
पार्टिको	185
पेट्रोलमा	185
प्रहरीहरु	185
बंगला	185
बढ्दैछ	185
बहुमतबाट	185
बादललाई	185
बायो	185
बीचबाट	185
बोलाएपछि	185
ब्यांक	185
ब्याजदरको	185
ब्यापारिक	185
मजदुरहरुको	185
मद्दतको	185
मन्दीको	185
यसपल्ट	185
यिनीहरुले	185
यिनीहरूले	185
युएईले	185
रणनीतिहरू	185
राजदूतमा	185
रुपैयाँदेखि	185
रेडक्रसको	185
लोकमानसिंह	185
वातावरणले	185
विशिष्टता	185
वीचमा	185
वृद्धभत्ता	185
व्यापकता	185
शाखालाई	185
संस्कारलाई	185
सख्या	185
सत्तरी	185
सपरिवार	185
सभार	185
समाजसँग	185
सरला	185
सान्दर्भिकता	185
सारियो	185
सेवानिवृत्त	185
सेवामूलक	185
स्मारिका	185
हटेका	185
हस्पिटलका	185
हाम्राे	185
)-	184
Loading...	184
people	184
अन्तरास्ट्रिय	184
अन्नपात	184
असिम	184
आन्तरीक	184
आमाबाबु	184
आरोपलाई	184
उल	184
एलेक्स	184
कलाकारहरूले	184
कार्यलयका	184
कार्वाहीको	184
खीर	184
खुल्नेछ	184
खुशीयाली	184
खेमा	184
गर्बुजा	184
गुज्रिएको	184
घनत्व	184
चल्नु	184
चिर	184
छन्त्यालले	184
जनावरलाई	184
जन्मेर	184
जसपालाई	184
जाँदैछु	184
झरनाको	184
ट्रेजरी	184
डेस्कमा	184
तेब्बर	184
दशैंका	184
देबेन्द्र	184
धाउने	184
धारका	184
नभएकोमा	184
नियाल्दा	184
नियाल्न	184
निरपेक्षता	184
नेयमारले	184
पथलैया	184
पदेन	184
पाक	184
पारिवारीक	184
पूजाअर्चना	184
पेशाको	184
प्रतिष्पर्धामा	184
प्राप्ती	184
प्रावधानको	184
फर्कदा	184
फस्न	184
फाइदाका	184
फि	184
बुझ्दैनन्	184
बुटवलले	184
बृहस्पति	184
भनिसकेको	184
भन्नेहरू	184
भाइचारा	184
भालु	184
मच्छिन्द्रनाथको	184
महिनाकी	184
मुर्दावाद	184
यताको	184
यथाशक्य	184
यसैवीच	184
राखेपले	184
रामलाल	184
रायको	184
रित्तै	184
रौनियारले	184
लागुपदार्थ	184
लार्भा	184
लीले	184
वालेटमा	184
विज्ञता	184
विपक्षीलाई	184
विरुद्धका	184
व्यक्ती	184
श्यामकुमार	184
समर्थनको	184
समानुपातिकतर्फको	184
समीक्षक	184
सहअध्यक्ष	184
सार्नु	184
सीमापार	184
सुसंस्कृत	184
सोचेँ	184
स्वरले	184
हिंसाबाट	184
हेनरी	184
हेर्नुभयो	184
१९८६	184
२१औं	184
२७५	184
अनुत्तरित	183
अनौठा	183
अपनाई	183
अफगानिस्तानलाई	183
अभिनव	183
अभिप्राय	183
अर्जुनले	183
इष्ट	183
उद्योगीलाई	183
एजेन्सीका	183
ओझेल	183
करियरमा	183
कामदारहरू	183
कार्डबाट	183
क्षणको	183
गएसँगै	183
गर्नुभयाे	183
गाउँछु	183
गुम्न	183
गौरीगञ्ज	183
चरन	183
चाहान्छ	183
चिडियाखाना	183
छाउगोठ	183
जमिनलाई	183
झड्का	183
झिक्ने	183
टेक्ने	183
डोमेन	183
धौधौ	183
नतीजा	183
नबनाउन	183
नागरिकबाट	183
नाती	183
नील	183
न्यायीक	183
परमानन्द	183
परिस्थिती	183
पर्नेछन्	183
पायल	183
प्रसाईंको	183
प्रोडक्सनको	183
फरकमा	183
फाईनलमा	183
बढिको	183
बर्तौलाले	183
बहुसांस्कृतिक	183
बाँस्तोला	183
भाँडाकुँडा	183
भारतविरुद्ध	183
भुटानमा	183
मनाएर	183
मेलाका	183
मोडेलमा	183
मौकाको	183
यथाशिघ्र	183
यसैबाट	183
युबा	183
रंगमा	183
रिपोर्टको	183
रोजगारीलाई	183
लाङटाङ	183
लोककल्याणकारी	183
विगतलाई	183
वितरित	183
विशेषज्ञको	183
विस्तारलाई	183
वुहानमा	183
शा	183
संकेतहरू	183
संगीतलाई	183
सजिएका	183
सबथोक	183
सहायताका	183
सासंद	183
सिलबन्दी	183
सीमाबाट	183
सुजुकी	183
सुतिरहेका	183
सुरेन्द्रराज	183
सेक्सन	183
सोच्नुहुन्छ	183
स्वैच्छिक	183
हजुरले	183
हरूले	183
हाइड्रोलिक	183
हिलारी	183
१२२	183
22	182
Semalt	182
अङ्कले	182
अधिकतम्	182
अवतारमा	182
अस्पतालहरु	182
आईपुग्दा	182
आतंकवाद	182
उठाई	182
उमेद्वारी	182
एअर	182
कत्रो	182
करिअरको	182
करिना	182
करोडसम्म	182
काउन्टी	182
कामुक	182
कार्यक्रमसमेत	182
खटिएर	182
खबरमा	182
गरम	182
गाउँकी	182
गाउँदा	182
गुँड	182
गुप्त	182
घेराबन्दीमा	182
घोषणामा	182
चुक्यो	182
छोराहरू	182
जनआन्दोलनमा	182
जनामाथि	182
जातजातिको	182
जिताएर	182
जिल्लाभित्र	182
टेस्टमा	182
ट्रान्समिसन	182
तानसेनमा	182
तिरको	182
थिच्नुहोस्	182
दंगा	182
दस्तखत	182
दिदीबहिनीले	182
दुईमध्ये	182
दैलो	182
नक्षत्र	182
नपार्ने	182
नभन्नु	182
नम्बरी	182
निबासी	182
नेप्सेको	182
परिचयात्मक	182
परिवारजनले	182
पुनःनिर्माणका	182
प्रतिगमनको	182
प्रतीकको	182
फर्किदा	182
बचतकर्ता	182
बढाउनुपर्नेमा	182
बाराही	182
बुझेन	182
बैङ्कका	182
बोतलमा	182
ब्याट्रीको	182
भड्काउने	182
भत्किएर	182
माहोलमा	182
मुलुकहरू	182
मूलक	182
योजनाबाट	182
रश्मी	182
राख्थे	182
रामनगर	182
रिभर	182
लम्ब्याउन	182
लिभिङ	182
ल्यान्ड	182
वटाको	182
वर्षौंसम्म	182
वाशिंगटन	182
विकल्पहरूको	182
विविधताले	182
वृहत्	182
सन्दकपुर	182
सन्र्दभमा	182
सप्ताहव्यापी	182
समेटेका	182
सल्यानले	182
सामग्रीहरूको	182
सालका	182
सुनाउँछिन्	182
सेयरलाई	182
हातका	182
हिजै	182
हेभी	182
२२५	182
३२०	182
Trending	181
address	181
अङ्ग्रेजीमा	181
अध्ययनलाई	181
अनुराधा	181
अपरिपक्व	181
आफुसँग	181
आर्जनको	181
एकछत्र	181
ओढेर	181
ओमानमा	181
कटानको	181
कभर्ड	181
कम्युनिस्टको	181
कामकाजी	181
कार्यक्रमअनुसार	181
काष्ठमण्डप	181
कृषिप्रधान	181
केराबारी	181
कोलोराडो	181
कोल्टी	181
खेलकुदलाई	181
गजेन्द्रनारायण	181
गलौज	181
घरभन्दा	181
घलेको	181
घुमुवा	181
चिन्तनको	181
च्याउको	181
जगजाहेर	181
जनसहभागिता	181
जयगढ	181
जार	181
टनकपुर	181
टोलको	181
तलबको	181
तस्विरमा	181
तीनमा	181
थपिन	181
दाबीसहित	181
धर्मभक्त	181
नसुनेको	181
निरन्तरताका	181
निषेधाज्ञालाई	181
पढाएको	181
पद्धतिबाट	181
पसलले	181
पाता	181
पाथिभरा	181
पिरो	181
पुनर्जन्म	181
पूजाका	181
पूर्ववर्ती	181
प्रजातन्त्रवादी	181
प्रतिष्ठामा	181
प्रतिष्पर्धी	181
प्रशिक्षार्थी	181
बढुवाको	181
बनभोज	181
बलेवा	181
बहुत	181
बिच्छेद	181
बिषेश	181
बेच्दा	181
भएपश्चात	181
भाषी	181
भिडियोका	181
भोलीको	181
मजाले	181
महाभारतको	181
म्यानचेष्टर	181
याेजना	181
यूएईको	181
रहेनन्	181
रास्वपाका	181
लाग्यौं	181
व्यावसायमा	181
संसारबाट	181
सजायँ	181
सदनका	181
सबिता	181
सम्पन	181
सम्पर्कको	181
सरकारहरू	181
सिफारिसको	181
सुनारलाई	181
स्टलहरु	181
हकहितको	181
हाँगा	181
११९	181
want	180
अडिसनमा	180
असहजता	180
असुलेको	180
आत्मदाह	180
इटली	180
इलेक्ट्रिकल	180
उत्सवका	180
उपगुट	180
उपत्यकाबाहिर	180
एमसीसीमा	180
ऐरीले	180
ओलीमाथि	180
कहरका	180
कालजयी	180
कुनैमा	180
कुर्ता	180
खुसीयाली	180
गढीमाई	180
गरिरहेकाे	180
गृहकार्यमा	180
घाँसे	180
घोषणापछि	180
चुनिए	180
चुहिने	180
चौलागाईले	180
च्यानलको	180
जगाएको	180
जयन्तीका	180
जाँच्ने	180
डायमण्ड	180
डुबानको	180
तिथिमा	180
धुलिखेलमा	180
नख्खु	180
नजानेर	180
नदिइने	180
निर्दलीय	180
निष्कासित	180
न्यौपानेका	180
पत्रलाई	180
परेकोमा	180
पातको	180
पुग्नुभएका	180
पुनःसंरचना	180
पुनरावृत्ति	180
पूल	180
प्रणालीहरू	180
फाटेको	180
फूलहरू	180
बनाइदिन	180
बन्दुकको	180
बसबाट	180
भन्छिन	180
भरिने	180
भवानीको	180
भावनाका	180
मन्त्रीपरिषदको	180
माओवादीकै	180
मानमर्दन	180
मुलुकहरूले	180
मोटरसाइकलले	180
यशोदा	180
राउण्डमा	180
रातोपाटीलाई	180
रोङ	180
वक्ताहरूले	180
वक्तृत्वकला	180
विपरीतका	180
सकुन्	180
सञ्चारमाध्यमको	180
सनी	180
सन्जोग	180
समितिहरु	180
सिङ	180
सुविधाले	180
स्कट	180
हिजोसम्म	180
):	179
WordPress	179
अँध्यारोमा	179
अधिकारीहरुका	179
अनेरास्ववियुको	179
अभियोजन	179
अरुभन्दा	179
अर्जेन्टिनालाई	179
आगमनलाई	179
इन्फिनिटी	179
उपवास	179
एकाकार	179
एन्टिबडी	179
एसईईको	179
औधी	179
काँकरभिट्टा	179
कार्यकर्ताका	179
कार्यक्रमकाे	179
कुटेर	179
कुवेर	179
कोटेश्वरमा	179
गोठालो	179
ग्रुपमा	179
घोषणाका	179
चलाउनका	179
चिन्तक	179
चेम्जोङले	179
छानविनको	179
छायाँनाथ	179
जेब्रा	179
टेन	179
ठगेको	179
त्यसैबेला	179
दलहरुका	179
दलहरूका	179
दशगजा	179
दाताको	179
दुतावासले	179
धेरैजना	179
नखेल्ने	179
नबढाउने	179
नमान्दा	179
निर्णयबारे	179
पत्रकारहरूले	179
पिच्छे	179
पुतलीबजार	179
प्रदायकले	179
प्रशिक्षकका	179
फाइदाहरु	179
फोहरमैला	179
बढैयाताल	179
बसाइँसराइ	179
बालकोटमा	179
बाहुबली	179
बेइजिङले	179
बेइज्जत	179
बेलायतस्थित	179
बैङ्किङ	179
भन्नेबित्तिकै	179
भुमरीमा	179
महर्षि	179
माध्यमद्वारा	179
मानेमा	179
मालारानी	179
मिर्चैया	179
मेलम्चीमा	179
म्याग्दीले	179
राख्नेछ	179
रासन	179
लज	179
लिएमा	179
वर्षदेखिको	179
वाइफाइ	179
वास्तु	179
विरामीहरु	179
विल्सन	179
विष्णुमाया	179
वौद्धिक	179
व्यबस्थापन	179
शंख	179
सचिवका	179
सप्तरीले	179
सम्झँदा	179
सम्झिएर	179
सरकारहरु	179
सहयात्रा	179
सहरलाई	179
सुनिश्चितताका	179
सुसाइड	179
स्कुटरमा	179
हस्तक्षेपका	179
हिडडुल	179
हेपाहा	179
१९४९	179
”–	179
de	178
अधिकारवादी	178
अध्यक्षसहित	178
अरूसँग	178
आँखालाई	178
आएकालाई	178
आएदेखि	178
एपीएफका	178
औषधिमा	178
कंग्रेस	178
कम्पनीमार्फत	178
कानुनविपरीत	178
कृ	178
खुलस्त	178
गइसकेपछि	178
गज्जबको	178
गोडमेल	178
गौरवान्वित	178
चलाख	178
चारैतिरबाट	178
चोपडा	178
जनावरले	178
जवानको	178
जिकीर	178
जीवराज	178
ढल्ने	178
तपाईंहरूलाई	178
तेरा	178
थलोमा	178
थाना	178
थिम	178
दत्तचित्त	178
दिदीलाई	178
दुखको	178
देखाउँदा	178
देख्यौं	178
धड्कन	178
धरानबाट	178
ध्रुवीकरण	178
नगरपालिकासँग	178
नारावाजी	178
निकालिने	178
पाटनका	178
पुटिनको	178
पुर्खाको	178
पुर्णरुपमा	178
पोखरिया	178
प्रतिशतमात्र	178
फेन्सी	178
फेहरिस्त	178
बनाउछ	178
बनाउनुको	178
बर्खा	178
बस्नेले	178
बिस्तृत	178
बेइजिङको	178
ब्यक्तिहरुलाई	178
भावपूर्ण	178
भिन्नै	178
भूमिलाई	178
भोलीपल्ट	178
मसिना	178
महिलाहरुका	178
मासुका	178
मेनु	178
मोफसलमा	178
यामबहादुर	178
रजिष्टार	178
रास्वपाको	178
रिमा	178
रेफ्रीले	178
लडाईं	178
लिभरपुलको	178
विस्तारले	178
शर्मासँग	178
सञ्चो	178
सडकहरू	178
सबैप्रति	178
सरावगीले	178
सहयोगीले	178
साउँद	178
सुजल	178
सुभारम्भ	178
स्थलबाट	178
स्पीड	178
स्वतन्त्रबाट	178
हटिया	178
हालीमुहाली	178
हुवावे	178
१२४	178
Now	177
View	177
अस्पतालकै	177
आइसक्यो	177
आएकामा	177
इनिङ	177
उँचो	177
उत्तरको	177
उपस्थितिलाई	177
एमएम	177
कम्प्लेक्समा	177
कल्याणपुर	177
कानुनहरु	177
कालोपत्रेको	177
खुशि	177
गर्नुपथ्र्यो	177
गर्भावस्था	177
चाडपर्वका	177
चाडपर्वलाई	177
चालिएको	177
चुम्बकीय	177
चैँ	177
छर्न	177
छोटकरीमा	177
जतिखेर	177
ज्ञानले	177
टोनी	177
ढलेका	177
तोकिने	177
तोडिएको	177
त्यसभित्र	177
त्यसमै	177
दमकका	177
दशा	177
दिपकराज	177
दुनियाँको	177
दृश्यको	177
दैलोमा	177
नगरवासीलाई	177
नरोक्ने	177
नसकेकोले	177
निवेदकले	177
पढाईमा	177
पढ्नका	177
पीएसजीले	177
प्रतियोगिताअन्तर्गत	177
प्रविधिसँग	177
प्रेमीको	177
फिलिप	177
बन्दाबन्दीका	177
बल्ब	177
बसन्ती	177
बालेनको	177
भएजस्तै	177
भट्टका	177
माघदेखि	177
मार्क्स	177
मिलोमतोमा	177
मुला	177
याङ	177
रिटायर्ड	177
रियलका	177
लामखुट्टेले	177
लिदा	177
लोकेसन	177
वर्षअघिदेखि	177
व्यक्तिहरूसँग	177
शहरलाई	177
सकेन्	177
समयभित्रै	177
सयका	177
सर्वथा	177
सुगठन	177
सुधा	177
स्थानीयहरू	177
स्वयम्ले	177
हाेइन	177
हिँड्नुपर्ने	177
may	176
अतिकम	176
अर्कोको	176
असमानताको	176
आईसोलेसन	176
आपत	176
आयत	176
ईटहरी	176
उपभोक्ताहरू	176
उम्मेदवारहरू	176
एक्सेस	176
करिम	176
किलोमिटरमा	176
कुण्ठा	176
कुलुङ	176
केशरी	176
क्यालिफोर्नियाको	176
क्रिकेटलाई	176
खरायो	176
खोपमा	176
गतिविधिबारे	176
गरौँला	176
गुड्न	176
गुर्भाकोट	176
छायामा	176
जलस्रोतको	176
जिल्लामध्ये	176
जुम्लाले	176
ज्वरोका	176
टंकप्रसाद	176
टिक	176
डायलाइसिस	176
तस्करको	176
दिइँदै	176
दिदैँ	176
दुःखेसो	176
दूतावासलाई	176
धाममा	176
नउठ्ने	176
नगरवासीको	176
नपुगेपछि	176
नबढाउन	176
निसान	176
नृत्यमा	176
नोकिया	176
परिसरमै	176
पिपल	176
पोषणयुक्त	176
प्रयोगकर्ताका	176
फेसबुकका	176
बचाएर	176
बर्षहरुमा	176
बस्तुहरु	176
बहसपछि	176
बासु	176
बिज्ञप्ती	176
बिर्सने	176
भूमे	176
भेडाको	176
भैरहवास्थित	176
मजदुरका	176
मनतातो	176
मनभित्र	176
मनोकामना	176
मन्त्रिपरिषद्लाई	176
मानिसबाट	176
माबि	176
मूल्यहरू	176
यथार्थता	176
रानामगर	176
राप्रपामा	176
राष्ट्रहरुको	176
रुपियाँमा	176
लकडाउनपछि	176
लेखिने	176
शाहीका	176
शिवनाथ	176
श्राप	176
श्रीकृष्णको	176
सजिएर	176
सामसङ	176
सुगन्धित	176
सेकेण्डमा	176
स्थाई	176
स्थीत	176
स्रोतसाधनको	176
हत्तपत्त	176
हरदम	176
हाल्दै	176
हुनेहरु	176
१३८	176
अण्डर	175
अन्र्तक्रिया	175
अभिव्यक्तिप्रति	175
आफूतिर	175
उठाइरहेको	175
उत्पादनमुखी	175
उपनियम	175
उसँग	175
ऋणीलाई	175
एवंम	175
एसोसियसन	175
कंक्रिट	175
कटहरिया	175
कटाउन	175
कमलराज	175
कलेजोको	175
कुस्मा	175
खेतीतर्फ	175
गरिमालाई	175
गरेकालाई	175
गर्नुपर्थ्यो	175
गस्तीमा	175
ग्यारेज	175
चर्चमा	175
चा	175
चाडबाड	175
चिठ्ठा	175
चिनफिङले	175
छानबीन	175
जनकपुरबाट	175
जनकल्याण	175
जातिमा	175
जेन	175
झुण्ड	175
टर्कीमा	175
टिपरको	175
टीकाको	175
डिजाईनर	175
तदनुसार	175
तालिमहरु	175
तेन्जिङ	175
दिनेमा	175
नआउन	175
नलागी	175
नलागेपछि	175
नली	175
नविल	175
निष्कृय	175
नेपालीहरुका	175
पछिल्लाे	175
पदाधिकारीका	175
पाइनन्	175
पात्रले	175
पार्टीभित्रै	175
पिएसजीले	175
प्यालेस्टिनी	175
प्रतीत	175
प्रांगारिक	175
प्लटिङ	175
बजारमै	175
बन्धु	175
बागचौर	175
मभन्दा	175
महायज्ञको	175
मारियो	175
मेराे	175
युवतीसँग	175
योगफल	175
रिजन	175
रियर	175
लगाइरहेको	175
लहानमा	175
लिएनन्	175
विश्वस्तरीय	175
शनिबारबाट	175
शहीदको	175
षड्यन्त्रमा	175
संयोगले	175
सजाएर	175
सञ्चारका	175
सत्तापक्षका	175
सम्झिने	175
सम्मानले	175
सहसचिवको	175
साँखु	175
सिंजा	175
सिकाउँछ	175
सोध्नुभयो	175
स्टप	175
स्वास्थ्यप्रति	175
हराइरहेको	175
हुनुप	175
ʼ	174
अङ्कित	174
अध्येता	174
अन्जान	174
अव्यवहारिक	174
आइपिएल	174
आत्मीयता	174
आलमको	174
आवर	174
इन्डियाले	174
इपिएस	174
इशारा	174
ईपीएस	174
उनैलाई	174
उन्नतिको	174
एकअर्कामा	174
एजेन्टले	174
काठमाण्डौंमा	174
कार्यक्रमसहित	174
कार्यपालिकाले	174
केटाहरू	174
कैफियत	174
क्लबबीच	174
खाद्यवस्तु	174
गरेवापत	174
गूगल	174
गैह्र	174
गोरो	174
ग्रामको	174
घरखर्च	174
चलाउदै	174
चानचुने	174
चुकेका	174
छहारी	174
छापामार	174
जनआन्दोलनका	174
जेसीजले	174
ज्ञाता	174
ठगिने	174
तृणमूल	174
त्यहीबेला	174
दाइलाई	174
दीक्षा	174
धुर्कोट	174
नबुझाएको	174
नांगो	174
निम्तिने	174
नियालेर	174
नेम	174
न्यायधीश	174
पुरिँदा	174
प्रभुराम	174
प्रमुखहरू	174
प्लास्टिकका	174
बजारदेखि	174
बाँचे	174
बाटोघाटो	174
बाहिनी	174
बुझ्छन्	174
बोलिने	174
भक्तपुरबाट	174
भविश्य	174
भारततिर	174
मान्छ	174
मिल्क	174
मौसमले	174
राइ	174
राइट्स	174
रियलको	174
लागुऔषधसहित	174
लेखकका	174
वार्ताबाट	174
विकासन्युज	174
विरामीले	174
विस्फोटको	174
शर्ट	174
सकेनन	174
सन्जय	174
समायोजनका	174
सम्मत	174
सेनको	174
हातहरू	174
हाल्छ	174
१२३	174
21	173
अडानका	173
अनमोलले	173
अप्सन	173
अर्बौ	173
आइपुग्न	173
आक्रमणकारी	173
आर्मीलाई	173
इन्डियाको	173
उतारेको	173
उदासिन	173
उपरथी	173
औषधोपचार	173
कटु	173
क्रान्तिले	173
खर्चले	173
खातीले	173
खिर	173
गरिएकोे	173
गरेपछी	173
गेटा	173
गोपीकृष्ण	173
गोसाइँकुण्ड	173
घन्टासम्म	173
चरणबाटै	173
चौकीलाई	173
छानविनका	173
छिटोछरितो	173
जगदिश	173
जङ्गलको	173
जननेता	173
टिभिएस	173
ट्रयाकमा	173
तात्कालीन	173
तीब्रता	173
दाँतमा	173
धोती	173
नदिएकाले	173
नदिको	173
नातावाद	173
नामा	173
नीतिमार्फत	173
नेताहरूका	173
पठाइन्छ	173
पढेँ	173
पदहरुमा	173
परिवारकै	173
पेश्की	173
प्रकरणलाई	173
प्रतिपक्षीको	173
प्रमुखहरुलाई	173
प्रीमियम	173
फर्मको	173
फोडेर	173
फोहोरबाट	173
बगैंचामा	173
बर्गको	173
बस्नुभएको	173
बहाली	173
बाझिने	173
बिचल्लीमा	173
बिरगंज	173
ब्याचलर	173
भगत	173
भत्काइएको	173
भित्र्याएर	173
भेरीगंगा	173
भोजनको	173
भोटे	173
मध्यपुरथिमि	173
महलको	173
मागिरहेका	173
मोटर्सले	173
योजनावद्ध	173
रातिसम्म	173
राष्ट्रप्रमुख	173
रौतहटले	173
लाईनमा	173
लागिसमेत	173
लापरवाहीले	173
वर्षेनि	173
विश्वम्भरप्रसाद	173
व्याकरण	173
शनिबारसम्म	173
शाओमी	173
शुक्रबारका	173
सन्तोषले	173
सम्हालेपछि	173
सरोकारवालाहरूको	173
सहकारीहरु	173
साउदीको	173
सार्कीले	173
सिध्याउन	173
सुनिन	173
सुपरीवेक्षण	173
सुबास	173
सुशासनमा	173
स्तनको	173
स्पोर्ट	173
स्मृती	173
स्वार्थलाई	173
स्वास्थ्यकर्मीहरुलाई	173
हजुरबुवा	173
हतारहतार	173
हावादारी	173
हुँदासमेत	173
हुर्किएका	173
hours	172
अनुष्ठान	172
आखिरी	172
आरोहणमा	172
इन्दु	172
उचाल्ने	172
उद्यमशीलताको	172
उमालेर	172
करिडोरमा	172
कारलाई	172
कृतज्ञ	172
गण्डकीले	172
गरेछन्	172
गर्नेछन	172
गुप्तालाई	172
गोडा	172
गौरीगंगा	172
घेदुङ	172
चाहाने	172
चेकजाँचका	172
जज	172
जनवरीदेखि	172
जयशंकरले	172
जर्नलमा	172
झरेपछि	172
झाडीमा	172
ठाने	172
डाटाको	172
ढुकुटीमा	172
तथ्यले	172
दमौलीमा	172
दिर्घ	172
दुईतर्फी	172
धम्क्याउने	172
धर्मावलम्बी	172
धर्मावलम्बीको	172
नन्दा	172
नरमाइलो	172
नाघिसकेको	172
नेपालीसँग	172
परिपालना	172
परेसँगै	172
पर्याे	172
पसलहरू	172
पहिचानसहितको	172
पातमा	172
पिछा	172
पीआर	172
पुनर्स्थापनाको	172
प्रकाशकुमार	172
प्रतिनिधिहरूको	172
प्रश्नोत्तर	172
फर्किंदा	172
फलफूलमा	172
बादलको	172
बारीको	172
भेन्टिलेटरको	172
मन्थन	172
मापदण्डहरु	172
मार्केटि	172
मालिश	172
मेहनती	172
मौरीपालन	172
यान्छीले	172
येन	172
राससलाई	172
रेखाको	172
रेवती	172
लिम्बूलाई	172
लुटेरा	172
वाइबा	172
विखण्डन	172
विज्ञका	172
विनियमावली	172
विभागिय	172
विवेकको	172
विश्वयुद्ध	172
विष्णुले	172
संधै	172
संविधानमाथि	172
सक्छिन्	172
सक्रियतापूर्वक	172
सातदोबाटोस्थित	172
सामग्रीहरुको	172
सिकायो	172
सेनाबाट	172
सौन्दर्यको	172
हनुमन्ते	172
हर्ट	172
हिलोमा	172
होइनन	172
०६८	172
अर्जुनकुमार	171
अल्लाह	171
आतङ्ककारी	171
आपूर्तिका	171
ईन्टरनेशनल	171
ईर्ष्या	171
उत्सर्ग	171
उपहारको	171
उहाँबाट	171
एकअर्काका	171
एकलाई	171
एथ्लेटिको	171
ओपीडी	171
कटौति	171
कल्चरल	171
कारवाहि	171
कार्यकर्तामाथि	171
काशी	171
किंग्स	171
खेप्नुपरेको	171
खैलाबैला	171
खोजीको	171
गराउनुका	171
चापाकोट	171
छन््	171
जनवादको	171
जयसिंह	171
जहाजका	171
जुवातास	171
डटकमले	171
ढाक्ने	171
ढालेर	171
ढुङ्गाले	171
तक्मा	171
तालिवानले	171
थरीका	171
दर्लामी	171
दुतावास	171
धितोपत्रको	171
निता	171
निष्पक्षता	171
परिवारजन	171
पीडितहरूले	171
पुग्नेगरी	171
पूर्वप्रधानन्यायाधीश	171
पोख्न	171
प्रतापपुर	171
प्रसव	171
प्रिन्टर	171
प्रीति	171
फाउन्डेशन	171
बजेटमाथि	171
बताउंदै	171
बनाउनेतर्फ	171
बलात्कारीलाई	171
बुदे	171
बोलीको	171
ब्युरोका	171
भन्दछन्	171
भाकामा	171
भागाभाग	171
भ्रमको	171
मरुभूमि	171
महिनालाई	171
मागप्रति	171
मानवसेवा	171
मिच्ने	171
मुटुका	171
मोस्ट	171
म्युजिकल	171
यमन	171
राख्नुपर्दछ	171
राख्यौं	171
लथालिङ्ग	171
लुक्स	171
लेनिनले	171
लोकान्तरसँग	171
लोभी	171
वैकुण्ठ	171
व्यावस्थापन	171
शक्तिसँग	171
शितगंगा	171
संघर्षलाई	171
संतोष	171
सफ्टवेयरमा	171
सरोजकुमार	171
सहनशीलता	171
साम्यवाद	171
सुनाएर	171
सुम्पिएको	171
सुरुवातको	171
स्पेयर	171
स्यानिटरी	171
हटलाइन	171
हुनपर्छ	171
होस्टल	171
१२८	171
१५औं	171
am	170
send	170
अघिपछि	170
अनिर्णयको	170
अल्पकालिन	170
आईपीएलमा	170
आमने	170
उन्नती	170
उब्जाएको	170
एकमुष्ठ	170
एडभान्स	170
कदमविरुद्ध	170
कर्नर	170
कल्पनामा	170
काटे	170
कार्यहरुको	170
किचेर	170
कुखुरापालन	170
कुमालले	170
कैदीबन्दीलाई	170
खेलेपछि	170
गर्र्दै	170
घोषणासँगै	170
चुके	170
चोकको	170
छाउने	170
छानिएको	170
जनविरोधी	170
जानाजान	170
झरे	170
टकराव	170
टिप्पणीहरू	170
ट्रेन्डिङ	170
तेमाल	170
त्यहीबाट	170
त्यागेको	170
थप्पड	170
दण्डनीय	170
दुखाइको	170
द्वन्द्वात्मक	170
धनमाया	170
धातुको	170
धेरथोर	170
ध्यानकर्षण	170
ध्यानपूर्वक	170
नयाँपन	170
नागरिकताका	170
नेतासमेत	170
पखेटा	170
पसार	170
पायौँ	170
पालिकाबाट	170
पीसी	170
पुगियो	170
पूर्वराजदूत	170
प्रयाेग	170
फैलिन्छ	170
बचतमा	170
बताएर	170
बन्नको	170
बाँया	170
बाको	170
बीर	170
बैरागी	170
बोयर	170
बोरुसिया	170
ब्यवस्थापनमा	170
भन्सारबाट	170
भावनाहरु	170
मन्त्रीसँग	170
मस्ती	170
महासचिवले	170
माझीको	170
माडीमा	170
मृत्युले	170
यहाँहरूका	170
युनाइटेडको	170
योगको	170
रचनाकार	170
रहेनछन्	170
रेमिट्यान्सको	170
लागूपदार्थ	170
लापरबाहीका	170
लीक	170
लोसपाका	170
ल्याउनको	170
शालिन	170
शिर्षक	170
षडानन्द	170
संवत	170
संविधानतः	170
संस्कृतिक	170
सदरमुकामको	170
सन्देशको	170
समयानुसार	170
साङ्गठनिक	170
साेही	170
सिंहदरवार	170
सीतालाई	170
सूचनाहरु	170
१२६	170
१९७५	170
COVID-19	169
अंगहरु	169
अगाडिका	169
अमन	169
अलीले	169
अाफ्नाे	169
आखिरमा	169
आबश्यकता	169
आरुघाट	169
इते	169
उठाउदै	169
उपचारबाट	169
एन्टोनी	169
एलिजा	169
कंचनपुर	169
कनिका	169
करिअरमा	169
कुवर	169
केटालाई	169
क्षेत्रभित्रका	169
खड्क	169
खाँड	169
गभर्नरको	169
गरिबलाई	169
गरियको	169
गरेजस्तै	169
गाडीहरू	169
गौचनको	169
ग्रासरुट	169
ग्लोवल	169
चक्का	169
चेल्सीको	169
छापावाल	169
छोड्छ	169
जंगलबाट	169
जगतका	169
जन्मेकी	169
जितबहादुर	169
जोडिएकाले	169
जोरायल	169
झन्झन्	169
टिनको	169
तहकै	169
तुलसा	169
दिनुहुनेछ	169
धर्मनिरपेक्ष	169
धानका	169
नक्साको	169
नियमविपरीत	169
निर	169
निवासबाट	169
निवृत्तिभरण	169
पढ्छु	169
पार्टीहरुको	169
पीएचडी	169
पुगेपनि	169
पुग्थे	169
पोस्टको	169
प्रगतिमा	169
प्रतिलिपी	169
प्रधामन्त्री	169
प्रयोगकर्ताहरु	169
प्रोजेक्टको	169
फर्किदै	169
फर्की	169
फलफूलका	169
फिक्कल	169
बनाएरै	169
बिजुलीका	169
बोलचाल	169
भागहरूमा	169
भेउ	169
महाप्रवन्धक	169
महिनाबाट	169
माग्नुपर्ने	169
मारुनी	169
मिहेनत	169
म्यान्डेट	169
यज्ञबहादुर	169
रक्तचापको	169
रहेकालाई	169
राष्ट्रहरुले	169
रूखहरू	169
रैबार	169
लक्ष्मीनारायण	169
लघुवित्तका	169
लिभरपुललाई	169
लिस्टमा	169
वाँकी	169
विकिरण	169
विधागत	169
विविधतालाई	169
सङ्घमा	169
सचिवहरु	169
सविधान	169
सह्य	169
सावधानीका	169
सिक्नुपर्ने	169
सुरक्षीत	169
सूचारु	169
स्कूलका	169
स्टारर	169
हृदयघातका	169
१०औँ	169
July	168
अड्कल	168
अभागी	168
अवस्थी	168
आइपुग्छन्	168
आइसीयू	168
आईपीओमा	168
आफुमा	168
आरआर	168
उच्चस्तरको	168
उद्योगहरूमा	168
ऋतुमा	168
एकनारायण	168
एक्टिभ	168
एमआरआई	168
कतिखेर	168
कल्भर्ट	168
काठमाडौंसम्म	168
किस्ताको	168
कोलेस्ट्रोल	168
क्रसिङ	168
खड्गीले	168
खुलेसँगै	168
खेलाइने	168
खेल्नका	168
गंगाप्रसाद	168
गणितीय	168
गरिनुपर्नेमा	168
गरिरहन	168
गर्नतर्फ	168
गाउँदेखि	168
चमत्कारिक	168
चोकदेखि	168
चौकीबाट	168
छिटोछिटो	168
टेकेन्द्र	168
टोन	168
ट्रिपर	168
डायपर	168
डिजल	168
डेंगी	168
तेजाब	168
दनुवार	168
दर्शनले	168
दिग्गज	168
दिनुहुने	168
दुईओटा	168
द्दा	168
द्धितीय	168
नइ	168
नबसी	168
नवयुग	168
नागको	168
निबन्धमा	168
निरीक्षणका	168
निर्वाचनसम्म	168
पशुपतिको	168
पुग्नेछन्	168
पोर्चुगलमा	168
प्रकाण्ड	168
प्रतिबद्धताको	168
प्रश्नलाई	168
प्रस्तुतीमा	168
प्राणघातक	168
फकाएर	168
फस्दै	168
फेदमा	168
बराललाई	168
बर्खाको	168
बाँधको	168
बाइ	168
बायोएनटेक	168
बैकको	168
भण्डारीबाट	168
भनाइले	168
भारतीयले	168
भुकम्पले	168
भुर्तेलले	168
भूमिहिन	168
मड्रिडका	168
मानसपटलमा	168
मार्गदर्शक	168
मिक्स	168
मिटरभन्दा	168
रनवे	168
राख्दैनन्	168
राजदूतलाई	168
लागिन्	168
ल्याउदै	168
वनजंगल	168
वर्षौ	168
विधवा	168
विधिसम्मत	168
विभक्त	168
वेदना	168
शुरुदेखि	168
संयूक्त	168
संविधानविद्	168
सक्नेगरी	168
सहभागीतामा	168
सांसदमा	168
सुझावमा	168
सुत्र	168
सुप	168
सोमा	168
हरितगृह	168
हिले	168
ह्याम्स	168
१९८८	168
weeks	167
अनलाइनका	167
अनलाइनले	167
अमेरिकाबीच	167
आउनासाथ	167
आब्हान	167
आमाबुबा	167
आयातकर्ता	167
इञ्जिनीयर	167
इन्स्योरेन्सका	167
उत्रिएपछि	167
उत्रेको	167
उनैको	167
उपाध्यायलाई	167
कचनकवल	167
कतारबाट	167
कपाललाई	167
कलकत्ता	167
काट्दा	167
काठमाण्डु	167
कारणमा	167
किराले	167
कैयन्	167
क्रसमा	167
क्रियाकलापका	167
क्षेत्रहरूको	167
खन्दा	167
खरेललाई	167
गरिहेका	167
गर्छाैं	167
गुगलमा	167
गौरवपूर्ण	167
ग्यालरी	167
ग्राहकसँग	167
घरपरिवारमा	167
चरणमै	167
चलाइने	167
चीनतर्फ	167
जरीवाना	167
झु	167
टुहुरा	167
ट्रकलाई	167
डिजेलको	167
डोल्मा	167
ढाकामा	167
तीनकुने	167
थिति	167
दलेर	167
दाजुभाइले	167
दिनेछौं	167
दिन्थ्यो	167
दुईतिहाई	167
नपाइएको	167
पदमार्गमा	167
पदार्थलाई	167
पर्खनु	167
पालिकाहरुमा	167
पाल्दै	167
पेस्ट	167
प्यार	167
प्रडक्ट	167
प्रधानमन्त्रीकै	167
प्रश्नावली	167
प्रसिद्धि	167
प्रावधानअनुसार	167
प्रेसलाई	167
फकाउन	167
फुर्सदमा	167
फैलिसकेको	167
बकपत्र	167
बताउछिन्	167
बनाइदिन्छ	167
बनाउँने	167
बब	167
बाजुराले	167
बिदुर	167
बेदकोट	167
ब्रिगेड	167
भएमात्र	167
भन्छौ	167
भयले	167
भिर	167
भूकम्पपीडितलाई	167
मन्त्रीबाट	167
महाशिवरात्रि	167
माल्दिभ्सको	167
मिनि	167
मुख्यगरी	167
मोतीराम	167
यूरोपियन	167
रचनामा	167
रुदै	167
रोजी	167
वितरणलाई	167
वेस्टर्न	167
शैतानको	167
संघर्षबाट	167
सन्तोषकुमार	167
सयम	167
साउन्ड	167
सिमावर्ती	167
सुसमाचार	167
सोध्नुहोस्	167
हँसिलो	167
हरिकुमार	167
१५३	167
१९को	167
१९६२	167
……	167
like	166
many	166
अगाडिसम्म	166
अफ्ठ्यारो	166
असिस्ट	166
आदेशअनुसार	166
आफूहरुसँग	166
एकादशीको	166
एजेन्टको	166
कंगनाले	166
कमलप्रसाद	166
कारकहरू	166
कोरोनाभाइरसका	166
क्रियाकलापहरू	166
खस्किएको	166
खाँडादेवी	166
खोलिने	166
गड्डाचौकी	166
गोरखपुर	166
घरजम	166
घाटाको	166
चाँडोभन्दा	166
चाँदीका	166
चाहनामा	166
चाहनेलाई	166
च्यासल	166
छल	166
जडीबुटीको	166
जानेमा	166
जीन	166
जीपमा	166
टिकाउने	166
टोलीबीच	166
तपाइ	166
तिलाठी	166
थाइराइड	166
थ्रि	166
दमकको	166
दरवन्दी	166
दर्जामा	166
दिनहुँजसो	166
देख्नुभएको	166
देशैभरका	166
नदेखिएका	166
नलागे	166
नहेर्ने	166
नाटकले	166
नियमनको	166
निरिह	166
पंगेनीले	166
पुनर्जीवन	166
पोख्ने	166
प्रष्टै	166
प्रांगणमा	166
बँदेल	166
बगनासकाली	166
बलिउडकी	166
बादी	166
बिम्ब	166
बिहारी	166
बिहीबारसम्म	166
बैंकमार्फत	166
भरका	166
भीष्म	166
भेल	166
महन्त	166
मारुती	166
राष्ट्रियताका	166
रुपैंयाँ	166
र्यापर	166
लोकेन्द्रबहादुर	166
विनोदकुमार	166
श्रोताको	166
समुहबाट	166
सम्पादनको	166
सांझ	166
सांसारिक	166
साथि	166
सुकाउने	166
स्विस	166
हायात	166
हिल्सा	166
२७०	166
January	165
अंगीकार	165
अधिकारसम्पन्न	165
अनाहकमा	165
अलआउट	165
अस्वीकार्य	165
आजिवन	165
आबस्यक	165
आमनेसामने	165
आरोपसमेत	165
इतिहासकार	165
इनफ	165
इन्चार्जको	165
उत्त	165
उद्योगहरूको	165
उमाकुण्ड	165
एलिजाबेथ	165
ओसारपसारमा	165
कडेल	165
कन्भिन्स	165
कारणवश	165
कार्यदललाई	165
कार्यान्वयनलाई	165
किराँतीले	165
क्रोम	165
खट्ने	165
गल्तीको	165
ग्यासमा	165
घरहरुमा	165
घुमाउन	165
चाहनुहुन्न	165
छल्ने	165
छुटमा	165
छुट्टिएर	165
छोयो	165
जनघनत्व	165
झ्यालको	165
ठग	165
डेविड	165
दाबि	165
दिईरहेका	165
देवप्रसाद	165
नँया	165
नगन्य	165
नाजिर	165
नारीले	165
निरोगी	165
निर्माणधिन	165
निर्यातका	165
निल	165
निस्कनु	165
नेदरल्यान्ड्स	165
न्यूरोड	165
परिकारहरु	165
पाँचपोखरी	165
पेले	165
प्यासी	165
प्रवद्र्धनको	165
फर्कंदा	165
फर्सी	165
भनाइको	165
भनेअनुसार	165
भर्नाका	165
भाग्यमा	165
मिडियाहरुले	165
मुद्धाको	165
यज्ञप्रसाद	165
यसकाे	165
राइको	165
रोपण	165
लगाएँ	165
लड्नका	165
लस्कर	165
लेकमा	165
वनेको	165
वर्ड	165
वादविवाद	165
विघटनपछि	165
व्यक्तिमाथि	165
श्रीलंकालाई	165
श्वेत	165
सङ्घर्षमा	165
सत्तापक्षले	165
सर्वमान्य	165
सामाना	165
साह्रो	165
सुधिर	165
सूर्यास्त	165
स्थायित्वका	165
हराउँछ	165
हुनेगर्छ	165
हेलिप्याड	165
१९८७	165
†	165
October	164
so	164
अख्तियारलाई	164
अज्ञानता	164
अतिआवश्यक	164
अन्जना	164
अन्यत्रै	164
अभाब	164
अभिब्यक्ति	164
अस्पतालहरुलाई	164
आकाङ्क्षा	164
आमाबाबुले	164
इन्जिनियरको	164
उपकप्तान	164
उपभोक्ताहरुले	164
उपमेयरको	164
एसोसिएशन	164
ओखलढुंगाका	164
कामदारहरूको	164
कामपाले	164
कार्यक्रममाथि	164
कार्यक्रमहरुलाई	164
कोभ्याक्स	164
क्रुज	164
खटेर	164
खाडीका	164
खुवाउनु	164
खुशीले	164
गाउँलेलाई	164
गीतसंगीत	164
गैँडाको	164
गोरखापत्रमा	164
घटस्थापनाको	164
घराना	164
घोडाको	164
छरिएको	164
छिपाई	164
छोराका	164
जत्तिको	164
जबरजस्त	164
जिल्लाकाे	164
जिल्लाहरु	164
ज्यालादारीमा	164
झोले	164
टम	164
ट्रष्ट	164
डल्लो	164
थपलियाको	164
दसौं	164
दुर्इ	164
देखाउनका	164
देला	164
धनगढीले	164
नबोली	164
नामहरू	164
निकाल्छ	164
निराशाको	164
नेपालसँगै	164
पञ्चेबाजा	164
पदाधिकारीहरूको	164
पोष्टको	164
प्यानलले	164
प्रमाणपत्रमा	164
प्रस	164
प्राध्यापन	164
प्लान्टको	164
फ्लो	164
बस्नुहुन्छ	164
बालसुधार	164
बिछ्याउने	164
बुझन	164
बोस	164
ब्यक्ती	164
भान्जा	164
भीर	164
भ्रष्ट्राचार	164
मङ्सिरमा	164
मनाईने	164
माफियाको	164
मासेर	164
मास्ने	164
मिश्रा	164
यूकेले	164
रक्षाबन्धन	164
रवी	164
रिसाउने	164
रूपन्देहीको	164
लत्ता	164
लामबद्ध	164
लोभ्याउने	164
विघटनलाई	164
विभाजनका	164
विरामीहरुलाई	164
वृद्धवृद्धालाई	164
वेड	164
व्यवस्थासमेत	164
शिवलाई	164
शुरुमै	164
श्रमिकहरु	164
श्रीपेच	164
समन्वयका	164
समर्थकहरु	164
सहजरूपमा	164
सहमतीय	164
सिक्नुपर्छ	164
सिनेटमा	164
सुखमय	164
सुपरभाइजर	164
सेनाबीच	164
सेवनबाट	164
हरिराम	164
हरेकको	164
हिटलर	164
ह्वील	164
१४६	164
२०४१	164
100%	163
its	163
अंगभंग	163
अनलाइनको	163
अरबौं	163
अरुसँग	163
अर्थहीन	163
अवधिमै	163
आठमा	163
आरोपपत्र	163
इटालीका	163
इन्टरटेनमेन्ट	163
ईन	163
उपमन्त्री	163
उभिनु	163
उल्लेखनिय	163
ओबामा	163
काठमाडाै	163
कार्यहरूमा	163
किचन	163
कृषकका	163
क्रमबद्ध	163
खिचडी	163
खोलो	163
गराईने	163
गरेकोप्रति	163
गर्नासाथ	163
गिराउने	163
गिरीका	163
गैंडाको	163
ग्रीस	163
चक्रमा	163
चरित्रका	163
चिम्लेर	163
छाड्दै	163
छेड्ने	163
जुटिरहेका	163
टाँगेर	163
ठगुन्ना	163
डिफेन्डिङ	163
तलाउ	163
थ्रु	163
दस्ताबेज	163
धाक	163
धामीलाई	163
धिरेन्द्र	163
नआउँदै	163
नर्सलाई	163
नलागेसम्म	163
निमावि	163
निवेदनका	163
पदाधिकारीसँग	163
पाउनबाट	163
पुनर्मिलन	163
पुलले	163
प्रदेशसभाबाट	163
प्रशिक्षकलाई	163
फुट्न	163
बसेकै	163
बायर्नले	163
बोहरालाई	163
भाइबर	163
भूमिसम्बन्धी	163
मच्छिन्द्र	163
मलिन	163
मानवले	163
मियाँले	163
मृत्युु	163
मेटमणि	163
मोहनविक्रम	163
यूएस	163
रणनैतिक	163
रम्भा	163
राज्यव्यवस्था	163
रिबन	163
लगानीकर्ताहरुको	163
लाग्नुको	163
लाग्नुभयो	163
लाभदायी	163
लुटेको	163
ल्याउँछन्	163
वडासदस्य	163
विचाराधिन	163
वोल्दै	163
व्यवस्थाबाट	163
शूल्क	163
श्वेतपत्र	163
संगठनहरू	163
सगरमाथामा	163
सचिबमा	163
सचिवालयबाट	163
सप्तकोसी	163
समूहद्वारा	163
सयवटा	163
सहभागीको	163
साँगाचोकगढी	163
सोच्छु	163
सोनारी	163
स्वयंसेविका	163
हट्छ	163
हाउभाउ	163
हारबाट	163
हिँड्छन्	163
हेर्नुहुन्छ	163
१४५	163
१५५	163
असुल्न	162
आगमनसँगै	162
आजाद	162
ईभी	162
उहीँ	162
ओखलढुंगाको	162
कन्सल्टेन्सी	162
कसरतमा	162
कांग्रेसी	162
किर्तिमान	162
कृयाकलाप	162
खटाएर	162
खरिदबिक्रीको	162
खाम	162
खोसेको	162
गछौँ	162
गमगढी	162
गरियोस	162
गिरफ्तारी	162
ग्याङ	162
चन्द्रा	162
छालाका	162
जस्मा	162
जाँच्न	162
जातीको	162
जानेलाई	162
जेसीजको	162
झारेको	162
झुक्याउने	162
टेलर	162
ठगिएका	162
ठम्याई	162
डेक्स	162
तात्पर्य	162
दराजमा	162
दलितका	162
दिन्छिन्	162
दिलमाया	162
नाइँ	162
नासो	162
नौमती	162
पत्रकारहरूसँग	162
पाइएका	162
पुष्पलालको	162
प्रभावितको	162
प्राविधिकलाई	162
प्रेसको	162
फरेन्सिक	162
फिजिकल	162
फिरोज	162
फेर्दै	162
फ्यानले	162
बढ्छौं	162
बहुमतीय	162
बानियाँको	162
बायोमेट्रिक	162
बुझ्नको	162
बुटिक	162
ब्यक्तित्व	162
भक्तजनहरु	162
भर्नाको	162
भलिबलको	162
भारतीयको	162
भारतीयलाई	162
मिटरब्याजी	162
मुखरित	162
मूर्तिको	162
मेटल	162
राखिरहेका	162
रिपोर्टर	162
रोगीलाई	162
लेख्छ	162
लेनमा	162
ल्याइसकेको	162
विचित्र	162
विश्वेश्वरप्रसाद	162
विष्णुबहादुर	162
विस	162
वेभ	162
व्यक्तिहरूका	162
व्यय	162
श्रमिकहरुलाई	162
संवद्र्धन	162
संसारमै	162
सक्छस्	162
सङ्गै	162
सञ्चारकर्मीहरुसँग	162
सन्तोषको	162
सम्प्रदाय	162
सहादत	162
सार्स	162
सिआइबीले	162
सुरमा	162
सेनाध्यक्ष	162
स्कुटी	162
स्टोरको	162
स्ट्रिमिङ	162
स्थानीयसँग	162
स्पष्टसँग	162
स्वस्थकर	162
हज	162
हस्तक्षेपकारी	162
हिन्दीमा	162
हिल्स	162
होे	162
१९७९	162
३६०	162
अध्यक्षहरुले	161
अनुकरण	161
आर्कषक	161
आवेगमा	161
ऋणीको	161
एक्स्टेन्सन	161
एम्पुल	161
औषधिहरु	161
कं	161
कटवाल	161
काण्डको	161
कार्यविधिको	161
केजीमा	161
कैदीको	161
खाँ	161
घरकै	161
घर्तीमगरले	161
चावहिल	161
चिकेन	161
चियर	161
चौडाई	161
छपाई	161
छिरे	161
छोएर	161
जनअपेक्षा	161
जानुभन्दा	161
जित्नका	161
टर्च	161
डेनिस	161
तत्	161
तस्विरहरु	161
तौलिहवा	161
थाल्दछ	161
दिईरहेको	161
दिलेन्द्रप्रसाद	161
दृष्टिबाट	161
देखाइ	161
देखिनेछ	161
नदेखेपछि	161
नागढुङ्गा	161
नेताद्वय	161
नेमकिपाका	161
पठाइदिन्छु	161
पहारीले	161
पाउनासाथ	161
पार्लर	161
पाली	161
पिडितको	161
पुगिरहेको	161
प्यानलको	161
फाउण्डेशनको	161
फेटा	161
बलत्कार	161
बालरोग	161
बिगारेको	161
बिताएर	161
बिसीले	161
बिस्तारको	161
बीबीसीलाई	161
बुढानीलकण्ठ	161
ब्रान्डिङ	161
भारतकी	161
भुटानलाई	161
भोकमरीको	161
भोक्राहा	161
मनसुनको	161
माइ	161
मार्क्सवाद	161
मिड	161
मेटा	161
रात्रि	161
रामलाई	161
रेको	161
रोयटर्सले	161
लगाइदिएको	161
लठ्ठी	161
लिभरपुलका	161
विजयले	161
विविधतामा	161
शब्दावली	161
शिख	161
साईबर	161
साझेदारीका	161
सातामै	161
सिफ्टमा	161
सुटिङका	161
सुनाएपछि	161
सोचिरहेको	161
स्पेसल	161
हजारलाई	161
2015	160
अर्थले	160
अवधारण	160
आयाेजना	160
इन्द्रजित	160
इमरजेन्सी	160
उत्तमराज	160
एघारौं	160
एमआई	160
कठपुतली	160
कमलबहादुर	160
कमायो	160
कविताहरु	160
काटिने	160
कार्यवाही	160
किसन	160
कोहलीले	160
क्यालेण्डर	160
क्रमले	160
खवास	160
खसाल्ने	160
ख्वप	160
गोयल	160
चलाउ	160
चापागाईले	160
चितुवाले	160
चित्रहरू	160
चिरफार	160
चुस्तदुरुस्त	160
चेलीको	160
जनप्रतिनिधिका	160
जु	160
जोसुकै	160
झपट	160
डिएगो	160
डोम	160
तयारीलाई	160
तीनका	160
थुलुङ	160
दर्शकका	160
दलालले	160
दशकौंदेखि	160
दाजुभाइलाई	160
दिया	160
दिव्या	160
दीर्घायु	160
धादिङले	160
धोनीले	160
नामलाई	160
नाराको	160
नेपालभन्दा	160
पठान	160
परीक्षणलाई	160
पर्यटनसँग	160
पूर्वएमाले	160
प्रतिवादीको	160
प्रत्यारोपणका	160
प्रस्तावहरु	160
फैलाएर	160
फ्याक्ट्री	160
फ्रिजमा	160
बन्दना	160
बसि	160
बाग्लुङको	160
बिडारीले	160
बेठिक	160
बेरमा	160
बोलाइयो	160
भएपश्चात्	160
भविश्यमा	160
भागदौड	160
भुटानका	160
मन्त्रालयकै	160
मल्हम	160
माटोका	160
मार्नु	160
म्याग्निच्युडको	160
यसबेला	160
याक्खा	160
युनाइटेडलाई	160
रचेको	160
राजविराजस्थित	160
रातोपाटी	160
रुकुमका	160
रुखहरु	160
रेन्ज	160
लामाका	160
लिगाको	160
लेकसाइड	160
लेखिका	160
विष्णुकुमार	160
शब्दहरूको	160
शिवहरि	160
श्यामलाल	160
श्रमिकहरूको	160
सकिँदा	160
सङ	160
सटिक	160
सन्थाल	160
सबैतिरबाट	160
समाजशास्त्र	160
समानीकरण	160
सरसफाईको	160
सरसामान	160
सहभागितालाई	160
सियारी	160
सुखमा	160
सुनिलकुमार	160
सुबोध	160
स्क्रिनको	160
स्थायित्वको	160
हजारौँको	160
हटाउनुहोस्	160
हिउँमा	160
हिरालाल	160
Post	159
technology	159
अनलाइनखबरलाई	159
अनुभवहरु	159
अन्तरपार्टी	159
अभि	159
अवरोधहरू	159
अस्ताउँदो	159
आमाबाट	159
आरन	159
आरामदायक	159
इलामले	159
उत्प्रेरक	159
उनीप्रति	159
एनजीओ	159
एन्जल	159
एमसिसीको	159
औषधिहरू	159
कछुवा	159
कठायतले	159
कमर्सका	159
कमलको	159
कर्जालाई	159
कारबाहीलाई	159
कुसंस्कार	159
कोठी	159
खाडीको	159
गयौ	159
गर्दाका	159
गुलाम	159
घाइतेहरूको	159
चट्याङसहित	159
चमार	159
चामे	159
चारजनाको	159
चिह्नमा	159
चोकस्थित	159
छान्नुहोस्	159
जनहित	159
जेपी	159
जेलको	159
टाइम्सका	159
ट्रष्टको	159
डिलक्स	159
तयारीबारे	159
तात्कालिक	159
त्यसकारणले	159
त्यसैबाट	159
थप्नु	159
थ्रीडी	159
दायित्वबाट	159
दैनिकीमा	159
धनगढीः	159
धमाका	159
धावक	159
नखुलेका	159
नगरकोटी	159
नाना	159
नापजाँच	159
निर्मुल	159
निवेदनमाथि	159
न्यायाधीशमा	159
पठाउनुभएको	159
पत्याउने	159
पर्दैनथ्यो	159
पशुपालनमा	159
पिल्लर	159
प्रकरणबारे	159
प्रयत्नशील	159
फिक्का	159
फोटोको	159
बंगलाचुली	159
बचाएका	159
बनेकाे	159
बेचबिखनमा	159
भएकाहरूले	159
भतिजा	159
भाइस	159
भिड्न	159
भित्रैबाट	159
मध्यकालीन	159
मनोबलका	159
मन्थलीमा	159
महामारीसँग	159
मोटर्सको	159
मौलाउँदै	159
यायोक्खा	159
लालझाडी	159
लेनिनको	159
ल्याउनुभएको	159
ल्हो	159
वाङले	159
व्यवसायहरू	159
शहरहरू	159
शृङ्खलामा	159
सचेतनाको	159
सदस्यसँग	159
सर्वोपरि	159
साइडमा	159
सामजिक	159
सेन्टरबाट	159
सेवाहरुको	159
सोसाइटीको	159
स्टाटसमा	159
स्मिथ	159
स्वाधीनताको	159
हक्की	159
हरिभक्त	159
हामीमध्ये	159
हुनेहरू	159
हेर्नुहोला	159
०५१	159
Posted	158
अरबका	158
अर्थविद्	158
अल्फा	158
असरबारे	158
आइपुगेकी	158
आड	158
आमनागरिकको	158
आम्दानीले	158
आयोजनमा	158
इस्तियाक	158
उज्जवल	158
उधौली	158
एक्सपर्ट	158
ओगट्ने	158
कताकता	158
कलाका	158
कानुनसम्मत	158
कोइरालासँग	158
क्यानडाले	158
क्याप्चर	158
क्यारेबियन	158
क्रिकेटबाट	158
खाएँ	158
गतवर्षको	158
गतेदेखी	158
गमला	158
गराइसकेका	158
गराउँछु	158
गरिएमा	158
गर्नेका	158
गुठीले	158
गोही	158
घटनाक्रमलाई	158
घरतर्फ	158
चल्थ्यो	158
चाख	158
चिनको	158
चिरेर	158
छातीको	158
जनाबाट	158
जयशंकर	158
जहाँको	158
जिपमा	158
जोनसनले	158
झेलिरहेका	158
टिभि	158
टुकुचा	158
डाक्टरहरूले	158
डेमोक्र्याटिक	158
तोकिदिएको	158
देखिन्छन	158
धनगढीस्थित	158
धमलाको	158
धार्मिकस्थल	158
नहकुल	158
नाचको	158
निधिको	158
निरंकुशता	158
निर्विकल्प	158
पाण्डव	158
पिउनाले	158
पुस्तकलाई	158
प्रकाउ	158
प्रकृतिसँग	158
प्रतिनिधिमूलक	158
प्रोजेक्टमा	158
बच्नको	158
बडालले	158
बर्षाको	158
बसाल्न	158
बिओपी	158
बिज्ञप्तिमा	158
बिल्डिङ	158
बोल्नै	158
भइसकेकी	158
भदौदेखि	158
भर्जिन	158
भान्छा	158
महासमितिको	158
माओत्से	158
मानिँदैन	158
मेट	158
मोटामोटी	158
यतिधेरै	158
यसभित्र	158
रमजान	158
रास्कोट	158
रेस्टुराँ	158
लाग	158
लागुऔषधको	158
ल्याइदिएको	158
वर्षौँदेखि	158
वाल्मीकि	158
विधालय	158
वीर्य	158
व्यक्तिहरुमा	158
व्ययभार	158
शिक्षकहरूलाई	158
संश्लेषण	158
सन्त्रास	158
सम्झिन्छन्	158
ससुराले	158
सामाधान	158
सामान्यदेखि	158
सिफारिशमा	158
स्पेनी	158
हराउँदा	158
हारेपछि	158
हुदैँ	158
१४३	158
१९७२	158
Our	157
Source:	157
º	157
अगुवाहरु	157
अधिकारहरु	157
अनियमिततामा	157
अराजनीतिक	157
अल्झिएको	157
अल्ट्रासोनिक	157
अवैधरुपमा	157
अस्पतालसँग	157
आकर्षणका	157
आन्दोलनकारीले	157
आप्रवाह	157
आयोगद्वारा	157
आर्कषित	157
आर्शिवाद	157
इजिप्टको	157
उतारेका	157
उत्कृष्टता	157
उत्तराखण्ड	157
उद्घोषण	157
उद्योगहरूले	157
उपभोक्ताहरुको	157
उम्मेद्वारको	157
औल्याए	157
कम्पनीहरुमा	157
कामकाजको	157
कार्यालयहरूमा	157
केन्द्रमै	157
क्यासिनोमा	157
खाएमा	157
खोल्यो	157
गहिराइ	157
गाँउपालिकाले	157
गुरू	157
घरटहरा	157
चिप्स	157
चेतनशील	157
चौकीदार	157
जवानले	157
जीपीएस	157
जुटे	157
जोडिए	157
टिप्पर	157
डिजिज	157
तक	157
त्मह	157
त्यसपछी	157
थाइल्यान्डमा	157
दख्खल	157
दिदीबहिनीको	157
दोगडाकेदार	157
द्रुतमार्ग	157
नरिवलको	157
निकायबीच	157
निकायहरुलाई	157
निराहार	157
नेकपाबाट	157
पञ्चपुरी	157
पर्यटकहरूलाई	157
पसिनाको	157
पहलका	157
पारम्परिक	157
पेन्ट	157
पेसालाई	157
प्रवक्तासमेत	157
प्रशंसापत्र	157
प्रस्तुतिले	157
फर्किँदै	157
फुटेका	157
बधशाला	157
बनि	157
बनोट	157
बर	157
बर्षौ	157
बस्ति	157
बाँसगढी	157
बान्नीगढी	157
बिशेषज्ञ	157
बिष्टलाई	157
बुढाथोकीलाई	157
बुद्धिचाल	157
बेरेर	157
बैठकअघि	157
भर्सनमा	157
मन्तव्यबाट	157
मसी	157
मातृकाप्रसाद	157
मातृभाषामा	157
मानसिकतामा	157
मितिसम्म	157
मेलालाई	157
रमाएका	157
राखिए	157
रिटर्न	157
रुखो	157
लङ	157
वताउँदै	157
वनबाट	157
वाईफाई	157
विजनेश	157
विधायक	157
विर	157
व्यहोर्नुपर्ने	157
व्यानर	157
व्यापारीहरू	157
शास्त्रका	157
श्रवणकुमार	157
संक्रमितका	157
सन्जु	157
सम्पदाहरुको	157
साताव्यापी	157
स्कटल्याण्ड	157
हप्तामै	157
हवाला	157
हामीसँगै	157
१३७	157
१९६६	157
December	156
November	156
had	156
अनुकूलता	156
अभिव्यक्तिमा	156
अलैची	156
असन्तोष	156
अस्पष्टता	156
आउदैन	156
आत्मकथा	156
इंग्ल्यान्डले	156
इन्टेरियर	156
उडाउँदै	156
ऋणीले	156
एमपी	156
एसको	156
औंठी	156
औपनिवेशिक	156
कन्चन	156
कन्फरेन्स	156
कबिता	156
करेला	156
कालीगण्डकीको	156
किस्सा	156
कृतिहरू	156
कौतुहलता	156
खटिरहेका	156
खाद्यान्नमा	156
खेतमै	156
खोजीकार्य	156
गइसकेका	156
गराइएका	156
गेरुवा	156
गोलि	156
घरघर	156
घुसपैठ	156
चर्काचर्की	156
चाहानु	156
चुनौतिको	156
चोर्न	156
चौथाइ	156
छाड्नुपर्ने	156
जनजागरण	156
जहदा	156
जेरी	156
जोडियो	156
झापड	156
डब्लुएचओले	156
डाँफे	156
तुरून्त	156
तौलको	156
त्यतिले	156
दर्शनार्थीको	156
दिनेशराज	156
दुनियाँलाई	156
दृष्टिविहिन	156
धुनमा	156
धोनी	156
नभनेको	156
नवौ	156
नेक्स्ट	156
पञ्जीकरण	156
परिसरले	156
पर्यवेक्षक	156
पार्टीहरूको	156
पाल्पाली	156
पिडामा	156
प्याकिङ	156
प्रतिनिधिहरुलाई	156
प्रस्तावना	156
प्राधिकरणसँग	156
बच्चाका	156
बढदो	156
बहुजातीय	156
बेगर	156
ब्याच	156
भड्किलो	156
भुटानले	156
भैरवको	156
महीनाको	156
मितिदेखि	156
मिलमा	156
मीनेन्द्र	156
मुखियाको	156
मुलुकहरुको	156
मेसीको	156
मोर्चाबन्दी	156
मोहनी	156
राखेपको	156
रिब्दीकोट	156
रोगहरूको	156
लिएसँगै	156
लेख्यो	156
विनाशको	156
विशेषज्ञहरु	156
विश्वासपात्र	156
विस्तारसँगै	156
व्यक्तिहरुका	156
व्यवस्थाप्रति	156
व्याजदरमा	156
शौच	156
सञ्चालकहरूले	156
सर्वेक्षणको	156
सस्ता	156
साधान	156
साब	156
सिडियो	156
सिम्रिक	156
सिलिकन	156
सुपुर्दगी	156
स्तुपा	156
स्पोर्टिङ	156
हटाउँदा	156
हरेकले	156
हिंडेको	156
ह्वाट्सएप	156
१२९	156
१६९	156
1xbet	155
February	155
अध्यात्म	155
अन्तर्वार्ताको	155
अवसान	155
अशिक्षित	155
आप	155
आयातका	155
उदारता	155
एन्टि	155
ओमबहादुर	155
कपासको	155
कवाडी	155
कुटेको	155
कुरिरहेका	155
कुर्मीले	155
केसि	155
कोलम्बो	155
क्षतिपुर्ति	155
खानेकुरामा	155
गयौँ	155
गर्दैनौँ	155
गर्भाधान	155
गर्भावस्थाको	155
गल्तीले	155
घुमघाम	155
घोप्टो	155
घोषणालाई	155
चाहान्छन्	155
जन्मजयन्तीको	155
जमाउने	155
ठानी	155
डिबी	155
तनावका	155
तम्तयार	155
तालिमबाट	155
तिनी	155
तिमिले	155
तिर्थराज	155
दुगड	155
देबी	155
देशभक्ति	155
नजिकैका	155
नदेखिएकाले	155
निबर्तमान	155
न्युनिकरणका	155
पदाधिकारीहरूले	155
परेकामध्ये	155
परेकाहरुको	155
पल्टिँदा	155
पांच	155
पाएलगत्तै	155
पार्किङ्ग	155
पाश्चात्य	155
पिपरा	155
पूर्ववत	155
प्युठानको	155
प्रकाशनले	155
प्रतिक्रियाको	155
प्रवृत्तिमा	155
फागुनसम्म	155
बध	155
बर्न	155
बलिदानको	155
बागमति	155
बाघलाई	155
बिकृति	155
बिपिन	155
बिमानस्थल	155
बुझ्नका	155
बेलुकासम्म	155
भन्नुभयाे	155
भलिबलमा	155
भागेश्वर	155
भूकम्पपीडित	155
भ्रस्टाचार	155
मंसिरदेखि	155
मनन्	155
महाधिबेशन	155
महाराजगन्ज	155
मानवजातिलाई	155
मिनबहादुर	155
यात्रुका	155
युनेस्को	155
यूरोपेली	155
रंगमञ्चमा	155
रतुवामाई	155
राज्यसत्ताको	155
रावण	155
राष्ट्रियस्तरको	155
रित	155
लेखेँ	155
लोडसेडिङको	155
वार्षिकोत्सवका	155
वास्तै	155
शासनका	155
शिक्षाहरू	155
संजिव	155
सकिएकाले	155
सभागृह	155
समाचारअनुसार	155
समातिएका	155
सल्लाहअनुसार	155
सस्कृति	155
सहइन्चार्ज	155
सहकार्यबाट	155
सांसदबाट	155
सांसदमध्ये	155
साथीभाई	155
साधनहरुको	155
सिआइबी	155
सीताले	155
सुकुमबासी	155
सुनाउँदा	155
सेल्टर	155
सेसन	155
स्थिरताको	155
हराउनु	155
हराएकी	155
१९४८	155
Online	154
अचाक्ली	154
अनुहारलाई	154
अन्तरसम्बन्ध	154
अर्थमन्त्रालय	154
अर्यालका	154
अवैज्ञानिक	154
आङ्बोले	154
आत्तिएर	154
आभा	154
उकाली	154
उभ्याउने	154
उल्लंघनका	154
उहि	154
एकहजार	154
एल्बमको	154
कदममा	154
किबी	154
खटाएका	154
गढ	154
ग्रस	154
घनिष्ट	154
घरघरमै	154
चिकित्सकसँग	154
चिलिमे	154
चीजको	154
चेतावनीसमेत	154
छविलाई	154
जनताहरुको	154
जीवनकै	154
जुरुक्क	154
ट्यांक	154
डेंगुका	154
तीजका	154
तुलाराम	154
तेस्रोलिंगी	154
त्यससम्बन्धी	154
दबाबको	154
नबुझेका	154
नहुनुले	154
नाराले	154
नेताहरूमा	154
परिचालनका	154
परिषद्लाई	154
परेवा	154
पर्सनल	154
पारदर्शीता	154
पालादेखि	154
पौवा	154
प्याब्सनका	154
प्रतिबद्धतालाई	154
प्रतिबन्धहरू	154
प्रधानाध्यापकको	154
प्रहरीसँगको	154
बनगाड	154
बनाइए	154
बनारस	154
बरेङ	154
बिनै	154
बोक्नु	154
ब्रेकअप	154
भोलिबाट	154
मगाएर	154
मजदुरहरुले	154
मटिहानी	154
मुद्दाहरूमा	154
मेट्न	154
मोसो	154
यादबले	154
यार्ड	154
रजिष्ट्रारको	154
रनमै	154
रन्जित	154
रफ्तारमा	154
रहिछन्	154
राजदेवी	154
राजपत्र	154
राजपरिवारका	154
रायमाझीलाई	154
रिपोर्टहरू	154
रिसाएको	154
रुद्ध	154
रेग्मीका	154
रेनुका	154
रोकिँदा	154
वालवालिका	154
वासिन्दा	154
विधिले	154
व्यापारघाटा	154
संस्कारले	154
सम्वेदनशील	154
सरावल	154
सहदेव	154
सहभागिताले	154
सहयोगीलाई	154
साइकलको	154
साधनबाट	154
सामन्तवादी	154
सिद्धलेक	154
सुरुवातदेखि	154
सेलाउन	154
स्ट्रिट	154
स्थानीयमा	154
स्रोतहरु	154
हङकङले	154
हत्याकाण्डमा	154
हृदयाघात	154
ह्याण्ड	154
५०००	154
५५०	154
_	153
over	153
अमला	153
अर्काले	153
अवस्थाप्रति	153
आकाशबाट	153
आयरल्याण्ड	153
इन्जेक्सन	153
उठिरहेका	153
उठेन	153
उद्योगीको	153
ऊर्जाका	153
एन्थोनी	153
एमिकस	153
कटुवा	153
कानूनका	153
कार्यपालिकामा	153
कुर्सीको	153
कुवँर	153
केलाउने	153
क्वार्टर	153
क्षमताहरू	153
खिमबहादुर	153
गराउँछौं	153
गर्भधारण	153
घट्नु	153
घरि	153
घर्षण	153
चेल्सीका	153
छायाँमा	153
जरुरि	153
जादू	153
झडपका	153
डाँगीको	153
डोजरले	153
तिनीहरूमध्ये	153
तीनजनालाई	153
दबावमा	153
दाबेदारी	153
दुखित	153
देउमाई	153
देवतालाई	153
देवबहादुर	153
दोहामा	153
नागरिकमाथि	153
नातागोता	153
नियमितरुपमा	153
नोकरशाही	153
न्युनीकरण	153
पक्षबारे	153
परिवारप्रति	153
पारिजात	153
पासलाई	153
पासोमा	153
पीडितहरूलाई	153
पूजाले	153
फर्किरहेका	153
बचाउमा	153
बढाइनेछ	153
बमोजिमका	153
बस्नुको	153
बाँध्न	153
बिज्ञप्तीमा	153
बिधार्थी	153
बिवरण	153
बिस्केट	153
बुझाउनुपर्छ	153
भनेछन्	153
भरतबहादुर	153
भाजपाका	153
भीरकोट	153
भेनेजुएला	153
भेषभूषा	153
भ्रष्टाचारले	153
मनकारी	153
महत्वबारे	153
मारिने	153
मार्गप्रशस्त	153
मिलेपछि	153
मुटुलाई	153
मुढा	153
रमिला	153
रहन्थ्यो	153
रेडक्रसले	153
लडाइ	153
लिएपनि	153
ल्हासा	153
वंशाणुगत	153
वडाध्यक्षका	153
विकृतिको	153
विषयमाथि	153
वेवसाइट	153
शहरहरूमा	153
श्रद्धालु	153
संघर्षले	153
संरचनाअनुसार	153
सतप्रतिशत	153
समाचारप्रति	153
सिगास	153
सुक्ने	153
सुचारू	153
सेवाहरूमा	153
स्कुललाई	153
हविगत	153
हानिएको	153
हेडर	153
होउ	153
होलसेल	153
१८औं	153
…View	153
अदानचुली	152
अनिश्चितता	152
अनुप्रयोगमा	152
अनुमोदनका	152
आमसभामा	152
आयआर्जनमा	152
उकुसमुकुस	152
उत्कृस्ट	152
उद्योगीहरुले	152
एशोसियसन	152
ऐच्छिक	152
कुटपिटमा	152
खलंगामा	152
खस्न	152
खेलहरुमा	152
गराउँदछ	152
गाउँघरका	152
गुम्बाको	152
गृहमन्त्रीलाई	152
गोपालमान	152
घरजग्गाको	152
चाहेजस्तो	152
चेल्सीलाई	152
छाड्दा	152
जगतलाई	152
जानुस्	152
जिविकोपार्जन	152
जीविकोपार्जनका	152
जुनु	152
जोरबिजोर	152
ज्यूले	152
झर्यो	152
टेकनाथ	152
टेबुलमा	152
ठकुरीको	152
डाकेको	152
ड्रम	152
तमिल	152
तामझामका	152
तु	152
त्यसबेलाको	152
थुनिएको	152
दिईन	152
दुप्चेश्वर	152
दृष्टिकोणको	152
दोधारमा	152
धानखेती	152
नचलेको	152
नलगाएका	152
नलाग्दा	152
नसकेकै	152
निकायहरूको	152
निर्देशकका	152
निर्देशनसमेत	152
न्युजिल्याण्ड	152
पर्नुभयो	152
पसललाई	152
पारिदिएको	152
पृथक्	152
प्यूठानको	152
प्रदूषणले	152
फाइलमा	152
फेसियल	152
बंगाली	152
बखान	152
बताउनुहुँदै	152
बदलाव	152
बर्लिन	152
बिर्तामोडका	152
बिर्सिएर	152
बुलेटिन	152
बृक्षारोपण	152
बृद्धिको	152
बेल्जियममा	152
ब्रह्माण्डको	152
भाजपाको	152
भिमबहादुर	152
भेटको	152
भोका	152
मतदाताहरु	152
मध्येनजर	152
महिनौ	152
माननिय	152
मानवलाई	152
मान्छेहरूले	152
मित	152
यसअन्तर्गत	152
योन्जन	152
रक्तस्राव	152
रमिते	152
रहेता	152
राख्नुको	152
लाली	152
लिंदा	152
वाणी	152
विरामीहरुको	152
विषयहरुलाई	152
व्यूरो	152
शेर्पाका	152
संघसंस्थामा	152
सपुत	152
सबैलाइ	152
सभाध्यक्ष	152
समयक्रममा	152
सम्झनाले	152
सरसर्ती	152
सर्यो	152
सिंगै	152
सोफा	152
सौहार्दपूर्ण	152
स्क्रिनिङ	152
स्ट्याटस	152
स्थलहरुको	152
स्थानीयहरूले	152
स्वीकार्ने	152
हजुरआमाको	152
हारपछि	152
हिलिहाङ	152
०५२	152
26	151
अटाउने	151
अर्जुनको	151
आधारहीन	151
आफन्तका	151
इराकी	151
उद्देश्यहरू	151
उपस्थितिका	151
एमएस	151
एमडीएमएस	151
एसिडको	151
औचित्यमाथि	151
कमर्श	151
कार्ययोजनामा	151
कालिकोटमा	151
किसानी	151
कृष्णलाल	151
कोरोनामुक्त	151
खाण	151
खुशियाली	151
गाउँपालीका	151
गायिकाको	151
गैडाकोट	151
घोराहीको	151
चुमेको	151
छापिएका	151
छोरीसँग	151
जनतासंग	151
जर्नेल	151
जांच	151
टपरी	151
टास्क	151
डिस्पोज	151
डेटाको	151
तीनैजना	151
त्यतिमात्रै	151
त्याग्ने	151
थपका	151
थाल्दा	151
दृश्यलाई	151
धनीले	151
नगरिएका	151
नबनोस्	151
नाकबाट	151
पटना	151
पत्रकारमाथि	151
पनेरुले	151
पन्थले	151
पिज्जा	151
पुनस्थापना	151
पोस्टमार्टमका	151
प्रक्रियाबारे	151
प्रदुषित	151
प्रनाउ	151
प्रशाद	151
प्रहरीसमक्ष	151
प्रेरणाले	151
फर्मले	151
फे	151
बढेपनि	151
बन्दरगाहको	151
बसाउने	151
बसेकाले	151
बसेकाे	151
बाँस्तोलाले	151
बिग्रिएपछि	151
बिद्यार्थीहरु	151
बिर्सिएको	151
बैंकहरूलाई	151
ब्यबहार	151
भइरह्यो	151
भट्टराईसँग	151
भनिएकी	151
भाइरसविरुद्ध	151
भागेपछि	151
मजदुरहरुलाई	151
मनकुमारी	151
मसँगै	151
महाअभियान	151
महिनाभित्रमा	151
माध्यामबाट	151
मार्गनिर्देशन	151
मिथक	151
मिर्गौलामा	151
मूर्तिलाई	151
मेसो	151
यावत्	151
राजनराज	151
रुद्राक्ष	151
लक्ष्यभन्दा	151
लचक	151
लिएकाले	151
लिनबाट	151
लिपिबद्ध	151
विपुल	151
व्यक्तित्वहरुलाई	151
शासनलाई	151
शास्त्री	151
शिविरका	151
श्यामसुन्दर	151
सक्नुभएको	151
सङ्गठनमा	151
सञ्जाललाई	151
सम्पादकको	151
सम्बन्धहरू	151
सम्हालिन	151
साधक	151
सिमकार्ड	151
सुनौला	151
सोच्नै	151
सौजन्य	151
स्थानियहरुले	151
स्वाधिनता	151
हट्दै	151
हूँ	151
हेप्ने	151
०४८	151
११७	151
१४२	151
१६औं	151
Þ	150
अनेरास्ववियूका	150
अन्तर्वार्ताका	150
अन्र्तगतको	150
अभिभावकीय	150
अवकाशप्राप्त	150
अवरूद्ध	150
आउटपुट	150
आयोजकलाई	150
आश्चर्यको	150
इञ्जिनियरिङ	150
उठ्दैन	150
उसैगरी	150
ओतप्रोत	150
कक्षाहरु	150
कटुवालको	150
कट्टी	150
कडाभन्दा	150
कन्स्ट्रक्सनले	150
कलाकारितामा	150
कल्पनाले	150
कालापानीमा	150
किवी	150
किशोरको	150
किशोरलाई	150
कुटी	150
केशवकुमार	150
कोभिशिल्ड	150
क्रिटिकल	150
क्रोएसियाले	150
खल्तीबाट	150
खोजमुलक	150
गंभीर	150
गठबन्धनबीच	150
घटनाहरुको	150
चकनाचुर	150
चतरा	150
चिल्ला	150
चुनौतीहरूको	150
जगत्	150
जनप्रतिनिधिहरूले	150
जाबो	150
जिविस	150
जुम्ली	150
जोगाउँछ	150
डिभिजनल	150
थाँती	150
दररेट	150
दर्शकहरूको	150
दशकौं	150
दिनानाथ	150
देखाईएको	150
देखाउनुपर्छ	150
देखेकै	150
देवकोटाका	150
देवताका	150
निक्र्योल	150
निरोज	150
पञ्चदेवल	150
पत्रचार	150
परिवेशलाई	150
पाठेघरमा	150
पाठ्यक्रमको	150
पातारासी	150
पिरियड	150
पुण्यप्रसाद	150
पुनर्कर्जा	150
पुर्खा	150
पूर्जा	150
पोलिटिकल	150
प्रतिक्रियामा	150
प्रदायकको	150
प्रस्तुतिका	150
प्रारम्भीक	150
फाउण्डेसनका	150
बगायो	150
बजारीकरणका	150
बढ्छन्	150
बन्दैछन्	150
बहादुरले	150
भण्डारणको	150
भत्सर्ना	150
भन्सारले	150
भित्र्याएका	150
भुगोल	150
भूमिकाबारे	150
भ्यानमा	150
मनाउँदा	150
मर्मतमा	150
मान्छु	150
मित्रहरु	150
मैदानमै	150
मैना	150
मोल	150
यसलाइ	150
यसवर्षको	150
युएन	150
युट्युवमा	150
युभेन्टसका	150
योनी	150
यौनको	150
रकममध्ये	150
रोए	150
रोजगारबाट	150
लाग्यौँ	150
वक्ताको	150
विजोर	150
विश्वब्यापी	150
श्रेया	150
संगठनहरुको	150
संघसंस्थाहरुले	150
संवादका	150
सङ्गीतको	150
सधैंभरि	150
सभ्यतालाई	150
सम्पतिको	150
सम्लग्न	150
सातो	150
सामन्तवाद	150
सिफ्ट	150
सुत्केरीलाई	150
सुल्तान	150
सेक्ने	150
सेमिनारमा	150
हरपल	150
हुनुपूर्व	150
हुनुहुने	150
हेरें	150
हेलिकोप्टरमार्फत	150
१२७	150
३७०	150
4.	149
अधिकारहरू	149
अन्यायको	149
अभिनीत	149
अभिवृद्धिमा	149
असन	149
अहेव	149
आरक्षित	149
आश्रमले	149
ईयू	149
उपलब्धिका	149
ऋतुको	149
एक्लैको	149
एसएसबी	149
ओमानको	149
औला	149
कठै	149
कन्फिगर	149
काजकिरिया	149
खानीमा	149
खोजिने	149
खोलिदिएको	149
खोल्नुपर्ने	149
गरुँ	149
गहतराजको	149
गाएकी	149
गौरब	149
घरबेटीले	149
चिजको	149
च्याप्टरको	149
छिचोल्दै	149
छिमेकीसँग	149
छोप्न	149
जनजीवनमा	149
जीतबहादुर	149
जुक्ति	149
झिकाउन	149
टि२०	149
ट्याङ्कर	149
ट्रान्सपरेन्सी	149
ठान्नु	149
ठेगानामा	149
डाइभर्ट	149
डीसी	149
तिनीहरुले	149
तिमिल्सिनाको	149
तेर्सो	149
दधिराम	149
दलितले	149
दुधमा	149
दृढताका	149
देखाइरहेका	149
द्वितिय	149
निचोडमा	149
निभाएको	149
नोबल	149
पम्पमा	149
पराई	149
पर्वाह	149
पर्सी	149
प्रविधिक	149
प्रशासित	149
प्रह	149
प्रेरक	149
फाइन	149
फिक्सिङ	149
फुयाँलले	149
फैसलाका	149
बगैँचामा	149
बढिरहेकाले	149
बढेन	149
बनौं	149
बल्खुमा	149
बहुवर्षीय	149
बासिन्दाका	149
बेइज्जती	149
भूकम्पीय	149
भौगर्भिक	149
मञ्चबाट	149
मतदानबाट	149
मधुरो	149
मध्यरात	149
मसान्तसम्मको	149
मुकदर्शक	149
मूर्खता	149
मोर	149
यसअनुसार	149
यसबर्ष	149
युभेन्ट्स	149
रियललाई	149
लता	149
लिइयो	149
वसन्तकुमार	149
वादीले	149
विश्वभरबाट	149
वीरेन्द्रले	149
वैज्ञानिकहरू	149
शशि	149
शाहिद	149
श्यामकृष्ण	149
संवेदनशीलतालाई	149
सतहको	149
सरसफाइका	149
सरे	149
सर्वस्व	149
सस्थापक	149
साझाले	149
सामाग्रीबारे	149
सिनेट	149
सीमालाई	149
सुन्दरीजल	149
सूचीसहित	149
सूट	149
सेकुवा	149
सेतोपाटीसँग	149
स्टेशनको	149
स्विमिङ	149
हाँस्ने	149
हामीजस्ता	149
हुनलाई	149
हुनेगरि	149
हुन्डाई	149
्	149
-“	148
August	148
MAKEUP	148
अटिजम	148
अन्तर्राष्ट्रियकरण	148
अन्सारीको	148
अभियानहरू	148
आठजना	148
आत्मनिर्भरता	148
आत्मसमीक्षा	148
आधारशिला	148
आर्द्रता	148
इराकको	148
उद्दत	148
एसोसिएट	148
ओलीसहित	148
कुटपिटको	148
कुबेर	148
क्र	148
खटाउन	148
खुलिसकेको	148
खेलिसकेका	148
गल्तीलाई	148
गुटेरेसले	148
चान्सलर	148
चालकसहित	148
चित्रकारले	148
चुरोटको	148
चौबिसै	148
जाहेरीका	148
टेको	148
ट्यागहरू	148
डिला	148
तपाईंकै	148
तमसुक	148
तहहरूले	148
थि	148
थ्रीस्टार	148
थ्रेसहोल्ड	148
दर्शकहरू	148
दानाको	148
नसक्नुमा	148
निबन्धकार	148
निस्केपछि	148
परिकारको	148
पहरा	148
पुर्याउँदा	148
प्रक्रियाहरु	148
प्रदेशभित्र	148
प्रबाह	148
प्रविधिमार्फत	148
प्रसादको	148
फन्ट	148
फूलले	148
फोक्सुण्डो	148
बनाएपनि	148
बालबालिकाहरूको	148
बालीका	148
भतिज	148
भलबारी	148
भाइरससँग	148
भागबण्डामा	148
भियनामा	148
भूगर्भ	148
भोलीका	148
मदरसा	148
मध्यपश्चिमाञ्चल	148
मन्त्रिमण्डलमा	148
महामारीकै	148
माङसेबुङ	148
मायालाई	148
मिल्दछ	148
मुसीकोट	148
मृत्युका	148
मेलुङ	148
मेलौली	148
मेहनतले	148
म्याग्दे	148
राखेकोमा	148
राख्नुस्	148
रामसहाय	148
रूपन्देहीका	148
रोमान्चक	148
लर्निङ	148
लिनुपर्दछ	148
वडास्तरीय	148
विकासकर्ता	148
विजयराज	148
विपन्नलाई	148
शिवरात्री	148
संस्थाहरुबाट	148
सतर्कताका	148
सप्ताहको	148
सरप्राइज	148
सर्लाहीले	148
साप्ताहिकका	148
सिकाएका	148
सिक्किममा	148
हरीले	148
हाउजिङ	148
हेटौंडाः	148
होमस्टेको	148
होल्डर	148
२६०	148
s	147
views	147
which	147
×	147
अपवित्र	147
आँफै	147
आउँदैनथ्यो	147
आउनू	147
आत्महत्याका	147
आसमा	147
आसेपासे	147
एकसाता	147
एजेण्डालाई	147
एशोसिएसनका	147
ओझाको	147
औंल्याउँदै	147
कपुरको	147
करेक्सन	147
कहिलेकाहिँ	147
काठमाडौँस्थित	147
कारोवारमा	147
केन्द्रहरूमा	147
केभिन	147
कोभिडविरुद्धको	147
गुम्बामा	147
ग्यारेण्टी	147
घन्टी	147
चाडको	147
चौतारीमा	147
छरेर	147
जंक	147
जम्कट्टेलले	147
जोत्ने	147
झडपको	147
ठाकुरप्रसाद	147
ठूलठूला	147
तपाईंहरुलाई	147
तमानखोला	147
तव	147
तवरमा	147
तिखो	147
दशकयता	147
दाबीलाई	147
दिनभित्रमा	147
दुख्नु	147
दुत	147
दूई	147
दृष्टिकोणलाई	147
धनञ्जय	147
धारणाको	147
नजिकमा	147
नमानी	147
निकृष्ट	147
निधार	147
निर्लज्ज	147
निर्वाचनमार्फत	147
निष्ठावान	147
पठनपाठनको	147
परमप्रभुको	147
परिषद्बाट	147
परें	147
पहुँचबाट	147
पाठकका	147
पासको	147
पुरातात्त्विक	147
पुलका	147
प्रकृयालाई	147
प्रचारबाजी	147
प्रतियोगितात्मक	147
फल्स	147
फ्युचर	147
बाकि	147
बाह्रविसे	147
बिग्रिएका	147
बिरुवाहरु	147
बुर्जुवा	147
भाषाले	147
भिजाएर	147
मट्टितेल	147
मतदाताहरुले	147
मनायो	147
मर्यो	147
मित्रले	147
मिलिनियम	147
मुद्दाहरूको	147
मुन्टो	147
मुसुक्क	147
यातायातलाई	147
रकमसमेत	147
राजासँग	147
लखनउ	147
लगानीकर्ताहरुलाई	147
लैजादै	147
ल्याइरहेको	147
वलीलाई	147
वाहक	147
वृद्धाको	147
शताब्दीका	147
शिवले	147
शे	147
श्रेस्तेदार	147
संगीतले	147
समयसमयमा	147
सम्मानपूर्वक	147
सर्वेसर्वा	147
सागपात	147
सातायता	147
सिरानी	147
सुरत	147
स्खलन	147
हिँडेकी	147
हुन्थेँ	147
१९७४	147
March	146
Your	146
content	146
अक्षरमा	146
अन्तर्घात	146
अपनाए	146
अभिभावकका	146
अभियुक्तको	146
अवैतनिक	146
अव्यावहारिक	146
आइजिपी	146
आइरहन्छ	146
इनार	146
इन्डिज	146
इमर्जिङ	146
उम्किन	146
ऋषिकेश	146
एकीकरणपछि	146
एनओसी	146
एशोसिएसनले	146
एसिसी	146
कश्मीरमा	146
काहीँ	146
खोलेपछि	146
गोरा	146
गोलभेडा	146
ग्राहस्थ	146
चलचित्रहरू	146
च्यानलले	146
च्यानलहरु	146
च्यालेञ्ज	146
जनजातिका	146
जनसमुदायको	146
जन्मियो	146
जबर्जस्त	146
जोन्स	146
ढंगको	146
तस्करहरुले	146
तान्दै	146
तोकियो	146
तोकी	146
थोत्रा	146
दलालको	146
धरानले	146
धाउनु	146
नपाउदा	146
नभएकाे	146
नाकाहरुमा	146
नामिबिया	146
निर्देशिकाले	146
निस्किएपछि	146
नेका	146
पक्षधरले	146
परम्पराले	146
परिवर्तनशील	146
पाईप	146
पाखुरा	146
पार्ट्स	146
पुनर्बहाली	146
पूराना	146
पृथ्वीलाई	146
प्रध्यानाध्यापक	146
बङ्गलादेशको	146
बटुलेका	146
बदल्नु	146
बन्ध्याकरण	146
बस्छिन्	146
बस्तुगत	146
बहसलाई	146
बहुल	146
बाँडफाँटमा	146
बाल्यकालको	146
बाल्यकालदेखि	146
बास्तविक	146
बिभेद	146
ब्लगमा	146
भक्तजनहरुको	146
भगाउन	146
भनेकाे	146
भरतकुमार	146
भर्जिनियाको	146
भालुवाङ	146
महत्वाकांक्षा	146
महालेखाको	146
मुखर्जी	146
मेलापात	146
मोतिहारी	146
म्यानमारका	146
रवैया	146
राइफल	146
रानीपोखरीको	146
रेखामा	146
रेटेर	146
लगाउनाले	146
लाभहरू	146
लिफ्टिङ	146
विज्ञापनहरू	146
वीरगन्जका	146
वैरागी	146
शिक्षालयमा	146
श्रीस	146
सकिएमा	146
सकिनै	146
सञ्जिव	146
सत्यताको	146
सधैंका	146
सब्जी	146
समीक्षात्मक	146
सम्पर्कबाट	146
सरगर्मी	146
सिल्क	146
सुँगुरको	146
सुभकामना	146
सेक्सको	146
स्किल	146
स्टारका	146
स्वभाविकै	146
हटे	146
हात्तीलाई	146
हिसान	146
ह्याकरले	146
०५६	146
१३१	146
**	145
,–‘	145
URL	145
अखण्डताको	145
अनुरोधलाई	145
अन्नको	145
अपूरणीय	145
अभिलाषा	145
आमनिर्वाचनमा	145
एनबी	145
ऐरले	145
कमजोरीले	145
काजल	145
कानूनबमोजिम	145
काभ्रेले	145
कार्यसमिती	145
कालीकोटको	145
कोठामै	145
खाट	145
खाडलमा	145
खानपानको	145
खार्पुनाथ	145
खोजमूलक	145
गरेयता	145
गहिरिएर	145
चङ्गा	145
चढाएको	145
चल्नुपर्छ	145
चहल	145
चाहन्छिन्	145
चाहान्छौं	145
चिन्छन्	145
चुम्न	145
चौतारीका	145
छिटफुट	145
जीडीपी	145
जुटाएको	145
जुम्लाबाट	145
जेफ	145
डिटेल	145
डिस	145
तीनसय	145
दिनुहुन्न	145
दिनेलाई	145
दुर्गाको	145
दूरदर्शी	145
धर्मावलम्बीले	145
नपठाउने	145
नयाँदिल्लीमा	145
नरहरिनाथ	145
नसक्नेले	145
निरीक्षकको	145
नेटवर्कका	145
पक्षपाती	145
पटाका	145
परिक्षाको	145
पापको	145
पार्नुहुनेछ	145
पुनर्जीवित	145
पूर्णिमासम्म	145
पूर्वन्यायाधीश	145
पेजको	145
प्रतिवादीलाई	145
प्रतीकका	145
प्रोत्साहनका	145
फुयाँल	145
फ्लोरिडा	145
बलिङमा	145
बसाउन	145
बिदेशबाट	145
बिभागका	145
बुझ्दैन	145
बुझ्दो	145
बोलेनन्	145
भान्छामा	145
भिजा	145
भिरमा	145
भोगाई	145
मद्यपान	145
मनुष्य	145
मनोरंजन	145
महानगरभित्र	145
मोटरसाईकलमा	145
यताबाट	145
युजर	145
रकमका	145
रहुन्जेल	145
राजेशकुमार	145
राष्ट्रकै	145
राष्ट्रपतिद्वारा	145
राष्ट्रसङ्घका	145
राहुलले	145
रुचाएको	145
लगानीकर्ताहरू	145
लड्नुपर्ने	145
लागें	145
लापरवाहीका	145
ल्होत्से	145
विनियम	145
विन्ध्यवासिनी	145
विमानका	145
विरूद्धमा	145
विश्लेषणको	145
वृक्ष	145
वृद्धाश्रममा	145
ष	145
संखुवासभाका	145
सङ्घसंस्था	145
सञ्चारकर्मीले	145
सम्भब	145
सर्पदंश	145
सहचारी	145
सिक्टा	145
सिवाकोटीले	145
सुकेर	145
सुगा	145
सुदृढिकरण	145
सुरुङमार्गको	145
हेलिकोप्टरमा	145
होमबहादुर	145
होल	145
॥	145
६५०	145
access	144
after	144
अनिवार्यरुपमा	144
अनुदानबाट	144
अन्तर्दृष्टि	144
अलोकप्रिय	144
आइपुगेपछि	144
आईपुगेको	144
आत्तिनु	144
एकीन	144
एफए	144
और	144
कटाई	144
कमरेडले	144
कम्मरमा	144
कम्युनिष्टहरुले	144
कलाले	144
कागजातको	144
कान्तिपुरसँग	144
कोमामा	144
क्यामेराले	144
खटेका	144
खतरामुक्त	144
खर्चिएर	144
खातुनले	144
खापुङ	144
खुवाएका	144
खुसीमा	144
खेलहरूमा	144
गतिविधिबाट	144
गुन्डा	144
गुमाउँदा	144
गेस्ट	144
ग्रान्डी	144
घाइतेहरुलाई	144
चण्डी	144
चिकित्सकहरूको	144
चुरो	144
चौथाई	144
छा	144
छोटी	144
जनसमुदायलाई	144
जम्बो	144
जान्छौँ	144
जितिसकेको	144
जीवको	144
जीवनोपयोगी	144
डराएका	144
डिमान्ड	144
डेको	144
थारुलाई	144
दमको	144
दिइनु	144
दिनुभएन	144
दिवेश	144
दूरसंचार	144
देशीय	144
दोहोरिएको	144
द्धन्द्ध	144
ध्वजावाहक	144
नपाउदै	144
नवप्रवेशी	144
नाउमा	144
निष्कर्षसहित	144
नेपालीसहित	144
पक्रेको	144
पठाउँछन्	144
पाटोलाई	144
पाल्नु	144
पिट्ने	144
पुरस्कारले	144
पुल्चोकमा	144
पोते	144
प्यूठानका	144
प्रभावबारे	144
प्रमुखबाट	144
प्रयत्नमा	144
प्रसौनी	144
प्रिती	144
प्रेमीले	144
प्रोटिनको	144
फ्रेन्ड्स	144
फ्लू	144
बगैचा	144
बडीमालिका	144
बताउनुभएकाे	144
बसोबासका	144
बानिया	144
बालबच्चाको	144
बिकसित	144
बिदाका	144
बुझ्नै	144
ब्रह्मा	144
भनाईलाई	144
भिमाद	144
भुटेको	144
भुपाल	144
भ्रष्टाचारमुक्त	144
भ्रष्टाचारीलाई	144
मस्कोमा	144
महर	144
मागसमेत	144
मानसिकताको	144
मानो	144
मान्यताले	144
मार्यो	144
मालिस	144
मुनाफाबाट	144
मौसमविद्ले	144
यताका	144
यूएईले	144
रामायणमा	144
लाइब्रेरी	144
वस्तुस्थिति	144
वाकवाकी	144
शर्तहरु	144
संलग्नताको	144
सक्षमता	144
सङ्गति	144
समाविष्ट	144
सम्बद्र्धन	144
सर्वस्वीकार्य	144
सलाद	144
सहजीकरणमा	144
साताभित्रै	144
सुधारोन्मुख	144
सेटिंग्स	144
सोमबारका	144
स्थापनार्थ	144
स्वयंको	144
हदबन्दी	144
हाँसे	144
होममा	144
२३०	144
event	143
अगाध	143
अत	143
अध्यारो	143
आफुमाथि	143
आरसी	143
उनीहरुविरुद्ध	143
उपप्रमुखले	143
उस्लाई	143
एमबी	143
औषधिका	143
करदातालाई	143
कानुनहरू	143
कान्तिपुरले	143
कामहरुमा	143
किलोमीटर	143
कुचो	143
क्रमस	143
खुसीका	143
गरका	143
गरिन्छन्	143
गोर्खाल्याण्ड	143
ग्यारेजमा	143
घटनास्थलको	143
घिनलाग्दो	143
चढाई	143
चारखम्बे	143
चिरपरिचित	143
छुट्यो	143
जनस्वास्थ्यको	143
जनस्वास्थ्यमा	143
जलाइएको	143
जानीजानी	143
जुठो	143
जोकोहीलाई	143
टुक्का	143
टुप्पोमा	143
डब्ल्यूएचओ	143
डिग्रीको	143
डिभिजनमा	143
डोली	143
तथ्यांकको	143
थुनिएका	143
दलहरुमा	143
दुधकोशी	143
देब	143
द्रौपदी	143
धेरैवटा	143
नकुहिने	143
नशामा	143
निश्कर्षमा	143
नेदरल्याण्ड	143
न्यान्सी	143
परिभाषामा	143
पार्टिका	143
पुर्ननिर्माण	143
पृतना	143
पै	143
प्रतियोगिताहरु	143
प्रायोजनमा	143
फर्किँदा	143
फर्किन्छन्	143
बनाएकाले	143
बहुधार्मिक	143
बाँड्दै	143
बिद्यार्थीको	143
बिरुद्द	143
बिर्तामोडको	143
बिहेपछि	143
ब्रह्माण्ड	143
भइहाले	143
भित्रकै	143
भित्र्याइएको	143
भुल्ने	143
भुवनेश्वर	143
भेटवार्ताका	143
मन्त्रालयमै	143
मन्त्रिपरिषदबाट	143
महाभारतमा	143
माथिल्ला	143
मिरुना	143
मिर्गौलाले	143
मुखैमा	143
मुद्दाले	143
मूल्यांकनको	143
मेडिकलमा	143
यहीँबाट	143
युनियनमा	143
योजनाहरुमा	143
रक्सीले	143
रजस्वला	143
लव	143
लामाे	143
लेखापढी	143
वध	143
वर्गीकृत	143
विक्की	143
विदेशीका	143
श्रीमान्लाई	143
संखुवासभामा	143
संस्करणका	143
सघाउँछ	143
सडकहरुमा	143
समुदायमाथि	143
सशुल्क	143
सहकोषाध्यक्ष	143
साधरण	143
सुम्निमा	143
सोधी	143
स्थानसम्म	143
स्वादमा	143
हामिलाई	143
हामीभन्दा	143
हैदराबाद	143
१९८१	143
were	142
अटोमोबाइल्स	142
अदालतसम्म	142
अनिष्ट	142
अन्सारीलाई	142
अस्ट्रेलियाली	142
आमुल	142
इनाम	142
इन्जिनमा	142
ईश्वरपुर	142
उदयमान	142
उपभोक्ताहरुलाई	142
उम्मेदवारहरूले	142
उसकी	142
एनेकपा	142
कतिमा	142
कश्मीरको	142
कार्यालयद्वारा	142
किड्स	142
कैदीलाई	142
कोहीको	142
खाताहरू	142
खेली	142
गधा	142
गरेपश्चात	142
गर्नेमाथि	142
गर्नेसम्बन्धी	142
गाईगोरु	142
गाउपालिकाले	142
गेमको	142
ग्रे	142
ग्रोथ	142
घरहरूमा	142
चलिरहने	142
छन्ः	142
छिन्नभिन्न	142
ठाउँसम्म	142
तगारो	142
तारादेवी	142
तारिखदेखि	142
दक्षिणको	142
दशमीको	142
दाईले	142
दाेस्राे	142
दिइनुपर्ने	142
दोहोर्याएका	142
द्वेष	142
धकेलेको	142
नगरपालिकाकाे	142
नमन	142
निर्माणदेखि	142
निर्विवाद	142
नेपालजस्ता	142
पठाओ	142
पत्रिकालाई	142
पब्जी	142
परवानीपुर	142
परिपक्वता	142
परियोजनाबाट	142
पृष्ठभूमिबाट	142
पेस्की	142
प्यूठानमा	142
प्रदेशमै	142
प्रधानाध्यापकबाटै	142
प्रबन्धकमा	142
प्रभास	142
प्रसाईको	142
प्रसारका	142
प्रावधानहरु	142
प्रियंकाको	142
बज्रपात	142
बन्चरो	142
बर्डफ्लु	142
बाँचिरहेको	142
बाँचेर	142
बाँडफाँटको	142
बाँसबारी	142
बाबुरामलाई	142
बिबेक	142
बिभागले	142
बिश्लेषण	142
बुबाआमा	142
बेन्जामिन	142
ब्यक्तिहरुले	142
भुम्लु	142
भोजभतेर	142
मङ्गल	142
महाशक्ति	142
महासागर	142
यस्	142
याउनुपर्ने	142
रानीको	142
रोकिनु	142
लन्डनस्थित	142
लर्ड	142
लाईट	142
वनस्पतिको	142
वफादार	142
वस्तुका	142
विकल्पहरु	142
विसङ्गति	142
विसी	142
शनिबारका	142
शरिरलाई	142
संग्रहालयको	142
संघसँग	142
संविधानविपरीत	142
संहितामा	142
सजाइएको	142
सम्पूर्णलाई	142
सहअस्तित्व	142
सहभागितामूलक	142
सांगठानिक	142
साधारणसभाबाट	142
सिस्नो	142
सुव्यवस्था	142
सौराहाका	142
स्पिकर	142
स्वरुपको	142
स्वार्थले	142
हजुरआमाले	142
हाउ	142
हिक्मतकुमार	142
हितकर	142
हिन्दुहरुको	142
हुनेथियो	142
40	141
Huawei	141
अंगका	141
अत्तरियामा	141
अधिकारीबीच	141
अधिकारीहरूका	141
अनलाइनखबर	141
अनुच्छेद	141
अभिभावकहरुको	141
अरेबियाको	141
अल्पमत	141
असोजसम्म	141
आइतबारका	141
आइपुग्नु	141
आजपनि	141
आधारका	141
इन्द्रजात्रा	141
इष्टमित्र	141
ईतिहासमा	141
उड्यो	141
उद्यमीको	141
उपत्यकालाई	141
ओखलढुंगामा	141
कञ्चनरुप	141
कवितालाई	141
काठमाण्डौबाट	141
कार्बोहाइड्रेट	141
कोरा	141
क्रममै	141
क्ष	141
खतरालाई	141
खुलाएर	141
चल्नुपर्ने	141
छथर	141
छपक्कै	141
छर्लंग	141
छापेर	141
छाल	141
छुट्न	141
जलविद्युतको	141
जुँगा	141
झेल्न	141
टाई	141
ट्याब	141
डरको	141
डाउनको	141
डाटाबेस	141
थ्यो	141
दिनुभन्दा	141
दीर्घरोगी	141
दुखमा	141
धिमालले	141
नआई	141
नखुल्ने	141
नश्ल	141
नाइजेरिया	141
नास	141
निरन्तरतामा	141
निर्बाह	141
निस्किन्छ	141
नेत्रप्रसाद	141
नेपालगन्जबाट	141
पढाउँदै	141
परियोजनाअन्तर्गत	141
परिवर्तनसम्बन्धी	141
पाएकै	141
पादुकोण	141
पालिएका	141
पुग्छु	141
पुजाआजा	141
पुष्पलालले	141
प्रदूषणका	141
प्रावधानमा	141
फा	141
फार्मेसीमा	141
फिनालेमा	141
फ्रान्सलाई	141
बढाइसकेको	141
बारुद	141
बिमानस्थलमा	141
बीटा	141
बोलकबोल	141
ब्याटिङको	141
भगवान्को	141
भण्डारमा	141
भावको	141
भाषणको	141
भिमदत्त	141
भैरवी	141
मणिराम	141
मण्डलीको	141
महसुश	141
माछामासु	141
मान्छेहरुलाई	141
मार्चको	141
माहामारीको	141
मिलको	141
मुखियाले	141
मुर्ख	141
यन्त्रको	141
यमलाल	141
युनिभर्सिटीका	141
योमरी	141
राख्दछन्	141
रातभरी	141
रूपरेखा	141
रोहिंग्या	141
लकडाउनकै	141
लिलाधर	141
लेख्छिन्	141
लोकतन्त्रले	141
विख्यात	141
विचरा	141
विपदको	141
विविधीकरण	141
विश्वासघात	141
वीरगञ्जका	141
शंखधर	141
शेरवहादुर	141
संक्रमणपछि	141
सघाएका	141
सजाउन	141
सम्झदै	141
सहने	141
साई	141
साथले	141
सुनौली	141
सेवाहरुमा	141
सैलुन	141
सोचबाट	141
सोती	141
स्ट्यान्डर्ड	141
स्वयमले	141
स्वाइन	141
हाइवे	141
हुमागाईं	141
हेफर	141
होकी	141
RSS	140
अझैँ	140
अन्तिमतिर	140
अभ्यासबाट	140
अरबी	140
अर्काेतिर	140
अर्थमन्त्रीलाई	140
अश्वेत	140
आदेशका	140
आम्दानि	140
इण्डो	140
इनरुवामा	140
इश्वरी	140
उमेरकी	140
एरेञ्ज	140
कंकालिनी	140
कन्जरभेटिभ	140
कपुरले	140
कहाली	140
काकाले	140
कार्यादेश	140
कार्यालयबाटै	140
कुहिएर	140
कैदीबन्दीको	140
कोकाकोला	140
क्षेत्रमध्ये	140
खातुनको	140
गाउनु	140
चक्करमा	140
चारित्रिक	140
चिनिन	140
चुनाबमा	140
चौबीस	140
च्यानलहरू	140
छविमा	140
छात्रवृत्तिको	140
छुट्टीमा	140
छेउछाउ	140
जनयुद्धले	140
जवाहरलाल	140
जानुपर्नेमा	140
ट्रान्स	140
ट्रिलियन	140
डाक्टरहरुको	140
थ्रिलर	140
दिर्घकालीन	140
दुबैजना	140
धानेको	140
नगर्नुहोला	140
नमराज	140
नरदेवी	140
नविनतम	140
नाइट्रोजन	140
निर्देशिकाको	140
नेतृत्वकै	140
पक्रेर	140
परम्पराका	140
पराजयको	140
पलायो	140
पाङ्ग्रा	140
पोलेर	140
प्रजातन्त्रमा	140
फ्रम	140
बजारीकरणको	140
बनाउनै	140
बागमतीको	140
बाेल्दै	140
बिग्रिएर	140
भत्कियो	140
महतलाई	140
मार्गहरू	140
में	140
मेक	140
यात्रीलाई	140
रहनेगरी	140
राजनाथ	140
रिसाएर	140
रूसको	140
रेनो	140
लन्डनको	140
लाद्न	140
लाभग्राहीको	140
लिङ्कहरू	140
लेख्छु	140
लोकदर्शन	140
विप्लवलाई	140
विश्लेषकहरूले	140
विहानको	140
शालिकमा	140
शिरोमणि	140
सक्रमण	140
समृद्धितर्फ	140
सम्वद्र्धन	140
सहजीकरणको	140
साम्राज्ञीले	140
सिमामा	140
सिस्टमले	140
सुचिमा	140
सुजिता	140
सुदृढीकरणका	140
सुस्मा	140
स्वभावले	140
स्वशासित	140
हाँसी	140
हिमताल	140
हुनपर्ने	140
हुन्छे	140
हेडक्वार्टर	140
अनर्गल	139
अन्तरको	139
अपत्यारिलो	139
अफगानिस्तानले	139
अल्कोहल	139
अविकसित	139
अहमदले	139
अहेब	139
आउनका	139
आउनेहरुको	139
आदर्शको	139
आरामको	139
इन्टरप्राइजेज	139
उपाधिसहित	139
ऋणबाट	139
एपिएफका	139
औषधको	139
कद	139
कन्सल्टेन्ट	139
काँही	139
कुशवाहाले	139
क्याफेमा	139
क्रियटिभ	139
क्रिस्चियन	139
खटिन	139
खबरका	139
खाटमा	139
खानालाई	139
खुवालुङ	139
खेमामा	139
खेलाडि	139
खेलाडीसँग	139
गदैं	139
गराएकोमा	139
गरिदैछ	139
गर्मीले	139
गाउँतिर	139
गिरिको	139
गेटवे	139
ग्यास्ट्रिक	139
घनमिटर	139
घरजग्गामा	139
चलाएपछि	139
चाह्यो	139
छलफलसमेत	139
छानेको	139
जाँदैनन्	139
जान्दैनन्	139
जिप्रका	139
जुद्ध	139
जैसीले	139
झर्दै	139
टन्न	139
टप्पु	139
टर्क	139
डुवान	139
ढिलोमा	139
तन्दुरुस्त	139
तारमा	139
त्रिविमा	139
दिउँसोसम्म	139
दिनुपरेको	139
दुस्साहस	139
देशद्रोही	139
देशहरुलाई	139
नगरपालिकाकै	139
नपाएसम्म	139
नाउ	139
निद्राको	139
निम्तिन	139
निषेधको	139
नृत्यको	139
पक्षहरूलाई	139
पढिने	139
परापूर्वकालदेखि	139
पर्छन	139
पालिकाहरुले	139
पुत्री	139
पूर्वउपप्रधानमन्त्री	139
प्रतीकात्मक	139
प्रवेशद्वारमा	139
प्रसारणको	139
प्रामाणिक	139
फोर्ड	139
बकर	139
बढाउनेछ	139
बनाउँदैन	139
बाफ	139
बाबू	139
बिकट	139
बिपीको	139
बुन्न	139
बेहाल	139
बैंककमा	139
बोक्दै	139
ब्युरोको	139
ब्लकमा	139
ब्लू	139
भया	139
भिडीयो	139
मनपरि	139
महानगरपालिकाकी	139
माछाका	139
माझ्ने	139
माना	139
मिठास	139
मिलानले	139
मुकुट	139
मुटुसम्बन्धी	139
मुसाले	139
यहाँस्थित	139
योगीको	139
रुजु	139
रूकुम	139
रूपान्तरणका	139
लिङ्देनको	139
लेखनका	139
लेखाउन	139
लेगको	139
लोकप्रियताको	139
वर्षायाम	139
विगाह	139
विदाइ	139
विपद्मा	139
विहानैदेखि	139
वीरगंजमा	139
वेदकोट	139
व्ययको	139
श्रमिकहरू	139
सक्दैन्	139
सन्चालक	139
सफलतापछि	139
समस्याहरूलाई	139
समाजशास्त्री	139
समीक्षाको	139
सर्वशक्तिमान्	139
सहजताको	139
साम्राज्यको	139
सुन्दरतामा	139
सुसन	139
सृजनात्मक	139
सृजित	139
सेवी	139
स्ट्रिम	139
स्थलहरुमा	139
स्थितिले	139
स्विकार्न	139
स्वीडेन	139
हाेला	139
2020,	138
:||	138
By:	138
Similar	138
comment	138
new	138
no	138
time	138
अग्र्यानिक	138
अटुट	138
अनर	138
अनुसन्धानकर्ताहरूले	138
आएलगत्तै	138
आवेदकले	138
आश्रमलाई	138
आहत	138
उदयराज	138
उपलब्धिहरू	138
उपायबारे	138
उब्जनी	138
एयरबस	138
ओमिक्रोनको	138
कर्तव्यको	138
कर्मठ	138
कामपा	138
कार्डहरू	138
कित्ताका	138
केन्द्रिकृत	138
कोरोनाभाइरसबाट	138
क्यु	138
क्रेन	138
खिचातानी	138
खुलाए	138
गाेल	138
घण्टौँ	138
चक्रपाणी	138
चढे	138
चन्द्रमणि	138
चिकित्साशास्त्र	138
छुटै	138
जनासहित	138
जन्माएका	138
जितेमा	138
जिवन्त	138
जीवनकुमार	138
जोडिनु	138
टनामा	138
टोकेर	138
डाइट	138
डाक्टरसँग	138
डिष्ट्रिक	138
ढुक्कसँग	138
थैली	138
दिनहु	138
दिनेको	138
दीपेन्द्रले	138
देउवाबीच	138
देखिदै	138
देशराज	138
दोब्बरले	138
धपाउन	138
धोखा	138
नआउला	138
नगरोस्	138
नबोलेको	138
नाकाबन्दीले	138
नितिगत	138
निर्बाचनमा	138
नेइमार	138
नौबिसे	138
न्युयोर्कको	138
पदार्थबाट	138
परम्परादेखि	138
परेछ	138
पारिश्रमिकमा	138
पुर्याइयो	138
पुर्याइरहेको	138
पूर्णविराम	138
प्रशिद्ध	138
फिनल्याण्ड	138
फिनिसिङ	138
फेरिएका	138
फैलाइएको	138
बटनमा	138
बनाइनु	138
बसौं	138
बाजाको	138
बाहिरिनु	138
बिथोल्ने	138
बीउको	138
भइरहेकोले	138
भत्काएपछि	138
भन्नासाथ	138
भूउपयोग	138
मतदाताहरुलाई	138
मस्यौदालाई	138
महागढीमाई	138
मांग	138
माइकिङ	138
माझीलाई	138
मास्केले	138
मितव्ययिता	138
यस्ले	138
यूट्यूब	138
राइजिङ	138
राज्यहरुमा	138
राहदानीको	138
रोकिएर	138
लानु	138
लैनचौर	138
लोचन	138
ल्याउँछौं	138
वल	138
विवादरहित	138
व्यवसायहरु	138
व्यहोर्नुपरेको	138
व्रतको	138
शुद्धीकरणको	138
षड्यन्त्रको	138
संग्रहित	138
सक्नुहुने	138
सन्देशसहित	138
सम्पदामा	138
सम्मलाई	138
सयले	138
सरकारकाे	138
साइक्लिङ	138
सिटका	138
सुमो	138
सोच्यो	138
सोरु	138
स्केल	138
हकहितमा	138
हटाउनुपर्छ	138
हरिजन	138
हावाबाट	138
हुदैं	138
्कलन	138
#breaking	137
provided	137
than	137
ं	137
अध्यायमा	137
अन्तक्रिया	137
अपहरणको	137
आउनेमा	137
आनीबानी	137
आमजनताको	137
आवश्यकताहरूको	137
उक्साहटमा	137
उपमहानगरमा	137
एनआरएनका	137
औषधालय	137
कार्यसञ्चालन	137
कुटपीट	137
कुरीति	137
केटाकेटीलाई	137
कोलोराडोमा	137
कोशेली	137
क्वाड	137
क्वालिफायरमा	137
खसालेर	137
गतबर्ष	137
गरिरहन्छ	137
गर्छिन	137
गुरुप्रसाद	137
गोवा	137
घटनालगत्तै	137
चट्याङले	137
चलाउनुपर्छ	137
चौरसियाले	137
छात्राले	137
छात्राहरुलाई	137
छुन्छ	137
जाऔँ	137
जानकारीसमेत	137
जेलमै	137
झैझगडा	137
टेक्निसियन	137
ठाडा	137
डक्टर	137
डिएपी	137
तपाइलाई	137
तहहरु	137
दर्शनलाई	137
दिक्षित	137
दिनमात्र	137
दिनुहुँदैन	137
दीपेन्द्रसिंह	137
दुख्न	137
देख्दिनँ	137
दोहोर्याउने	137
नदिएसम्म	137
नपुगे	137
निकटको	137
निक्र्यौल	137
नैनसिंह	137
पं	137
पटेलको	137
पठाउनुहोस्	137
पलको	137
पिसाव	137
पेम्बा	137
प्रतिक्रियाहरु	137
फाइनलको	137
बंगलादेशबाट	137
बढो	137
बन्दसत्रमा	137
बराबरीको	137
बाध्यतालाई	137
बिग्रिने	137
बिरामीहरुले	137
बिहीन	137
बुझ्नुहोस्	137
बेल्जियमले	137
बैतडीले	137
बोलिरहेका	137
ब्यहोरेको	137
भाईको	137
भेडेटार	137
भ्याइनभ्याइ	137
मच्चियो	137
मल्लका	137
महत्त्वलाई	137
माटाका	137
माडीका	137
मान्यताअनुसार	137
माविलाई	137
मूर्तिहरू	137
मेयरलाई	137
मेल्लेख	137
मोनिका	137
म्याड्रिडले	137
यहाँहरुको	137
यादवमाथि	137
रहिरहेको	137
लम्बाइको	137
लाखौँको	137
लेनिनवाद	137
वर्किङ	137
वर्चश्व	137
वायुमण्डलमा	137
विकाससँग	137
विजयादशमी	137
शिबिर	137
श्यामप्रसाद	137
श्वासप्रश्वासको	137
संयमता	137
संविधानसँग	137
सक्दिनन्	137
समितिहरू	137
सम्मानीत	137
सल्लेरी	137
साझेदारको	137
सामा	137
सिंहसँग	137
सुनायो	137
सुन्छु	137
सेटको	137
स्पोन्सर	137
स्यानिटाइजरको	137
स्वाहा	137
हल्लाले	137
हाताभित्र	137
हिड्दै	137
हेल्मेट	137
होर्डिङ	137
०६५	137
१५१	137
:–	136
then	136
अंकल	136
अकस्मात्	136
अगि	136
अग्रवाललाई	136
अनुभुती	136
अनुसन्धानमूलक	136
अर्धनग्न	136
अलमुताइरीले	136
आउटडोर	136
आराेप	136
आर्दश	136
इमानदारिता	136
उत्पादनमुलक	136
उमाशंकर	136
ऐर	136
ओशो	136
कट्रिना	136
कतिपटक	136
कन्फ्रेन्स	136
कमका	136
कमिटीबाट	136
करणले	136
काण्डका	136
कार्यशैलीमा	136
कालीबहादुर	136
कुमाख	136
कुशासन	136
क्षेत्रसम्म	136
गतिशिल	136
गद्दार	136
गर्नेसमेत	136
गुजरातमा	136
गुम्यो	136
गोल्डकपमा	136
चक्रीय	136
चाँसो	136
चाहनाले	136
चेतनामा	136
चौकीले	136
छानी	136
टाढाका	136
टिप	136
टिपोट	136
टीमका	136
ढाल	136
तनावले	136
तर्न	136
तिलगंगा	136
त्यसपश्चात	136
दम्पतीलाई	136
दीक्षितले	136
द्वार	136
धावनमार्गमा	136
धूमपान	136
नगर्दासम्म	136
नजिता	136
नदीनाला	136
नफर्किने	136
नभन्ने	136
निधिलाई	136
नियाल्दै	136
न्यायाधीशहरूले	136
पटका	136
पतनको	136
परिधिभित्र	136
परिस्थितिबाट	136
परीक्षालाई	136
परेकै	136
पर्छु	136
पाँडे	136
पारसको	136
पिपल्स	136
पुरुषहरुले	136
पुर्याइने	136
पोखिन्	136
प्लानिङ	136
फणिन्द्र	136
फाइट	136
बजेभित्र	136
बन्जाडे	136
बिनिता	136
बिर्ता	136
बिहारमा	136
बुनेको	136
बेटिंग	136
बेलकोटगढी	136
बेसहारा	136
ब्यबस्थित	136
भएकैले	136
भत्किने	136
भन्दैन	136
भित्रिए	136
भूपाल	136
मस्तिष्कले	136
महोत्सब	136
माँग	136
मागबारे	136
माल्दिभ्समा	136
मिनरल	136
मेगाहर्ज	136
मोटोपना	136
यात्राबाट	136
युवतीमाथि	136
राखेँ	136
रुपैयामा	136
रोमा	136
लगिएका	136
वडाध्यक्षलाई	136
वाइल्ड	136
वाधा	136
विघटनसम्बन्धी	136
विद्यार्थीहरुमा	136
विपत्तिको	136
विपि	136
विष्टका	136
वीरगञ्जस्थित	136
व्यहोर्न	136
संचय	136
सक्रियताले	136
सज्जन	136
सम्हालेर	136
सर्भरमा	136
सहकोषाध्यक्षमा	136
सहप्राध्यापक	136
साङ्केतिक	136
सामू	136
सिमेन्टमा	136
सिष्टम	136
सुनिन्थ्यो	136
सुरेशकुमार	136
सोधिन्	136
स्वास्थ्यबारे	136
हिन्दुस्तान	136
हुनुपर्थ्यो	136
हुनेछौ	136
हैन्	136
होमवर्क	136
ह्विप	136
below	135
when	135
ˆ	135
आइत	135
आईसोलेसनमा	135
आएछ	135
इन्चार्जमा	135
इन्सेकद्वारा	135
इभेन्टमा	135
उदारवादी	135
उपभोगमा	135
उपाधिसँगै	135
उप्रेतीलाई	135
उम्मेदवारमा	135
एकप्रकारको	135
एपहरू	135
एलइडी	135
कम्युटर	135
कल्याणकारिणी	135
काखी	135
किपर	135
क्रिप्टो	135
क्षेत्रभन्दा	135
खटाइएका	135
खर्चिने	135
खुवाउँदै	135
गरिदिनुपर्ने	135
गरेनौं	135
गर्नेहरुमा	135
गर्नेहरूका	135
गुज्रिएका	135
ग्रेस	135
चाडबाडको	135
चिकित्सकमाथि	135
चेकको	135
छात्राको	135
जनताबीच	135
जुरेको	135
जेनेभा	135
ज्ञवालीका	135
ज्ञानेन्द्रलाई	135
झरनामा	135
टर्कीले	135
टिकेन	135
ट्याक्टरमा	135
डबलीमा	135
डिस्पोजल	135
ढुक्कले	135
तथ्याङक	135
त्यहिँ	135
थाइल्यान्डको	135
थुनामै	135
दण्डहीनता	135
दुईतले	135
देहाय	135
दोषि	135
धराने	135
धितोको	135
ध्रुब	135
नचाहेर	135
नजानी	135
नाकाहरु	135
नारायणको	135
निस्के	135
नुहाएर	135
न्या	135
पक्कापक्की	135
पदार्थले	135
पद्दति	135
परिणामस्वरुप	135
परिसंघको	135
पानसमा	135
पार्नको	135
पिउँदै	135
पुग्छौं	135
पुनःनिर्माणमा	135
प्युठानमा	135
प्रमेश	135
फकाउने	135
फन्को	135
फुलबारी	135
बगाउन	135
बताइसकेको	135
बसिरहेकी	135
बस्नेलाई	135
बाँच्नका	135
बाथरुम	135
बिद्रोही	135
बिधुत	135
बिराटनगरमा	135
बुकमा	135
बेहोर्न	135
भकारी	135
भरतमणि	135
मण	135
मन्त्रालयकी	135
मान्यताप्राप्त	135
मिडियासँग	135
मिर्गाैला	135
मिलाए	135
मुहानमा	135
मैदा	135
यात्रीको	135
यिनीहरुलाई	135
रहेकाहरुको	135
रामहरी	135
राष्ट	135
रेडियोका	135
रोजीरोटी	135
रोडको	135
लगाउँथे	135
लगाउनको	135
लालच	135
लेफ्ट	135
लेवान्डोस्कीले	135
विधी	135
विपत्तिमा	135
विशिष्टीकृत	135
विस्फोटका	135
व्यापारीहरुको	135
व्यापी	135
शब्दकोश	135
शास्त्रको	135
शोकको	135
संक्र	135
सम्झिन	135
सहुलियतमा	135
सामी	135
सार्कीको	135
सिकाइलाई	135
सेवनका	135
सोधिने	135
सोना	135
स्तरलाई	135
स्लो	135
स्वेता	135
हँसाउने	135
हमासको	135
हमिद	135
हर्षोल्लासका	135
हस्तान्त्रण	135
हुसैन	135
हृदयले	135
हेलमेट	135
होलिडे	135
१२औँ	135
pm	134
अक्सन	134
अटाउन	134
अतिक्रमणमा	134
अधि	134
अधिवक्ताहरु	134
अनुुसार	134
अभय	134
आईसीटी	134
आफूनिकट	134
आयआर्जनको	134
आर्जित	134
इन्फोटेक	134
उस्तो	134
एकाग्रता	134
एक्काइसौं	134
एमालेसँगको	134
एलसी	134
कप्तानको	134
कमर्सले	134
कम्युनिकेसन	134
कर्मकाण्ड	134
कार्यकर्ताहरूको	134
कार्लोस	134
कुराहरुले	134
केबी	134
केलाएर	134
केहिले	134
कोशेढुंगा	134
क्रान्तिकारीको	134
क्रियाशीलता	134
खेमाका	134
गतिविधिहरूको	134
गराउदा	134
गर्नेछौ	134
घनिभूत	134
घाटी	134
चक्रपथको	134
चक्रपाणि	134
चार्जर	134
चैतसम्म	134
छुटाउने	134
जडानका	134
जयसवाल	134
जलेका	134
जिवितै	134
जेनी	134
ज्यादतीका	134
ज्वरोको	134
झारेर	134
टुङ्गिएको	134
ठीकसँग	134
तराइ	134
ताकी	134
तुफान	134
दुरसञ्चार	134
देखिनेछन्	134
धेर	134
नगरेकोले	134
नाप्न	134
नारीहरुको	134
न्यूनीकरणको	134
पंखा	134
पदकको	134
पल्टन	134
पसिनाले	134
पाईला	134
पाकिस्तानबीच	134
पारमाणविक	134
पार्टनरसिप	134
पिसेर	134
प्रतिबन्धका	134
प्रतियोगीताको	134
प्रधानसम्पादक	134
प्रस्टै	134
प्रस्तुतिको	134
प्लेटमा	134
फछ्र्यौट	134
फोहोरा	134
फ्लोरमा	134
बनाउनुस्	134
बनायौँ	134
बन्दसूची	134
बाँझै	134
बिडारी	134
बुटवलस्थित	134
बैंकहरूमा	134
बोटबिरुवा	134
भन्यौँ	134
भागीदार	134
भैरहवाका	134
मतदातामा	134
मदाने	134
मनोविज्ञानमा	134
मालिकलाई	134
मिलाइदिन	134
यतिको	134
यमबहादुर	134
यात्रापछि	134
यायो	134
यीले	134
रमाएर	134
रहिसकेका	134
राखेपका	134
राजनीतिप्रति	134
रुखबाट	134
रेणुका	134
रोक्नुपर्छ	134
रोजाइको	134
लगानीकर्ताका	134
लिउ	134
लिलामीमा	134
लेखियो	134
विभागकी	134
विम्ब	134
वोर्ड	134
शक्तिपीठ	134
शट	134
शब्दयात्रा	134
शासकहरुले	134
शिवशंकर	134
श्रीमानसँग	134
संगीतकर्मी	134
संजालको	134
सन्देशलाई	134
समाजकी	134
सम्झनाको	134
सम्झिँदै	134
सम्पन्नता	134
सम्बन्धबाट	134
सरलता	134
सहभागीहरू	134
सहरीकरण	134
सहोदर	134
सातदोबाटोमा	134
साबुनपानीले	134
सिकाएर	134
सिग्देलको	134
सिड्नीको	134
सुचनामा	134
सुन्दरहरैँचा	134
सेवासँग	134
सैनिकहरू	134
स्टडी	134
हरूलाई	134
हवाईजहाज	134
हाँसेर	134
हिंडेका	134
हुदैनन्	134
हुर्मत	134
हैदरावाद	134
ह्वावे	134
१८५	134
१९८३	134
२१०	134
,’’	133
23	133
most	133
said	133
system	133
thoughts	133
अदालतद्वारा	133
अनर्थ	133
अनुग्रह	133
अलर्ट	133
अवधारणाले	133
अवस्य	133
अशोभनीय	133
अहं	133
आइरहेकी	133
आईसीपी	133
आफन्तजन	133
आयौं	133
आहे	133
उक्लेको	133
उग्रतारा	133
उपचारलाई	133
उपनामले	133
एमसिसि	133
कचौरा	133
कल्याणको	133
कामहरुलाई	133
कावा	133
कुमारलाई	133
केजीको	133
कोइलाडी	133
क्यान्टिन	133
क्वालालम्पुर	133
गराइदिने	133
गरिनन्	133
गाईवस्तु	133
घुमिरहेको	133
चिन्तामणि	133
चुचुरो	133
चुलिँदै	133
चैतन्य	133
छेक्न	133
छेवैमा	133
जडिबुटीको	133
जत्ति	133
जनतासामु	133
जनलहर	133
जनाधार	133
जसरि	133
जादाँ	133
जानकरी	133
जिदानले	133
झारफुक	133
ट्रकका	133
ठिमी	133
डिजी	133
ढंगमा	133
ढलको	133
ढलेर	133
तनावलाई	133
तपाईंमा	133
तस्बीर	133
तीर	133
तुलबहादुर	133
तेलले	133
त्योसँगै	133
दिऊँ	133
दिन्छौ	133
दुईतिहाइको	133
देख्नासाथ	133
देवघाटमा	133
दोहोर्याउन	133
धावन	133
नगरेपनि	133
नगर्दै	133
नगर्नेलाई	133
नजानेको	133
नदिजन्य	133
निकालिन्छ	133
निकेतन	133
नेटवर्कले	133
पञ्चमीका	133
परिवर्तनबाट	133
पल्टाएर	133
पाँचको	133
पुगोस	133
पेटेन्ट	133
पेन्सिल	133
प्यालेस्टाइन	133
प्रकिया	133
प्रदीपले	133
प्रदेशस्थित	133
प्रदेशहरुमा	133
प्रवर्तक	133
प्रौढ	133
फर्किएँ	133
फाईलहरू	133
फुटकर	133
फ्रान्सबाट	133
बगाएका	133
बज्न	133
बढवा	133
बताइरहेको	133
बनाएकोमा	133
बस्यौं	133
बांकी	133
बाइडेनलाई	133
बिज्ञ	133
बिद्यार्थीहरुको	133
बेन्च	133
बेपत्ताको	133
बैंकिङको	133
बोलिरहेको	133
भइदियो	133
भइन	133
भर्जिनियामा	133
भारतद्वारा	133
भैसकेपछि	133
मगरका	133
मार्गलाई	133
मुश्किलले	133
मूलत	133
मेलाले	133
मैलो	133
मोफसलका	133
मोरक्को	133
यत्तिकैमा	133
रायलाई	133
राष्ट्रबाट	133
रिपोर्टसहित	133
रिस्क	133
रुपियाँसम्म	133
लगाइदिएका	133
लागूऔषधको	133
लिबियामा	133
लुइँटेलले	133
वढेको	133
वाटो	133
विदेशमै	133
विभेदलाई	133
विश्वयुद्धको	133
शंकरप्रसाद	133
शाहसँग	133
शिवलाल	133
शेखले	133
संजालका	133
सक्यौँ	133
सञ्चालकहरू	133
सञ्जालमार्फत्	133
सबैला	133
सभापतिसमेत	133
समानुपातिकबाट	133
सम्झाई	133
सम्बाेधन	133
सयोजक	133
साङ्लो	133
साथमै	133
साथीभाइसँग	133
सामग्रीबाट	133
सावाँ	133
सिम्रौनगढ	133
सुराकी	133
सुरुवातमै	133
सैनिकका	133
स्थललाई	133
स्थलहरू	133
स्थानीयबासीको	133
स्पिन	133
स्पेनिश	133
हाम्री	133
हार्न	133
हिंसाविरुद्धको	133
हुमागाईले	133
होटलहरुमा	133
१६१	133
१९८२	133
....	132
2014	132
April	132
should	132
अदक्ष	132
अनुसन्धानकर्ताले	132
अपच	132
अर्ली	132
अविचलित	132
अस्पतालकी	132
आइडलमा	132
आनी	132
आमाहरु	132
आयोजनाहरूको	132
इच्छालाई	132
उत्तरार्धमा	132
उत्पति	132
उत्पादनहरूमा	132
उमेरसम्म	132
एक्ली	132
एमबाप्पेले	132
कञ्चनजंघा	132
कान्तिपुरबाट	132
कास्कीबाट	132
किरणको	132
कुश	132
कूटनीतिज्ञ	132
केएल	132
केटाकेटीको	132
कोदालो	132
कौडा	132
क्यू	132
क्वात्राले	132
खबरद्वारा	132
खादै	132
गर्नेहरुका	132
गाउँलेहरु	132
गितहरु	132
गिरोहको	132
घुमाएर	132
चीर	132
चौहानको	132
छत्रदेव	132
छाँटकाँट	132
छाउन	132
जन्ममा	132
जलाशयमा	132
जितले	132
जुहारी	132
टाँस्न	132
टिकटकले	132
टेकप्रसाद	132
ठूलाे	132
डण्डा	132
डिजाइनले	132
डिल्लीबहादुर	132
तर्पण	132
थलोको	132
दसैंका	132
दुर्गमका	132
देखेनन्	132
द्वन्द्वले	132
धर्मी	132
धारापानी	132
नम्बरहरू	132
निरुता	132
निर्माताहरु	132
नीरज	132
पक्षहरूको	132
पाइयोस्	132
पारिस्थितिक	132
पार्टनरलाई	132
पिण्ड	132
पुस्तिकामा	132
प्रजातन्त्रलाई	132
प्रवद्र्धक	132
प्रविष्टि	132
प्राध्यापकको	132
फुकाउन	132
बगानमा	132
बढिरहँदा	132
बसहरु	132
बसाल्ने	132
बानेश्वरको	132
बुद्धिजिवी	132
बूढी	132
बेरीले	132
ब्रान्डले	132
भएछन्	132
भराउने	132
भारतसंग	132
भुकम्पको	132
भूभागको	132
भेटाउन	132
भेटेरै	132
भैंसीको	132
मंसिरसम्म	132
मधेसलाई	132
मनोकांक्षा	132
मन्च	132
मन्त्रालयबीच	132
महाराजगञ्जस्थित	132
मावली	132
मिल्स	132
मेले	132
म्यानपावरले	132
यतातिर	132
योसँग	132
रजाइँ	132
राखेकाले	132
रिहाईको	132
रेशमलाल	132
लण्डनको	132
लोमान्थाङ	132
वस	132
विधिअनुसार	132
वृद्धाश्रम	132
वैद्यको	132
शरणार्थीलाई	132
श्रव्य	132
संगठनहरूले	132
संग्राहलय	132
संसारभरिका	132
संस्थाहरुसँग	132
सतिश	132
सम्मकै	132
सयौँको	132
सहरहरूमा	132
साथिहरु	132
सार्नुपर्ने	132
सुझावअनुसार	132
सेलो	132
स्की	132
स्थितीमा	132
हलबाट	132
हस्त	132
हेलिकप्टरको	132
हैसियतको	132
२५००	132
Site	131
fill	131
अजयकुमार	131
अन्तरगतका	131
अपजस	131
आएकाहरुलाई	131
आठौ	131
आयोगकी	131
आशाले	131
एउटालाई	131
एकतिहाइ	131
कमाउँदै	131
कम्पोष्ट	131
कम्युनिस्टहरू	131
कसुरको	131
कार्यवहाक	131
केरला	131
क्षमायाचना	131
खप्पिस	131
खेदजनक	131
गणक	131
गतेसम्ममा	131
गद्दी	131
गार्डले	131
गाविसलाई	131
गुजरातको	131
गुनासाहरु	131
गुमराहमा	131
गौचनले	131
चन्द्रौटा	131
चारपटक	131
चिन्नु	131
चेम्बरले	131
छड	131
छत्रकोट	131
छत्रेश्वरी	131
छात्रवृति	131
छुटाउनुभयो	131
छुवाछुतको	131
जनतासमक्ष	131
जालसाजी	131
जितिया	131
जित्नै	131
जीको	131
जीतपुर	131
जेठसम्म	131
झगडाको	131
झल्किन्छ	131
टुर्नामेन्ट	131
टेक्नोलोजीले	131
ढुंगामा	131
तथानाम	131
दफामा	131
दाबीसमेत	131
दिनैपर्छ	131
नरेन्द्रकुमार	131
नारद	131
निकासीमा	131
नेपालभाषा	131
नेपालविरुद्ध	131
पढन	131
पढाएर	131
पद्धती	131
परामर्शका	131
पर्खाईमा	131
पार्दासम्म	131
पूर्वउपाध्यक्ष	131
पेशाबाट	131
पैसालाई	131
प्रकारमा	131
प्रणव	131
प्रदर्शनकारीहरुले	131
प्रदेशभर	131
प्रायःजसो	131
फोल्ड	131
बग्दै	131
बनाइदिएका	131
बनेपनि	131
बरदान	131
बर्दगोरिया	131
बसें	131
बहालमा	131
बाआमा	131
बाहक	131
बिमारी	131
बिस्तारमा	131
बोको	131
ब्याङ्क	131
भञ्ज्याङ	131
भरिन्छ	131
भोगे	131
मल्टिपल	131
माटोलाई	131
मानवजाति	131
मिटिङमा	131
मुठी	131
मुलपानी	131
मृगौलाको	131
मेघनाथ	131
मेरुदण्डको	131
मोटा	131
यद्दपी	131
यद्धपी	131
युनिटको	131
रहिन्	131
राजमार्गबाट	131
रोजिना	131
लगाउँछु	131
लगिनेछ	131
लाजिम्पाट	131
लिङ्गो	131
विन्टर	131
विपना	131
संशोधनसहित	131
सङ्क्रमितलाई	131
सञ्चारमाध्यमहरूले	131
समावेस	131
सर्वसाधरणको	131
साइपाल	131
साइरन	131
सानीभेरी	131
सानेपा	131
सामानहरुको	131
सिक्किमका	131
सिन्को	131
सिफारीस	131
सिसाको	131
सीतादेवी	131
सीपहरू	131
सुनवाई	131
सुन्दरताले	131
सेकेन्डको	131
स्टाइलिस	131
स्थानियलाई	131
हथौडा	131
हल्लाउँदै	131
हुर्किएको	131
हौसिएका	131
०६७	131
१९७८	131
१९८५	131
2019,	130
PDF	130
अक्षता	130
अड्किएका	130
अनुप्रयोगले	130
अपरिवर्तनीय	130
अमात्यले	130
आदत	130
आधुनिकिकरण	130
आबद्धता	130
आसाम	130
इब्राहिम	130
उपदान	130
एक्शन	130
ओह	130
औंलामा	130
कडायतले	130
कदमहरू	130
कपिलवस्तुले	130
कमजोरीहरू	130
कलेजोमा	130
कहीँकतै	130
काग्रेसले	130
काटेपछि	130
किसानबाट	130
कुक	130
केन्द्रमार्फत	130
क्रु	130
क्विन्समा	130
क्षेत्रीका	130
खुड्किलो	130
खेरी	130
गर्दैआएको	130
गिरिराज	130
गुणले	130
गृहमन्त्रालयको	130
घटनाहरूमा	130
घामले	130
चलाउदा	130
चाहन्नँ	130
चुडामणी	130
चेयर	130
छोड्नुपर्ने	130
जनकारी	130
जनभावना	130
जनसमुदाय	130
जातजातिका	130
जेसिजका	130
जोगाएका	130
जोनी	130
झझल्को	130
झण्डाको	130
झाका	130
झिकाउने	130
टाउकाको	130
टुक्राहरू	130
टेक्सासको	130
टो	130
ठम्याउन	130
डीएपी	130
तथ्यगत	130
तहहरूमा	130
ताँती	130
तानातान	130
तिवारीलाई	130
तिहारलाई	130
दुखद्	130
देविका	130
नक्सालाई	130
नपु	130
नबराज	130
नाकालाई	130
निकालियो	130
निर्माताहरू	130
निर्वाचनअघि	130
निर्वा्चित	130
पक्रन	130
पठाएकी	130
परिवेशको	130
पर्वतारोही	130
पार्नुपर्छ	130
पावरको	130
पुगिरहेका	130
पुग्ला	130
पुज्ने	130
पोलियो	130
प्रतिस्पर्धालाई	130
प्रत्यक्षतर्फको	130
प्रधानमन्त्रीज्यूले	130
प्रभाब	130
प्रसादले	130
प्रहरीसहित	130
फत्ते	130
फर्किंदै	130
फाल्नु	130
फ्यानहरु	130
बजारसँग	130
बताएकाे	130
बर्माले	130
बहादुरी	130
बाढीपीडित	130
बिस	130
बुढामगरले	130
बुढीनन्दा	130
बेइमान	130
बेच्नु	130
बो	130
भाँडोमा	130
भ्याएका	130
मरिण	130
महिलाहरूमा	130
मारा	130
माल्दिभ्सलाई	130
मिटरसम्म	130
मुख्यत	130
युएसए	130
युटुबमा	130
रसिलो	130
राज्यद्वारा	130
रिसिभ	130
रुपबाट	130
रोक्दा	130
लगाइदिए	130
लविङ	130
लागौं	130
लिओनल	130
लुका	130
लेखेपछि	130
वताउदै	130
वनमन्त्री	130
विपदमा	130
व्यक्तित्वहरु	130
शुरुवातमा	130
संक्षेपमा	130
संशाधन	130
सजाउने	130
सदावहार	130
सनसनी	130
समझदारीको	130
सम्पूर्णमा	130
सरकारमार्फत	130
सामयिक	130
सेतोपाटी	130
सैनामैनामा	130
सोचिरहेका	130
स्वाप	130
स्वास्थ्यकर्मीमा	130
हठ	130
हाकिमले	130
हुनाका	130
And	129
अछुत	129
अनागरिक	129
अभिनयले	129
अहित	129
अहो	129
आँधीले	129
आदर्शहरू	129
आन्दोलनपछि	129
आन्दोलनप्रति	129
आयआर्जनका	129
आहुति	129
इञ्जिन	129
इन्सेकका	129
इभान	129
उखेलेर	129
उत्तरतिर	129
उनीभन्दा	129
ऊन	129
एकेडेमिक	129
एमालले	129
ओरेक	129
कच्चापदार्थ	129
करदाताको	129
कहाँनेर	129
कारुणिक	129
कार्यस्थल	129
कावासोतीमा	129
किबोर्ड	129
किलोमा	129
किसानसँग	129
किसिमबाट	129
क्याप्सुल	129
क्रिकेटले	129
खण्डीकरण	129
खोलियो	129
गजब	129
गणमा	129
गरोस	129
गर्नेे	129
गायीका	129
गास	129
गोरखाबाट	129
घडीको	129
घन	129
चलाउँछ	129
चार्टड	129
चिनफिङ	129
चिप्लो	129
चेकिङ	129
चेपुवामा	129
चौकुने	129
छुटका	129
जनक्रान्ति	129
जनाई	129
जावतमा	129
जीतको	129
जेठदेखि	129
जोडिएपछि	129
टिकाऊ	129
डलरसम्म	129
डाँका	129
डेङ्गुको	129
ढल्केवर	129
तलाउमा	129
त्यागको	129
दिँदैनौं	129
दिलकुमारी	129
दूतावासबाट	129
देखिएर	129
देख्दैनन्	129
धारणामा	129
धुरी	129
नखोल्ने	129
नगरेकोमा	129
नचल्दा	129
नतमस्तक	129
नतिजालाई	129
नभइकन	129
नमः	129
निकायहरूमा	129
निषेधाज्ञाले	129
नेपालबीचको	129
नेस	129
न्यायपालिकालाई	129
न्यायालयले	129
पठाइनेछ	129
परिधि	129
परीक्षक	129
पहलको	129
पुगेकै	129
पुरूषको	129
पोकर	129
प्रमाणीकरणको	129
प्रयोगशालाबाट	129
प्रवेशाज्ञा	129
प्रसोधन	129
प्लेटफर्महरू	129
फ्रन्टलाइनमा	129
बङ्गालको	129
बढ्नुमा	129
बथान	129
बनिसकेपछि	129
बन्दाबन्दीले	129
बरावरको	129
बरुण	129
बलजफ्ती	129
बाजागाजासहित	129
बाराले	129
बालगृहमा	129
बिग्रँदै	129
बिग्रन्छ	129
बिषयको	129
बिषादी	129
बुझिने	129
बेचे	129
ब्राजिललाई	129
भत्तामा	129
भैँसीको	129
भैरहवाबाट	129
भोल्युम	129
मनबाट	129
मर्जरका	129
मलका	129
महको	129
महाभूकम्प	129
महिलाबाट	129
माथिसम्म	129
मालाको	129
माहामारी	129
मितिबाट	129
मुलतः	129
मृतकलाई	129
यथार्थवादी	129
यामलाल	129
युभेन्ट्सले	129
रहनका	129
राजमो	129
रुबी	129
रौनकता	129
लगाउनुको	129
लगानीकर्ताहरूले	129
लडाकुको	129
लावती	129
लािग	129
लिएकाे	129
लिएरै	129
लिङदेनले	129
लियोनेल	129
लेखहरु	129
लेखि	129
वडले	129
वरीपरी	129
वसेको	129
वार्तालाई	129
वास्तविकतालाई	129
विचारबाट	129
विवरणसहित	129
शक्तिहरुको	129
शुरूवात	129
शोकाकुल	129
संस्थापनइतर	129
सञ्चितिमा	129
सदरमुकामस्थित	129
सन्तप्त	129
समर्थकहरूले	129
सम्झौताहरू	129
सम्पर्कका	129
सुकुम्बासीको	129
सुटिङमा	129
सुनचाँदीको	129
सुनी	129
सेज	129
सेसनमा	129
स्कुटरलाई	129
स्पार्क	129
हतास	129
हस्ती	129
हुँदाका	129
हुँन	129
हुसेनले	129
०५४	129
Lesozoh	128
X	128
make	128
up	128
website.	128
अतिथिहरु	128
अन्तरनिहित	128
अबधिमा	128
अब्जेक्सन	128
अभियन्ताको	128
अभै	128
अवरोधको	128
अवस्थमा	128
आईडल	128
आन्द्रे	128
आफूप्रति	128
आबेदन	128
आलिताल	128
ईच्छुक	128
उपमेयरका	128
एक्जिट	128
एनेस्थेसिया	128
एयरवेजको	128
एसइइ	128
किशोरीहरु	128
कीट	128
क्याम्ब्रिज	128
खोजिमा	128
गायकको	128
गुमाउनुपर्ने	128
गैसस	128
ग्याँसको	128
ग्ल्यामर	128
घटनास्थलतर्फ	128
घेराभित्र	128
चापलाई	128
चिनफिङको	128
चियामा	128
चुनाउ	128
चैत्रमा	128
चौतारीको	128
छाँै	128
छाप्रो	128
जनआन्दोलनपछि	128
जया	128
जलयात्रा	128
जलाएका	128
जागरणको	128
जानुपर्यो	128
जाममा	128
झर्दा	128
झाँक्रीलाई	128
झुट्टा	128
टासी	128
टिकेको	128
ठहरिएका	128
डेथ	128
तत्पश्चात	128
दबाउने	128
दरहरू	128
दिन्छन	128
देखाइन्छ	128
देख्दैन	128
देवनारायण	128
धनुष	128
धम्कीपूर्ण	128
नभनेर	128
नलिइ	128
नश्वर	128
नहुनुमा	128
नाटकका	128
नारीवादी	128
निदाएको	128
निष्ठाको	128
नेभिगेट	128
पदाधिकारीसहित	128
पन्थ	128
परिघटना	128
परिचालक	128
परिदृश्यमा	128
परीक्षणले	128
पाइलटको	128
पुर्याउनेछ	128
प्रदर्शनपछि	128
प्रशंशा	128
प्रेमलाल	128
प्रेसले	128
फर्कंदै	128
फुटबललाई	128
फुलेका	128
फेस्टिवल	128
बटुलेर	128
बहुउपयोगी	128
बालाई	128
बिथोल्न	128
बिर	128
बेचेका	128
बैंकिंग	128
बैकका	128
बोधराज	128
बौद्धिकता	128
भन्छौँ	128
भियतनाममा	128
भुषालको	128
मसंग	128
माइलेज	128
मागेकी	128
मार्शल	128
मिश्रका	128
मुद्दाहरुमा	128
मुसाको	128
मेक्सिकोमा	128
यिनीहरूलाई	128
युगान्तकारी	128
रजिष्ट्रेशन	128
रश्मि	128
रहँदासम्म	128
राँगो	128
रुनु	128
रुवाबासी	128
रोजेर	128
रोबिन	128
लगायतसँग	128
लाठीचार्ज	128
लिमिटेडमा	128
लैजान्छन्	128
ल्याइनेछ	128
वानमा	128
वामदेवलाई	128
विकाससम्बन्धी	128
विश्वप्रसिद्ध	128
शान्तिसुरक्षा	128
शैय्याको	128
संकायको	128
सन्तबहादुर	128
समयानुकुल	128
समुन्नतिका	128
सम्झे	128
सरर	128
सरसफाईका	128
सर्वदलिय	128
सहकारीहरुले	128
सहयोगीका	128
सिँचाइका	128
सिचुवान	128
सिसडोल	128
सिस्टर	128
सीमितता	128
सुनुवारको	128
सुन्निएको	128
सूत्रमा	128
सेक्टरमा	128
सेरम	128
सोध्दै	128
सोरठी	128
स्थानीयतहको	128
स्वच्छन्द	128
स्वाभिमानको	128
स्वीकार्छन्	128
स्वीकृतिमा	128
हिरासतमै	128
हेर्नुभएको	128
१५७	128
९९९	128
Amazon	127
अगुवाले	127
अत्यावश्यकीय	127
अधिकारमाथि	127
अध्ययनहरूले	127
अप्सनमा	127
अभिष्ट	127
अर्बौंको	127
अवशोषित	127
आदेशबाट	127
आफूभित्र	127
आम्दानीबाट	127
आयरल्यान्ड	127
आयातीत	127
आशाका	127
इक्यान	127
उठबस	127
उडानहरु	127
उद्धत	127
उद्यमको	127
उल्टी	127
उहाँप्रति	127
एपिसोड	127
एयरपोर्टको	127
ओलीद्वारा	127
कण्डम	127
कदमहरु	127
कमाइको	127
काख	127
कामदारहरुको	127
कार्यक्रमपछि	127
कुराकानीः	127
कुर्था	127
कोहीसँग	127
खगेन्द्रप्रसाद	127
खर	127
खेताला	127
खेप्न	127
गने	127
गरिसक्दा	127
गर्नेसम्मको	127
गलामा	127
गिरोहलाई	127
गोलीकाण्डमा	127
घटनासँग	127
घट्नाको	127
घाटको	127
घुँडाको	127
चरणवद्ध	127
चाहेन	127
चिनेर	127
चैत्य	127
छनौटका	127
छल्दै	127
छेत्री	127
छैठौ	127
छोपेको	127
जगत्मा	127
जनकपुरधामस्थित	127
जमिनबाट	127
जागृति	127
जानाजानी	127
जिताएका	127
जोन्सनले	127
झुन्डिएर	127
टर्किस	127
टुकी	127
ट्राफिकले	127
ठेक्कापट्टा	127
डिभिजनका	127
ढु	127
तलेजु	127
ताइवानलाई	127
तालमेलका	127
तुल्याउँछ	127
तुल्सी	127
त्योबेला	127
त्रिपाठीको	127
थाकेको	127
थालमा	127
दर्जाका	127
दर्शनार्थी	127
दिवसकै	127
दीपकले	127
दुधे	127
दुनियाँले	127
दु्रत	127
नगरपालिकाद्वारा	127
नलिएका	127
नालायक	127
निर्देशनात्मक	127
पत्यार	127
पशुपालक	127
पश्चात्ताप	127
पातहरू	127
पुजाको	127
पुतला	127
पुर्णता	127
पूर्णत	127
पूर्णप्रसाद	127
पृथ्वीका	127
पोजिसनमा	127
प्याडको	127
प्रकाशलाई	127
प्रथालाई	127
प्रभाबकारी	127
फलाउने	127
फलामका	127
फ्रेमवर्क	127
बग्छ	127
बडाल	127
बनाउँ	127
बन्नेमा	127
बबरमहलमा	127
बरिस्ठ	127
बसिन्	127
बाइडन	127
बिचारमा	127
बिराट	127
बेरी	127
बैनी	127
बोडी	127
भटाभट	127
भर्नु	127
भुरा	127
मई	127
मजदुरहरू	127
मण्डलीमा	127
मन्त्रालयगत	127
मलेरिया	127
महावाणिज्यदूत	127
माइक्रोफाइनान्स	127
मुलुकहरूको	127
मूल्यांकनका	127
मूल्याङ्कनको	127
म्यासेन्जर	127
याउनका	127
यापन	127
रक्तपात	127
राखिरहेको	127
राज्यमन्त्रीको	127
रानीमहल	127
रोकाय	127
रोल्पाले	127
लहरका	127
लागेकोमा	127
लिपस्टिक	127
वास्तुकला	127
विधेयकमाथिको	127
विधेयकहरु	127
वैज्ञानिकको	127
व्यक्तिहरूमा	127
व्यावस्था	127
शक्ती	127
शनिवारको	127
श्रद्धाञ्जलीका	127
श्रोताले	127
सदस्सीय	127
सन्चालित	127
सबको	127
समाजवादका	127
समेतमा	127
सम्झी	127
सर्मिला	127
सर्वविदितै	127
सर्वसाधरणलाई	127
सहभागीहरूलाई	127
सार्दा	127
सिमानाको	127
सिरिन्ज	127
सुस्वास्थ्य	127
सेन्टरलाई	127
स्कारपियो	127
स्वा	127
हातहरु	127
हिसिला	127
हेरचाहमा	127
२०५	127
२५औं	127
@	126
India	126
color	126
days	126
info	126
year	126
अकाल	126
अक्षरहरू	126
अडिएको	126
अधिकारीहरूसँग	126
अनविज्ञ	126
अपनाउँदा	126
अबिलम्ब	126
अर्थमन्त्रालयमा	126
अर्थिक	126
अहिंसा	126
आक्रमणले	126
आदेशसँगै	126
आफूबाट	126
आरबी	126
इलेक्ट्रीक	126
इस्टर्न	126
ईन्जिन	126
उठ्नै	126
उतारिएको	126
उद्योगहरुमा	126
उहिल्यै	126
एकदलीय	126
एकवटा	126
एक्जिम	126
ओल्ड	126
कलंक	126
कार्यात्मक	126
काही	126
किटको	126
किलोलिटर	126
कुण्डमा	126
कृषकहरूले	126
क्यामरामा	126
क्रिष्टियानो	126
क्रीम	126
खानुहोस्	126
खोलानाला	126
गभर्नरले	126
गरिदिन्छन्	126
गरेभन्दा	126
गिद्धको	126
गीतमार्फत	126
गुनासोको	126
चारआली	126
चार्जमा	126
चुर्लुम्म	126
जनताहरुलाई	126
जमघटमा	126
जर्सीमा	126
जुनै	126
जेलमुक्त	126
झाँक्रीको	126
ट्रिगर	126
डराउँछन्	126
डिजेलमा	126
तर्साउन	126
दाजुलाई	126
दार्मा	126
दिनेशले	126
दुधौली	126
दुनियामा	126
देखिएसँगै	126
धारणालाई	126
ध्रुवमा	126
नदिदा	126
नबिर्सनुहोस्	126
नाइन	126
निजीमा	126
निस्कासन	126
न्यायलाई	126
पुरोहित	126
प्रतिक्रियाले	126
प्रतियुनिट	126
प्रस्तावनामा	126
प्रस्तावबारे	126
प्रोस्टेट	126
फर्कन्छन्	126
फिचरिङ	126
फेवातालमा	126
बटम	126
बताइए	126
बनेपाको	126
बर्तौला	126
बालकका	126
बीओपी	126
बुलबुल	126
बोधार्थ	126
भट्टामा	126
भनिदिए	126
भन्नेकुरा	126
भरीका	126
भूभागलाई	126
भेटघाटलाई	126
भेन्चर	126
मनिता	126
महम्मद	126
माक्र्सले	126
मित्रहरू	126
मिसिएर	126
रहेकाहरुलाई	126
राजेशमान	126
राज्यहरूमा	126
राष्ट्रियकरण	126
रिसको	126
रूचि	126
रेजिना	126
लालले	126
लिनै	126
लेखिए	126
लेखिरहेका	126
ल्यान्डफिल	126
वहानामा	126
विगो	126
विरही	126
व्यक्तित्वहरुको	126
शंकरदास	126
संस्कृतमा	126
सङ्कलनका	126
सबलीकरण	126
समस्याप्रति	126
सहभागीहरु	126
सहयोगप्रति	126
साइप्रस	126
सिमेन्टका	126
सिर्जनाले	126
सुकेका	126
सुकेपछि	126
सुबेदीको	126
सेभिङ	126
सोध	126
सोफिया	126
स्खलित	126
स्रोतहरूको	126
स्वीकारोक्ति	126
हावाहुरीका	126
११औँ	126
१७२	126
१८१६	126
१९औँ	126
२०८४	126
into	125
media	125
अग्रभागमा	125
अमिन	125
अस्पतालहरुको	125
आँसुको	125
आचारसंहितामा	125
आठराई	125
आयोजनाअन्तर्गत	125
आयोजनाहरुमा	125
इमान्दारीपूर्वक	125
उचो	125
उनीसंग	125
एन्जलस	125
एन्ड्रोइडमा	125
एमबीए	125
कन्सन्ट्रेटर	125
कपाली	125
कमन	125
कमलादीस्थित	125
कष्टपूर्ण	125
कार्यकर्तासँग	125
किशोरीहरुलाई	125
कुटाइबाट	125
कुवँरले	125
कुवेतका	125
केटाहरु	125
केरकार	125
क्षेत्रतर्फ	125
खड्कासँग	125
खरीदका	125
खुल्दा	125
गच्छदारलाई	125
गरिको	125
गर्दासम्म	125
गर्नपर्ने	125
गोटी	125
गौ	125
घण्टाघर	125
चाहिरहेका	125
चेतनाले	125
छरपस्ट	125
छर्केर	125
छात्रावास	125
छारो	125
छुटेपछि	125
जनाइसकेको	125
जोगाउँदै	125
जोनसन	125
ज्यालामा	125
झर्छ	125
झिकाएर	125
टुक्रामा	125
ट्रिपल	125
डराउन	125
डिप्रेसनमा	125
डिभाइसमा	125
ड्रामा	125
ड्रिम्स	125
तर्प	125
तस्बिरः	125
तिलिचो	125
त्रिबेणी	125
दरबारका	125
दर्शकहरूले	125
दाईको	125
दिएकोले	125
दिलाउनु	125
दिशाको	125
धनपालथान	125
ध्यानको	125
नगर्नू	125
नमिले	125
नामकी	125
निर्देशनालयको	125
नेभिगेसन	125
पठाइसकिएको	125
परिपक्क	125
पाउरोटी	125
पार्टीमाथि	125
पीडाबाट	125
पुनर्गठनको	125
पुनस्	125
पुरुषहरूको	125
पुर्याउनुपर्छ	125
प्रतिनिधीसभा	125
प्रतिबद्धतामा	125
प्रतिबन्धले	125
प्रावधानहरू	125
फिजियोथेरापी	125
फिडर	125
बच्चाहरूले	125
बजगाईं	125
बनाईने	125
बनाउनेमा	125
बन्दले	125
बस्छौं	125
बस्नुभयो	125
बहुमुल्य	125
बाँकीको	125
बास्कोटाको	125
बीमाका	125
भारतबाटै	125
भुँडी	125
भेहिकल	125
मदिराजन्य	125
मस्या	125
माहुरी	125
मित्रको	125
मूल्यांकनमा	125
मेचीदेखि	125
मैलै	125
म्याचमा	125
यत्तिको	125
युकेमा	125
युवतीका	125
रहनुहोला	125
राणाकालीन	125
राष्ट्रहित	125
रिकभर	125
रीमा	125
रुपैयाँबाट	125
रेखाचित्र	125
रेवतीरमण	125
लगनखेल	125
लीग	125
लेनदेनमा	125
लेनिनवादी	125
लोकसेवाको	125
वर्कसप	125
विजुलीको	125
विरोधाभास	125
व्यवस्थामाथि	125
शम्भुनाथ	125
संघद्वारा	125
संचित	125
संस्थानलाई	125
समा	125
समृद्धिलाई	125
सुहाउने	125
सोचें	125
सौखिन	125
स्थिरताका	125
स्वास्थ्यकर्मीमाथि	125
हत्केलामा	125
हरर	125
हात्तीपाइले	125
हाल्दा	125
हुमागाई	125
हृदयदेखि	125
हेरफेरको	125
हेर्छौं	125
ह्विल	125
१८८	125
●	125
अक्षरले	124
अतिवाद	124
अधिराज्यको	124
अनुपालन	124
अराजकताको	124
अर्थमन्त्रीमा	124
अाएकाे	124
आइएस	124
आइसियूमा	124
आएकाहरु	124
आफैसँग	124
इच्छाअनुसार	124
उल्लास	124
एचकेनेपाल	124
एनालिटिक्स	124
एमालेबीच	124
एयरलाइन्सलाई	124
ओलीनिकट	124
ओहोदामा	124
औँल्याउनुभयो	124
कँडेललाई	124
कर्तुत	124
कहरमा	124
कागलाई	124
काटिरहेका	124
कित्ताको	124
कुठाराघात	124
कुर्ने	124
कोडको	124
क्यापिटलको	124
क्वारेन्टाइनबाट	124
खबरबाट	124
खाउँ	124
गजमेर	124
गर्नाका	124
गर्नेतिर	124
गाभेर	124
गाैतम	124
गेममा	124
गोकुलेश्वर	124
घटाई	124
घमण्डी	124
घेरेर	124
चलेकै	124
चारको	124
चिताएको	124
च्याम्बर	124
छरेको	124
छेउबाट	124
छैटौ	124
छोरीहरुको	124
जनरामा	124
जम्मै	124
जरुर	124
जस्ती	124
जुधिरहेका	124
टाइममा	124
टेस्ला	124
टोटनह्याम	124
डिभिजनको	124
ढ	124
तलतिर	124
ताकेर	124
तिमिलाई	124
थप्दा	124
थापासहित	124
थासाङ	124
दिइँदैन	124
दुईलाई	124
देखाएनन्	124
धनराशी	124
धर्मशास्त्र	124
नगरसभाको	124
नन्दु	124
नपुग	124
नभएकालाई	124
नलगाउन	124
नासाको	124
नेकपासँग	124
न्यायाधिश	124
पत्रीका	124
पन्छिने	124
परिसरभित्र	124
पर्वतले	124
पाणिनी	124
पैसाबाट	124
पोखरेलसँग	124
पोल्यान्ड	124
प्रगतिबारे	124
प्रतिवादीले	124
प्रदेशसँग	124
प्रश्नका	124
प्राथमिकीकरण	124
प्रोसेस	124
फलोअप	124
फसेर	124
फाटो	124
फारममा	124
फुयाल	124
बजारी	124
बज्ने	124
बढाइ	124
बाउको	124
बितिकै	124
बिरानो	124
बिष	124
बुधबारे	124
ब्याचका	124
ब्याटर	124
ब्रिक्स	124
भक्तपुरस्थित	124
भत्केका	124
भर्ति	124
भित्रियो	124
भूटानी	124
भेट्रान्स	124
मध्यपूर्वमा	124
मनाउँदैछन्	124
महाकालीमा	124
माउस	124
मालपोतका	124
मिर्च	124
मिलाइनेछ	124
मिलानको	124
मिलेका	124
मिल्दै	124
मेचीनगरका	124
मेनू	124
यात्रुहरूको	124
युद्धबाट	124
योजनाहरूको	124
रच्ने	124
राईसँग	124
राउतसँग	124
राज्यकै	124
राधे	124
रेफरल	124
रोकायले	124
लाइनका	124
लुकी	124
लैगिंक	124
ल्याइन्छ	124
वडाहरूमा	124
वर्षदेखी	124
विबाह	124
विभेदपूर्ण	124
विशेषज्ञले	124
वृद्धिसँगै	124
वैश्य	124
व्रतबन्ध	124
शाहरुखले	124
संयन्त्रका	124
संविधानप्रति	124
सकेनौ	124
सगँ	124
सङ्गठनलाई	124
सच्याउनु	124
सञ्चालनसम्बन्धी	124
समुदायबीच	124
सम्झाउँदै	124
सम्पत्तिलाई	124
सरोकारवालाहरुसँग	124
सहकारीमन्त्री	124
सुची	124
सेमिफाइनलको	124
स्टिङ	124
स्थानियहरु	124
स्वतन्त्रतामा	124
स्वर्णपदक	124
हेरियो	124
हेलिकप्टरले	124
१९७६	124
३१०	124
∕	124
them.	123
अघिमात्र	123
अधिकृतहरुको	123
अपव्याख्या	123
अरबले	123
अर्जुनप्रसाद	123
अल्का	123
अशुद्ध	123
असाध्य	123
आँटेको	123
आईसकेको	123
आदिबाट	123
आधुनिकता	123
आर्थिकरुपमा	123
इरफान	123
इशान	123
इस्मा	123
उतारेर	123
उतैबाट	123
उत्तरोत्तर	123
उपयोगका	123
ओखती	123
ओमकार	123
कम्युनिष्टहरुको	123
कसीमा	123
काजु	123
कात्यायनी	123
कृषकहरूलाई	123
केएमसी	123
कोरना	123
कोलाहल	123
खाइन्छ	123
खानीखोला	123
खोजको	123
गज्जब	123
गरिंदै	123
गर्भवतीको	123
गुजरा	123
गृहनगर	123
गृहमन्त्रालयमा	123
घण्टौ	123
घुँडामा	123
चक्रको	123
चित्रहरु	123
चुनिएको	123
चेला	123
चौतारीले	123
छाँट	123
जनआस्था	123
जनजीविकाका	123
जिनपिङले	123
जोड्नका	123
झगडामा	123
ट्रेलरले	123
ठोकेर	123
ढाँचाको	123
तत्वलाई	123
थ	123
थोकर	123
दैन	123
धनुषाधाम	123
नउठाउने	123
नाटककार	123
नाट्टा	123
नाफामूलक	123
नियतवश	123
निर्माणसम्बन्धी	123
नीतिबाट	123
नेक्सन	123
पदलाई	123
परमादेशको	123
परालको	123
परिवारसँगै	123
पहिलेजस्तो	123
पाओस्	123
पाठ्य	123
पौड्यालको	123
प्रतिपक्षका	123
प्रतिमहिना	123
प्रबन्धन	123
प्राप्तीको	123
फकाई	123
फर्काउनु	123
फर्कायो	123
फ्यानहरुले	123
बकवास	123
बर्षाले	123
बारीमै	123
बाह्रदशी	123
बिकलाई	123
बीरबहादुर	123
बुँदागत	123
बेचैनी	123
बेनिशा	123
बेरोजगारलाई	123
ब्यवहारमा	123
भक्तजनलाई	123
भनिरहनु	123
भरतपुरस्थित	123
भर्नुहोस्	123
भुभाग	123
भ्वाईस	123
मच्चाउन	123
माधवनारायण	123
मानौ	123
मिलाईएको	123
मिहिन	123
मुस्कुराउँदै	123
मूल्यवृद्धिको	123
रतुवा	123
राइस	123
राजदूतावासका	123
राजदूतावासको	123
राज्यहरू	123
रामसहायप्रसाद	123
रिसोर्टको	123
रूपन्देहीमा	123
रेश्मा	123
रोदन	123
लगिएकोमा	123
लिम्बुलाई	123
लुकाइएको	123
लोकतान्त्रीक	123
ल्याउनुभयो	123
वस्न	123
वार्डको	123
विकृतिलाई	123
विकेटकिपर	123
विचारहरूको	123
वैज्ञानिकहरु	123
शल्यक्रियाका	123
शहरहरु	123
सङ्कलनको	123
समन्वयन	123
समुन्द्रमा	123
सम्बत	123
सर्मथन	123
साँघुरा	123
सामन्य	123
सिकाउँदै	123
सिर्जनालाई	123
सुनिश्चितताको	123
सुविधासहित	123
सुसार	123
सेयरधनी	123
सेयरिङ	123
स्वस्तिका	123
हटपाटी	123
हतियारधारी	123
हरे	123
हान्यो	123
हिजाे	123
हुमागाईंले	123
हेमजा	123
होस्टेलमा	123
२०औं	123
८५०	123
Rights	122
vi	122
अंगुर	122
अनियमितताका	122
अनुप्रयोगहरूमा	122
अन्तरंग	122
आँगनको	122
आउनेबित्तिकै	122
आक्रमणकारीले	122
आठवटै	122
आत्तिने	122
आन्दोलनकै	122
आर्क	122
आशयको	122
इटलीमा	122
इन्टरनेसनलले	122
इन्फ्रास्ट्रक्चर	122
इन्साफ	122
इमान्दारी	122
इलेक्टोरल	122
ईश्वरले	122
उजुरीपछि	122
उदासीनता	122
उन्ले	122
एडीबी	122
एमाओवादीको	122
एस्तो	122
ओटीटी	122
कलाकृति	122
कार्यालयसम्म	122
कालका	122
कुपोषणको	122
केटीहरू	122
क्यानेडियन	122
क्लिंकर	122
खबरको	122
गरिएकामध्ये	122
गर्नतिर	122
गर्नुपरे	122
गाउँलेहरू	122
गुणको	122
चल्छन्	122
चारदिने	122
चिजहरु	122
छोरीहरुलाई	122
जनताप्रतिको	122
जन्मदेखि	122
जोकोही	122
ट्यूब	122
ठगि	122
ठेकदार	122
डुअल	122
डेनमार्कको	122
तपाईकै	122
तेजाबी	122
तोप	122
थपिदिएको	122
थोत्रो	122
दायरालाई	122
दारी	122
देशभरमा	122
नमिलेर	122
नहँुदा	122
निमित	122
निरीक्षणमा	122
नेकपाकी	122
नेपा	122
पटके	122
पढने	122
परिचयपत्रको	122
पर्स	122
पाँचमा	122
पारखी	122
पुग्नको	122
पृथकतावादी	122
पेनाल्टीमार्फत	122
प्रतिनिधिबीच	122
प्रतिपादित	122
प्रदर्शनकारीलाई	122
प्रधानन्यायाधीशमा	122
प्रेमराजा	122
प्लेटफर्मले	122
फसल	122
फिर्ताका	122
फोनलाई	122
फ्याक्स	122
बद्रि	122
बरिष्ट	122
बाध्यताका	122
बारेका	122
बालेको	122
बाहानामा	122
बिभागको	122
बिम्स्टेक	122
बुझाईएको	122
बोटे	122
बोलेपछि	122
बोल्दैनन्	122
ब्रा	122
ब्रेकिंग	122
भन्दिनँ	122
भन्नेहरुले	122
भरिएर	122
भिजुअल	122
भूपरिवेष्ठित	122
भोग्नुपरेका	122
भोटेकोसी	122
मङ्ल	122
मध्येमा	122
ममी	122
मरुभूमिमा	122
मल्टिमिडिया	122
महासागरमा	122
महिनाहरूमा	122
मानवअधिकारकर्मी	122
मामाको	122
मिथिलाको	122
मोहनप्रसाद	122
रंगरोगन	122
रस्साकस्सी	122
रास्ट्रपति	122
रास्ट्रिय	122
रिसेट	122
रुटको	122
लगनशीलता	122
लिएकोमा	122
वम	122
वर्गिकरण	122
वासिङटन	122
विचरण	122
विद्रोहमा	122
विल्कुलै	122
विश्वयुद्धमा	122
शीतलनिवास	122
संसारभरी	122
सग्लो	122
सङ्कलनमा	122
सङ्क्रान्ति	122
सन्धिखर्कमा	122
समाप्ति	122
ससर्त	122
साझेदारीलाई	122
सात्विक	122
सानासाना	122
सुडानको	122
सेमिफाईनलमा	122
सोफामा	122
स्टिभ	122
स्ट्रीट	122
स्थितिबाट	122
हरिप्रभा	122
हरुलाइ	122
हिउँको	122
हिस्ट्री	122
हैकम	122
होसमा	122
०१६२०१४५३	122
१५९८५०	122
६०४३६५२९५	122
great	121
what	121
अकबरे	121
अक्षरशः	121
अध्यादेशले	121
अन्नपूर्णमा	121
अष्ट्रेलियाबाट	121
असरबाट	121
आफुसंग	121
आफूजस्तै	121
आरटी	121
आवासमा	121
आसनबाट	121
उक्साउने	121
उठाउनुभएको	121
उडानहरू	121
उताको	121
उपराष्ट्रपतिमा	121
उमङ्ग	121
एकादशीका	121
एनआरएनले	121
एमजी	121
एलिसा	121
कदमी	121
कम्युनिष्टले	121
कर्णको	121
कर्तव्यनिष्ठ	121
कल्याणका	121
कहलिएका	121
कहिलेबाट	121
कार्यप्रति	121
कुशलता	121
खटेको	121
खाग	121
खानेपानीमा	121
खेपिरहेको	121
खेलिएको	121
गराएँ	121
गर्छे	121
गर्भनिरोधक	121
गाउँगाउँ	121
गान्धीलाई	121
गार्डको	121
गीताको	121
गुमाउनुपरेको	121
गृहमन्त्रालयका	121
गौरीफन्टा	121
चाउरी	121
चालकहरुलाई	121
चुकुल	121
च्यासलमा	121
छापमा	121
जङ्ग	121
जनादेशमा	121
जस्टिन	121
जस्ताे	121
जानकारीहरू	121
जान्छन	121
जीवजन्तु	121
जुवाको	121
टिकटकको	121
टुङ्ग्याउने	121
टोक्ने	121
ट्रान्सपोर्ट	121
डटकममा	121
डिसअर्डर	121
डेनियल	121
डेमो	121
तर्कसंगत	121
तलसम्म	121
तालिकाअनुसार	121
तोडफोडमा	121
त्याग्नु	121
थाइ	121
थारुवान	121
दबाबपछि	121
दिनले	121
दुईदिन	121
दुर्दशा	121
दुवई	121
देउजा	121
देवीका	121
धुलोले	121
ध्याउन्नमा	121
नागरिकप्रति	121
नामी	121
निगमसँग	121
नियमहरूको	121
निर्वासित	121
निस्कर्ष	121
नेपलिज	121
पत्रिकाबाट	121
पशुचौपाया	121
पाउलो	121
पैदलयात्री	121
प्रचण्डसहित	121
प्रतिशतसम्मको	121
फाइनान्सले	121
फाले	121
फिल्डिङ	121
फेज	121
बक्सअफिसमा	121
बज्राचार्यको	121
बटुल्ने	121
बनमा	121
बनेमा	121
बयानको	121
बर्षभित्र	121
बाँसका	121
बाबुआमाले	121
बाहिरिँदा	121
बिगतको	121
बिन्दुले	121
बिर्तामोडस्थित	121
बिश्वकर्माले	121
बुटबल	121
बेहोर्नुपरेको	121
बोकाएर	121
बोकेकी	121
ब्यूरोका	121
भएकाहरूका	121
भण्डारीद्वारा	121
भयभीत	121
भर्दा	121
भीडलाई	121
भूकम्पपीडितको	121
भेषबहादुर	121
भोगेर	121
मजदूरी	121
मनिला	121
मनोनयनको	121
मरणासन्न	121
मल्लकालीन	121
महिनौँ	121
माइक्रोसफ्टले	121
मानिए	121
मान्यजनबाट	121
मिल्नु	121
मिसाइएको	121
यकीन	121
रजिस्ट्रेसन	121
रत्नपार्कमा	121
रसमा	121
रहेकाहरु	121
राखेपनि	121
राजमार्गलाई	121
राष्ट्रियस्तरका	121
रुससँग	121
रूट	121
रेसुंगा	121
रोष	121
रौतामाई	121
लन	121
लहरै	121
लाइनहरू	121
लाइफद्वारा	121
लागेछ	121
लिपपोत	121
लेखले	121
ल्याउँछु	121
ल्याण्डफिल	121
वर्जित	121
विकेन्द्रीकरण	121
विकेश	121
विश्वेश्वर	121
व्यवस्थासहित	121
शक्तिबाट	121
शान्तिपुर्ण	121
शिल्पी	121
श्रव्यदृश्य	121
संकीर्ण	121
संसदवादी	121
सकेमात्र	121
सङ्खुवासभा	121
सच्चिन	121
सच्याउँदै	121
सदरलाइनडटकम	121
समधान	121
समूहहरु	121
सम्झनुहोस्	121
सर्राफ	121
सल	121
सहपाठी	121
साइतमा	121
साली	121
सिकाए	121
सिङ्गल	121
सिन्ड्रोम	121
सुर्नया	121
सूचनाले	121
सेक्सनमा	121
स्थापनासँगै	121
हान्दै	121
हुनैपर्ने	121
०६६	121
१९५८	121
२८०	121
#Page	120
,...	120
...’	120
Bank	120
intelligence	120
out	120
अनेरास्ववियूले	120
आइनसकेको	120
आलुमा	120
आहारमा	120
इच्छाको	120
इन्टरटेनमेन्टको	120
उज्यालोको	120
उद्योगहरूलाई	120
उपन्यासका	120
उपाध्यक्षले	120
उरुग्वे	120
कपडाहरु	120
कमिशनको	120
कराउने	120
कलवार	120
कहाँको	120
कुटनीति	120
कुल्ला	120
कुवेतले	120
क्लवमा	120
खवरदारी	120
ख्रीष्ट	120
गर्दापनि	120
गर्नेगरि	120
गऱ्यो	120
गुठीमा	120
चन्द्रगढी	120
चारसय	120
चिरिबाबु	120
चेलीबेटी	120
जगतले	120
जनगणतान्त्रिक	120
जनमतका	120
जमेका	120
जर्जिया	120
जोडबल	120
टा	120
टाँस्ने	120
टीकाटिप्पणी	120
ट्रेसिङमा	120
डढेलोले	120
तातोपानीमा	120
तामझाम	120
त्रैमासिकमा	120
दानव	120
देशबाहिर	120
देस	120
धुमधामसँग	120
नआउनु	120
नपाएकाले	120
नभ्याउने	120
नरक	120
नहुनेले	120
निर्मातालाई	120
निर्माताहरूले	120
पक्राउको	120
पक्षपात	120
पढ्नुपर्छ	120
पढ्नेक्रम	120
पदहरू	120
पराजुलीका	120
परिपूरक	120
पसलहरूमा	120
पाटीमा	120
पिए	120
पुनरवलोकन	120
पुनर्लेखन	120
पुरुषहरूले	120
पुलहरु	120
पुस्तकालयका	120
पूर्वाधारहरु	120
प्रज्ज्वलन	120
प्रतिनीधि	120
प्लग	120
बल्लबल्ल	120
बस्तीबाट	120
बाँडफाँडको	120
बानि	120
बितिसक्यो	120
बिर्सेको	120
बीमाशुल्क	120
बुंदे	120
बैबाहिक	120
भइरहेछ	120
भत्किन	120
भरोसाको	120
भागबन्डामा	120
भुमिमा	120
भोलिसम्म	120
मकवानपुरबाट	120
मम्मी	120
महाधिवेशनसम्म	120
महासंघकी	120
माइक्रोबस	120
माओवाद	120
माग्छन्	120
मानिसहरुका	120
मुर्खता	120
यत्तिका	120
यथासक्य	120
यात्रुहरूलाई	120
युद्धलाई	120
युद्धस्तरमा	120
युनिभर्सिटीमा	120
ये	120
रत्तिभर	120
रिसालले	120
रोकाको	120
रोडम्याप	120
लसुनको	120
लाखलाई	120
लिटल	120
लेख्नुहुन्छ	120
लेडिज	120
लोकप्रीय	120
वडादेखि	120
वार्तालाप	120
विकृती	120
विचौलिया	120
विद्रोहका	120
विधानलाई	120
व्याकुल	120
शत्रुको	120
श्रमिकहरुले	120
श्रीलंकाली	120
श्रीलङ्काको	120
संकोच	120
संविधानबमोजिम	120
संस्करणहरू	120
सक्तैनन्	120
सक्नेछन	120
सङ्गीतमा	120
सत्रलाई	120
समाजकल्याण	120
समातिए	120
सानालाई	120
सिजनल	120
सिहं	120
सीए	120
सुडानमा	120
सुदेश	120
सुरजसिं	120
सेकेन्डरी	120
सैनिकहरु	120
स्वघोषणा	120
स्वयंलाई	120
हप्ताबाट	120
हुनुस्	120
हुलिया	120
१४४	120
’(	120
2012	119
consent	119
अंकमाल	119
अब्राहम	119
अमेरिकास्थित	119
अमेरीकी	119
अरूभन्दा	119
अवसरहरूको	119
असुल्दै	119
आइरहन्छन्	119
आकास	119
आफूअनुकूल	119
आर्यघाट	119
आशङ्कामा	119
आहारको	119
इनपुट	119
इन्भेष्टमेण्ट	119
उत्साहको	119
उम्मेदवारहरूको	119
एस्टन	119
कटाउने	119
कतिपयमा	119
कन्टेनरमा	119
कहाँसम्म	119
काठमाण्डौका	119
कामगर्ने	119
कार्यपालिकाका	119
कालिज	119
किटाणु	119
किरणकुमार	119
कुमारीले	119
कुरासँग	119
कैलालीबाट	119
खनजोत	119
खाँदैन	119
खाेप	119
खेपेका	119
खेलअघि	119
खोल्नका	119
गणितको	119
गतिविधिहरूमा	119
गरेछ	119
गवाही	119
गैरेको	119
गौरवमय	119
घर्तीलाई	119
चंगुलमा	119
चक्रवात	119
चालकहरुले	119
चिन्दैन	119
चुनावसम्म	119
चेकमा	119
चेतनाथ	119
च्यापिएर	119
छदै	119
छविको	119
जयनारायण	119
जिया	119
जुकाको	119
जुटिरहेको	119
जेनेभामा	119
टापुको	119
टोलीमाथि	119
ट्रस्टको	119
ठोक्किदा	119
डाँडाबाट	119
डिसेन्ट	119
तप्काका	119
ताराबहादुर	119
त्यसबखत	119
त्रिभूवन	119
थलिएका	119
थापेको	119
थिङले	119
दायित्वलाई	119
दियौँ	119
धनगढीमाई	119
धम्कीको	119
धर्मशालामा	119
धानबालीमा	119
धुनु	119
धेरैबेर	119
नआत्तिन	119
नखाएको	119
नगरसभाले	119
नाटकलाई	119
नाफामुखी	119
नारायणगोपाल	119
नारायणमान	119
निकालिएका	119
नितेश	119
निमिट्यान्न	119
निमोनियाको	119
निर्वाहमुखी	119
निसाना	119
नेतादेखि	119
नेतृत्वविहीन	119
पदबहाली	119
पन्जाब	119
परोस्	119
पर्वहरु	119
पारदर्शिताको	119
पुराएको	119
प्रजातिहरू	119
प्रजापतिको	119
प्रधानमन्त्रीसहित	119
प्रयुक्त	119
प्रवत्ता	119
फटाफट	119
फराकिला	119
फु	119
फुलको	119
फोहरको	119
बखेडा	119
बज्र	119
बट्टा	119
बन्थ्यो	119
बिरयानी	119
बेद	119
ब्याट्सम्यानले	119
ब्यूटी	119
ब्रह्म	119
भक्तराज	119
भरपाई	119
भाटले	119
मनाइरहेको	119
मनासिब	119
मस्तिष्कलाई	119
महेन्द्रकुमार	119
माउण्ट	119
मानिदैन	119
मिल्थ्यो	119
मिसाउने	119
मोज	119
मोहनराज	119
म्याराथनमा	119
म्युजियम	119
यथार्थको	119
यहिँ	119
युटुव	119
रत्नबहादुर	119
राँके	119
राखेमा	119
राज्यमन्त्रीमा	119
रामनरेश	119
रिमेक	119
रियलमी	119
रुबेला	119
रैनादेवी	119
रोहितकुमार	119
लथालिंग	119
ललितपुरबाट	119
लाइफले	119
लाग्दैछ	119
लियौं	119
लेप	119
लेबनान	119
लेभलमा	119
लोसपाले	119
वडामध्ये	119
विगाहा	119
विशेषज्ञहरूले	119
वैशाखसम्म	119
व्यबहार	119
शरिरका	119
शिखा	119
शिवाकोटीको	119
शुक्ला	119
शुशिल	119
संगठनबाट	119
संबिधानको	119
संयुक्तराज्य	119
संशोधनले	119
सङ्क्षिप्त	119
सपनाका	119
समीकरणमा	119
सम्पदालाई	119
सम्भावनाहरु	119
सरलाई	119
सर्वाङ्गीण	119
सामाग्रीहरू	119
सिग्नेचर	119
सिफारिसलाई	119
सिमरामा	119
सीएनसी	119
सुगरको	119
सुन्दरहरैंचा	119
सृजनशील	119
सेवाग्राहीबाट	119
सोच्छ	119
स्टन्ट	119
स्पाइनल	119
हार्मोन	119
हिमालबाट	119
हेटौंडाबाट	119
हेतु	119
हेरको	119
१२००	119
१३४	119
१६७	119
''	118
200	118
AG)	118
अडिसनबाट	118
अन्तरकृया	118
अविर	118
अस्पतालहरू	118
आदमी	118
आवश्यकतानुसार	118
आश्रितको	118
इन्ज्युरी	118
इप्रका	118
उकेरामा	118
उठाउँछन्	118
उडानलाई	118
उपसचिवमा	118
उभ्याएको	118
एकाउन्टेन्ट	118
ओसार्ने	118
कट्टरपन्थी	118
कन्ट्रक्सन	118
कमेडियन	118
कराउँदै	118
काँडेतार	118
काकी	118
किलोमिटरसम्म	118
केसहरु	118
कोअर्डिनेटर	118
कोरियासँग	118
कोशीको	118
कौसी	118
खुलामञ्च	118
खोकना	118
खोक्दा	118
गन्हाउने	118
गरिबीका	118
गरिरहदा	118
गाँउका	118
गाड्न	118
गुणस्तरीयता	118
गृहबाट	118
गृहयुद्ध	118
गेट्स	118
गोकुलगंगा	118
चराहरू	118
चिनीयाँ	118
ची	118
छविराज	118
छवी	118
छोड	118
जनताहरुले	118
जानकारीमूलक	118
जिफन्ट	118
जुका	118
जुडो	118
जोनको	118
टक्क	118
टेस्टको	118
ट्याबलेट	118
ठान्छ	118
डाक्टरहरू	118
ढलेपछि	118
ढोल	118
तप्का	118
तरकारीका	118
तामाङ्गले	118
तिरबाट	118
तिरेपछि	118
तुलसीलाल	118
तैंले	118
दंगाल	118
दिनकै	118
दुहवी	118
नगदे	118
नगरपालिकाभित्रका	118
नराखिएको	118
नस्ट	118
नाबालिका	118
नामकरणको	118
नारायणघाट	118
निबेदन	118
निष्कासनको	118
पगरी	118
पर्खिरहेको	118
पशुजन्य	118
पासा	118
पाैडेल	118
पुरुषभन्दा	118
पूर्वखोला	118
पूर्वसूचना	118
पैदलयात्रा	118
पोर्चुगललाई	118
प्रबिधिको	118
प्रारुप	118
फ्रान्सिस्को	118
बजिसकेको	118
बमकुमार	118
बलपूर्वक	118
बस्नुभन्दा	118
बार्सिलोनाबाट	118
बिक्रेताले	118
बिपि	118
बिषयक	118
बीचबीचमा	118
बीसौं	118
बुँदाहरु	118
बैंककै	118
ब्लगिङ	118
भूमिबाट	118
भेनेजुएलाको	118
मञ्जुश्री	118
मदनकुमार	118
मन्दिरले	118
मरिसकेको	118
महिनासम्मको	118
मूलधारका	118
मेम्बर	118
मोदीका	118
युट्युबबाट	118
रक्षामा	118
रमेशले	118
राखिदिए	118
राखें	118
राखेनन्	118
राजदरबार	118
रुस्लान	118
रूखमा	118
रूपैयाँमा	118
रेडक्रसका	118
लज्जाको	118
लम्बिँदै	118
लाभग्राहीले	118
लिनुको	118
लोकप्रियताका	118
लोभले	118
वरीयता	118
विविधतायुक्त	118
वृद्धलाई	118
वेबसाइटबाट	118
वेबसाइटले	118
व्यवस्थाहरु	118
व्यापारीक	118
व्यावसायिकता	118
व्हाट्सएप	118
शिप	118
शिलबन्दी	118
शिवालयमा	118
शोषक	118
श्रीकृष्णले	118
संर्घष	118
समावेशिताको	118
सम्बाद	118
सर्वसाधारणहरु	118
सागरले	118
सिडी	118
सुनिश्चिता	118
सुन्छन्	118
सूचकमा	118
स्पष्टीकरणको	118
स्वामित्वका	118
हङकङबाट	118
हटस्पट	118
हतकडी	118
हुंदैन	118
हेरोइन	118
होलीमा	118
२१५	118
!)	117
(video	117
G	117
advertising.	117
cookie	117
need	117
personalize	117
these	117
vi's	117
अग्रेजी	117
अदालतकै	117
अधिकारीमाथि	117
अध्यक्षसँग	117
अफिसबाट	117
अफ्रिकाले	117
अभिकर्ताको	117
अभिव्यक्तिका	117
आइन्दा	117
आपै	117
आमाहरू	117
आयन	117
आयौ	117
इन्जिनियरले	117
ईद	117
उतिर्ण	117
उदासिनता	117
उपभोक्ताका	117
उपसंयोजक	117
औँल्याउँदै	117
कमाल	117
कल्याणी	117
कात्तिकदेखि	117
कामरेड	117
कार्यालयहरुको	117
कुञ्जना	117
कुन्ती	117
कृतिलाई	117
क्लबहरु	117
क्लस्टर	117
क्षमताअनुसार	117
क्षीण	117
खटाइने	117
खपतको	117
खानीको	117
खेलहरूको	117
खोज्दैछ	117
गणले	117
गरिएकोछ	117
गालि	117
घोषणापत्रको	117
चढाव	117
चन्दका	117
चाहनेका	117
चाहन्थ्यो	117
चितवनलाई	117
चुनिने	117
छिरेपछि	117
छुट्टिएको	117
जनज्योति	117
जनप्रदर्शन	117
जन्मस्थान	117
जमीनको	117
जसै	117
झुक्किएर	117
टंकबहादुर	117
टाईम्स	117
डाबर	117
डिसेम्बरको	117
तान्यो	117
दक्षिणतिर	117
दहालले	117
दिउँसोदेखि	117
दिनेबारे	117
दिवशको	117
दुव्र्यवहारको	117
देवेन्द्रराज	117
दोहोर	117
नर्सहरु	117
नलिएर	117
निकायहरूलाई	117
निकुञ्जभित्र	117
नुवाकोटले	117
नेत्रबहादुर	117
नोटहरू	117
पठाउनका	117
पढेकी	117
परमेश्वरबाट	117
पवनकुमार	117
पाईयो	117
पिसाबको	117
पीठो	117
पुरुषहरुको	117
पूर्वदेखि	117
प्युठानका	117
प्रतिगमनकारी	117
प्रत्यक्षरुपमा	117
प्राणीहरूको	117
प्राथमिकताहरू	117
प्रेश	117
प्रोटीन	117
फर्छ्यौट	117
फुङलिङ	117
बताउँदा	117
बताउनुुभयो	117
बनाइराख्न	117
बन्नबाट	117
बसिरहन	117
बस्नेको	117
बाँकेबाट	117
बिधालयमा	117
बिहि	117
बुझाउँदा	117
बैद्यले	117
बोतलको	117
बोल्छु	117
ब्यबसायिक	117
ब्यवसायीक	117
ब्याट	117
भइदिएको	117
भ्युटावर	117
मतपत्रको	117
मन्त्रीसमेत	117
मन्दिरभित्र	117
मर्छु	117
महिनावारीका	117
मान्छेहरूको	117
मित्रलाल	117
मेसोमा	117
मोतिपुर	117
यहां	117
यहुदी	117
युनिसेफ	117
यूएईका	117
रसाइलीले	117
रसियाको	117
राउन्डमा	117
राजपालाई	117
राम्राे	117
रायो	117
रिड	117
लाइभमा	117
लिंकहरू	117
ल्होसारको	117
वाहवाही	117
विभेदमा	117
विष्णुपुर	117
वेट	117
व्यक्तिहरुसँग	117
शक्तिपीठमा	117
शक्तिहरूले	117
शर्तहरू	117
शुक्रवारदेखि	117
शेयरधनी	117
सकौ	117
सन्देशमूलक	117
सफ्टवेयरले	117
सबिना	117
समतल	117
सम्झौताहरु	117
सहचालकले	117
साइजको	117
सिम्रन	117
सुकाएर	117
सुनेँ	117
स्तरसम्म	117
स्थानियहरुको	117
स्याटलाइट	117
स्रोताको	117
स्ववियू	117
स्वादका	117
हत्याकाण्डका	117
हनिमुन	117
हरिश	117
हाँक्न	117
हाराहारीको	117
हुुने	117
हेर्नै	117
०५८	117
२०२	117
VTC:	116
È	116
अनुग्रहको	116
अभिभावकहरूले	116
अमलेखगञ्ज	116
अर्थशास्त्रमा	116
अर्बमा	116
अवकाशमा	116
अशक्तता	116
असक्षमता	116
आईफोनमा	116
आउनुका	116
आठै	116
आपतकाल	116
आफूहरुमाथि	116
आमाबाबुको	116
आर्टिस्ट	116
आर्मीमा	116
आलो	116
आवाश्यक	116
इकाइका	116
इन्स्टाग्रामले	116
उठाइने	116
उत्खननको	116
उदाङ्गो	116
उद्यमीले	116
उपभोगको	116
एमबाप्पे	116
ऐनअन्तर्गत	116
ओपो	116
ओभरटेक	116
औपचारिकरुपमा	116
कराउन	116
कलेजहरु	116
काँक्रो	116
काँचुली	116
कायस्थले	116
कारणहरुले	116
कार्ययोजनाको	116
कार्यालयकै	116
किन्नका	116
कृषिबाट	116
कैले	116
कोइलाको	116
कोईरालाको	116
क्रुद्ध	116
क्षतिका	116
खु	116
ख्रीष्टको	116
गाउँसभामा	116
गुणस्तरलाई	116
गुरुलाई	116
घट्नुको	116
घन्टापछि	116
घाना	116
चर्केको	116
चाहनाअनुसार	116
चोपडाले	116
छदैछ	116
छलफलमै	116
छिनमा	116
जनजिवन	116
जम्काभेट	116
जित्नेमा	116
जिपिए	116
जोगियो	116
ज्वाई	116
झल्काउँछ	116
टिकाको	116
टीममा	116
ट्युब	116
डाँडाकाँडा	116
ढुकढुकी	116
तारको	116
तितरबितर	116
त्कार	116
दनुवारले	116
दलितहरुको	116
दुरुपयोगको	116
दोषारोपण	116
धर्मनाथ	116
नगरवासी	116
नगराउनु	116
नसकिएपछि	116
नहुनाले	116
नामांकन	116
निमार्णमा	116
नियन्त्रकको	116
नेत्रज्योति	116
नौला	116
पद्धतिका	116
परियोजनाहरूको	116
पर्यटकहरुले	116
पश्चिमतिर	116
पह	116
पाइलामा	116
पिएको	116
पुरीको	116
पुर्पक्षको	116
पेसाले	116
पोखरामै	116
पौडेलद्वारा	116
प्रधानमन्त्रीद्वारा	116
फर्मलाई	116
फिल्महरू	116
फौजको	116
फ्याँक्ने	116
बचाउनको	116
बच्चनले	116
बजाएको	116
बटा	116
बस्तुहरुको	116
बाच्ने	116
बार्षिकोत्सव	116
बालाजुमा	116
बिटा	116
बिनु	116
बेनीको	116
बोलाइएका	116
भद्रपुरमा	116
भर्जिनियाका	116
भष्ट्राचार	116
भारतस्थित	116
मलाइका	116
मसलाको	116
मस्यौदाको	116
माइतीमा	116
मातृभाषाको	116
मानिरहेका	116
मार्तडीमा	116
मिनाह	116
मूलमन्त्र	116
मृत्युसँग	116
म्यागजिन	116
यतिले	116
यात्रीले	116
युकेले	116
योगराज	116
योर	116
रचनाको	116
रमेशप्रसाद	116
रहदैन	116
रिझाउन	116
र्	116
वंशको	116
वारी	116
वारेन्ट	116
वासिङ	116
विकल	116
विनासकारी	116
विप्लब	116
शारदाप्रसाद	116
संघीयताका	116
संघीयताले	116
सकिसकेको	116
सकेँ	116
सङ्घर्षका	116
सम्पत्तिका	116
सयर	116
सरोकारवालाहरुलाई	116
सर्बाधिक	116
सलिना	116
सल्लाहकारले	116
सशस्त्रका	116
सिलाउने	116
सैघाली	116
सोलो	116
हरियाणा	116
हस्तमैथुन	116
हिमालयको	116
१९४५	116
१९७३	116
२७४	116
International	115
Reserved	115
book	115
get	115
अङ्गीकार	115
अछामले	115
अपेक्षाहरू	115
अफरमा	115
अलैंचीको	115
अवस्थिति	115
असहमतिका	115
आधी	115
आरोपितविरूद्ध	115
आलेखमा	115
इकाईको	115
इन्फ्लुएन्जा	115
ईमान्दार	115
उठ	115
उद्योगसँग	115
उन्नतिका	115
उपकरणबाट	115
उपहारमा	115
एनआरएनएमा	115
एनआरटी	115
एनजिओ	115
एमी	115
औल्याएका	115
कमाइले	115
कमिटिमा	115
कम्पाउण्ड	115
करदाताले	115
काकाको	115
काठमाडौंदेखि	115
काफल	115
कार्यविधिअनुसार	115
कार्यालयहरुलाई	115
कुर्मीको	115
केन्द्राध्यक्ष	115
कोला	115
क्रिजमा	115
खासगरि	115
खेतीले	115
खेलकुदले	115
गन्यापधुरा	115
गफगाफ	115
गुटले	115
गुरुराज	115
गोत्र	115
गोलाप्रथाबाट	115
घरधुरीका	115
घृणाको	115
चरित्रले	115
चुमानले	115
चोली	115
जतिपनि	115
जनकपुरस्थित	115
जनसंख्याका	115
जनादेशको	115
जन्मिएपछि	115
जापानलाई	115
जाेड	115
जिम्मेबार	115
जुली	115
जोगबनी	115
टुटल	115
टुट्यो	115
टेक्सासमा	115
टेवल	115
टोप	115
डम्मर	115
डिसीले	115
डेड	115
ढुङ्गामा	115
तस्वीरहरू	115
ताम्राकारले	115
ताराको	115
तुलसीपुरले	115
त्यसबापत	115
थकालीले	115
थिचोमिचो	115
दल्ने	115
दुलालको	115
देशभरीका	115
दौत्य	115
नजीकै	115
नटआउट	115
नरोकिएपछि	115
नवलपरासीले	115
नाथले	115
नियमका	115
निर्मलाका	115
निर्माणकै	115
निर्वाचनबारे	115
निवेदनलाई	115
पञ्चायतमा	115
पठाइ	115
पदपूर्तिका	115
पदस्थापना	115
परिमार्जनसहित	115
परिवारकी	115
परिस्थितिबारे	115
पर्खालमा	115
पहिचानवादी	115
पाठको	115
पास्टर	115
पिडितहरुको	115
पुनर्जागरण	115
पुरातत्त्व	115
पूरानै	115
प्रणालीसँग	115
प्रतिपरिवार	115
प्रतिबद्धतासमेत	115
प्रतिरोधको	115
प्रत्याशी	115
प्रत्युत्पादक	115
प्रधानमन्त्रीसँगको	115
प्रहारको	115
प्रेमीलाई	115
प्रोत्साहनको	115
फर्कँदै	115
फूलहरु	115
बटुल्दै	115
बढेकाे	115
बत्तीहरू	115
बन्नुभएका	115
बस्न्यात	115
बाटाहरु	115
बिश्वमा	115
बुटवललाई	115
बुढासुब्बा	115
ब्याटल	115
ब्रान्डहरू	115
ब्रिटेनको	115
ब्रेक्जिट	115
भईन्	115
भरतमोहन	115
भारू	115
भिख	115
भुवनले	115
मगरात	115
मञ्जुर	115
मन्त्रमुग्ध	115
मितिको	115
मिलाप	115
मैत्रीपुर्ण	115
मैलुङ	115
म्याजिक	115
यथासिघ्र	115
यालीमा	115
रहनुभयो	115
रामवीर	115
राम्चे	115
रिसाएका	115
लागूऔषधसहित	115
लाग्नबाट	115
लाद्ने	115
लालनपालन	115
लिगअन्तर्गत	115
लेखकहरू	115
लोकमार्गमा	115
ल्याउनुपर्नेमा	115
वर्षयताकै	115
वारदात	115
विचारधाराको	115
विच्छेदको	115
विजेतासँग	115
विज्ञानलाई	115
विर्तामोडमा	115
विल्कुल	115
वीमा	115
वैभव	115
व्यवस्थाबारे	115
व्युरो	115
शमशेरले	115
शैलीबाट	115
शोकसन्तप्त	115
संक्रान्तिको	115
सकुन	115
सक्नेले	115
सच्याउनुपर्ने	115
सजिलोसँग	115
सधैंको	115
समेतबाट	115
सर्बसम्मत	115
सर्वसाधारणबाट	115
सहरहरुमा	115
सामाग्रीहरुको	115
सिंखडा	115
सिंहदरवारमा	115
सीपयुक्त	115
सुनाएँ	115
सुरुभएको	115
सेनाद्वारा	115
स्तुति	115
स्प्रेड	115
स्वीकार्नु	115
हटाइने	115
हरिलाल	115
हाँसोको	115
हाइड्रोपावरको	115
हायर	115
हिमालका	115
१९६८	115
१९७७	115
Right	114
reserved	114
अघिबाट	114
अजोड	114
अतिरञ्जित	114
अतिविपन्न	114
अनिबार्य	114
अभिभावकहरू	114
अरूण	114
अर्थनीति	114
अस्थिरताका	114
आँखै	114
आइलाग्यो	114
आईसीसीको	114
आउँ	114
आएजस्तो	114
आकाशले	114
आधुनिकताको	114
आनुवंशिक	114
आफन्तहरू	114
इनिसिएटिभ	114
इन्सुरेन्स	114
उत्रिएर	114
उत्साहपूर्वक	114
उद्यममा	114
उनीहरूविरुद्ध	114
उमावि	114
औजारको	114
कबुल	114
कमान्डमा	114
कम्पनिको	114
कसैप्रति	114
किशन	114
कीर्तिपुरको	114
कृतिले	114
कृतिहरु	114
केबुलकार	114
कोठाहरू	114
कोल	114
कोषाध्यक्षको	114
क्राइसिस	114
क्षमतावान्	114
खसालेको	114
खानेकुराहरु	114
खुलाई	114
खेलदैनिक	114
गणेशराज	114
गाईले	114
गाउँपालिकाभित्रका	114
गृहिणी	114
चंगा	114
चलचित्रकी	114
चाइल्ड	114
चाकरी	114
चिउरी	114
जगदुल्ला	114
जनताहरू	114
जनयुद्धलाई	114
जनसरोकारका	114
जनसांस्कृतिक	114
जुध्ने	114
ज्योतिषी	114
टर्मिनलमा	114
टिकटका	114
टेक्स्ट	114
टोलीसहित	114
ट्याङ्कीमा	114
ट्रेन्डिङमा	114
ठगीका	114
ठगुन्नाले	114
डोकोमा	114
डोजको	114
तराईलाई	114
तारीख	114
तिवारीका	114
तेही	114
त्यतिबेलाका	114
त्यहाँस्थित	114
थातथलो	114
थिएं	114
दाइजोको	114
दिनुभएका	114
दुबो	114
दुर्घटनालाई	114
देखाऊ	114
देखेमा	114
देशहरुबाट	114
धनराशि	114
धम्कि	114
नमानेर	114
नवीकरणको	114
निरक्षर	114
निरासा	114
निरौलालाई	114
निर्धारणका	114
निस्कन्छन्	114
पंक्तिलाई	114
पढाएका	114
पत्रिकासँग	114
परिप्रेक्षमा	114
पर्थे	114
पर्नुको	114
पर्साबाट	114
पश्चिमले	114
पारिसकेका	114
पिपलको	114
पिपुल	114
पुटिनलाई	114
पुनःस्थापनाका	114
पुरक	114
पुराउन	114
पूर्वेली	114
पेल्ने	114
पोटासियम	114
पोस्टले	114
प्रतिस्पर्धाले	114
प्रत्यारोपणको	114
प्रबर्धन	114
प्रवद्र्धनात्मक	114
फटाहा	114
फसाएको	114
बजेटमाथिको	114
बढेसंगै	114
बढ्नसक्ने	114
बनको	114
बनाउँछौँ	114
बबरमहलस्थित	114
बस्नुहोस्	114
बिजन	114
बिशिस्ट	114
बुढानिलकण्ठमा	114
बुनेर	114
बृद्धा	114
भइसकेकोले	114
भत्ताका	114
भन्नेलाई	114
भिल्ला	114
भूगोलका	114
भोटखोला	114
भ्रष्टाचारजन्य	114
मझगाँवा	114
मताधिकारको	114
मनोनयनपत्र	114
मन्तव्यको	114
मर्छन्	114
मस्ट	114
महाराष्ट्रमा	114
महेशपुर	114
माक्र्सवादको	114
माथागढी	114
मिनट	114
मिलाउनुपर्छ	114
मुखपत्र	114
मैंले	114
मोहनकुमार	114
मोहन्याल	114
म्युनिख	114
यसमाथि	114
रत्ननगरमा	114
रामसिंह	114
रेडमी	114
लगिरहेको	114
लेखिन्छ	114
ल्याकत	114
वनाएर	114
वर्षभरी	114
वस्तुनिष्ठ	114
विजयनगर	114
विभाजनले	114
विराम	114
विराेध	114
विरोधपछि	114
विवादहरु	114
व्यक्तित्वहरू	114
व्यक्तिहरुबाट	114
शक्तिहरुले	114
शुद्धोधन	114
शेर्मा	114
शैल्यशिखर	114
शोभाकान्त	114
सङ्क्रमितमध्ये	114
सचेतकमा	114
सन्दर्भको	114
सफलतालाई	114
सशस्त्रको	114
साक्षरताको	114
सिद्धान्तअनुसार	114
सील	114
सुझबुझ	114
सुन्छ	114
सौन्दर्यता	114
सौर	114
स्विकृति	114
हठात्	114
हरिपुर	114
हलसम्म	114
हल्लाएर	114
हस्तलिखित	114
हातहातमा	114
हितग्राही	114
होऊन्	114
०४७	114
१८३	114
१९५	114
5.	113
अं	113
अंशः	113
अकाउन्टमा	113
अख्तर	113
अचुक	113
अड्कलबाजी	113
अनादर	113
अनिच्छुक	113
अनुकूलको	113
अबु	113
अवसरवाद	113
असुरक्षाको	113
अार्थिक	113
आइलागेको	113
आइसिटी	113
आखाँ	113
आजा	113
आधारलाई	113
आपूर्ती	113
आमनागरिकलाई	113
आरोपहरू	113
इङलिस	113
उपसमितिमा	113
एड्भान्स	113
एन्ड्रोइडको	113
ओके	113
ओलम्पियन	113
औकात	113
कमाउँछन्	113
कमेन्टमा	113
कम्युन	113
करले	113
कर्मकाण्डी	113
काटिएका	113
काठमाण्डौंको	113
कानुनतः	113
कारोबारबाट	113
कास्ट	113
कुद्ने	113
कुमारीलाई	113
कुमालको	113
केन्द्रकै	113
कोणसभालाई	113
क्षमादान	113
खेल्नको	113
गंभिर	113
गरिबका	113
गरिरहेकोले	113
गरिहाल्ने	113
गर्जो	113
गलबन्दी	113
गाबिस	113
गुनासोलाई	113
गुरागाईंले	113
गुरूङको	113
गोनाही	113
गोरखनाथ	113
गोर्खाको	113
ग्रिनकार्ड	113
घटी	113
घान्द्रुक	113
चर्चाले	113
चित्रको	113
चुनौतिहरु	113
चौधरीसहित	113
छाएका	113
छो	113
जनताकाे	113
जनस्तरको	113
जानेहरु	113
जुलुश	113
जुवाडे	113
जोड्नुपर्ने	113
टाउकामा	113
डिस्पोजेबल	113
डीपी	113
ढकमक्क	113
ढाडस	113
तत्वहरूको	113
तदारुकताका	113
तनावबाट	113
ताराप्रसाद	113
तुलाधरको	113
तोसिमा	113
थप्नुपर्ने	113
थिलथिलो	113
दबाएर	113
दशैमा	113
दीपिकाले	113
दुईबीच	113
दुना	113
द्रव्य	113
धकेलिने	113
धनीको	113
नतिरी	113
नन्दसिंह	113
नबताउने	113
नाइजेरियाको	113
नाङ्गै	113
नेपालखबरसँग	113
न्यायाधीशहरुले	113
पढाइका	113
पत्रकारिताले	113
पशुपती	113
पशुलाई	113
पसलेले	113
पाउछ	113
पाउला	113
पुगिसक्यो	113
पुरस्कारमा	113
पोखिएको	113
पोष्टमार्टमको	113
प्रकृयाको	113
प्रक्रियामै	113
प्रत्येकले	113
प्रहसन	113
प्रेमकथामा	113
फन	113
फल्छ	113
फोनमार्फत	113
बढाउँदछ	113
बढाउनुका	113
बढोस्	113
बराहताल	113
बस्तुमा	113
बिलिङ	113
बिहानबाट	113
बिहारका	113
बुढाबुढी	113
बेनिघाट	113
बोन	113
ब्यारेल	113
ब्रदर	113
भएबमोजिम	113
भनाईमा	113
भाईरसका	113
भुषण	113
भूमिकाबाट	113
मट्टितेलको	113
मण्डपमा	113
मतबाट	113
मम	113
मर्जरपछि	113
महिनाभर	113
माँ	113
मार्गका	113
मार्छ	113
मिचेल	113
मूल्यले	113
मेशिनको	113
मैं	113
मौरीको	113
म्भीर	113
म्याकमा	113
म्याग्नेसियम	113
यताकै	113
युनिटमा	113
राजदुतावास	113
राजले	113
रीना	113
रुचिको	113
रेलिङ	113
लगायतकाले	113
लडाइँको	113
लिष्ट	113
लौका	113
वंशज	113
वडाध्यक्षहरु	113
वर्षले	113
वल्ड	113
वस्नेत	113
वितेको	113
विपरितका	113
विश्लेषणमा	113
विस्तारवादी	113
वुवा	113
वेश	113
शक्तिहरूको	113
शिष्य	113
शेरचनको	113
संस्कृतिसँग	113
सङ्क्रामक	113
सत्तापक्षको	113
समस्य	113
समाजवादउन्मुख	113
सहजकर्ताको	113
सहभागीहरुको	113
सांस्कृति	113
सिँह	113
सिर्सिया	113
सिसडोलमा	113
सीमास्तम्भ	113
सुनवाइ	113
सुराकीको	113
सोचेकी	113
स्कूटर	113
स्कूलले	113
स्टुडेन्ट	113
हटाउनको	113
हटायो	113
हतोत्साही	113
हस्तान्तरणका	113
हिडिरहेका	113
हुनुहुँदो	113
होकि	113
१५औँ	113
१६४	113
१६६	113
–––	113
!'	112
ALL	112
since	112
today	112
view	112
writing	112
अञ्चलका	112
अनुमानको	112
अन्तर्राष्टिय	112
अपि	112
अपूरो	112
अभियानकर्मी	112
अभियानहरु	112
अल्लाहको	112
अवतरणका	112
आउनुमा	112
आठपहरिया	112
आणि	112
आत्मकेन्द्रित	112
आन्ध्र	112
आमसभालाई	112
इटालीले	112
इन्डक्सन	112
इन्द्रप्रसाद	112
उत्पीडनमा	112
उदयपुरले	112
उद्गमस्थल	112
उपबिजेता	112
उपभोक्ताहरूलाई	112
उपसभामुखमा	112
उहाँकाे	112
उहाँमाथि	112
एनसेललाई	112
एन्टीबडी	112
एफएमका	112
एयरपोर्टबाट	112
औँठी	112
कमलादीमा	112
कर्मचारीहरुका	112
काठमाडौका	112
कामहरूको	112
कालीकोटका	112
किष्ट	112
कुरिरहेको	112
केजरीवालले	112
कैफ	112
क्याबिनेटमा	112
क्वारेन्टिनको	112
क्वार्टरफाइनल	112
खलनायक	112
खाँडाचक्र	112
खानपिनमा	112
खान्थे	112
खुम्चियो	112
खोजबिन	112
खोजेपनि	112
खोरेत	112
गच्छदारको	112
गरुड	112
गरेनन	112
गर्दैआएका	112
गर्दैछौ	112
गाउँपालिकाकै	112
चरित्रहत्या	112
चलानी	112
चिर्ने	112
चीनियाँ	112
चेकजाँचको	112
जनगणतन्त्र	112
जलप	112
जिल्लाभरका	112
जुट्नु	112
जोसे	112
झाङ	112
टोक्यो	112
टोखामा	112
टोलबाट	112
ट्रान्सप्लान्ट	112
ठमेलको	112
ठहरिए	112
ठानिन्छ	112
डडेलधुरामा	112
तल्ले	112
ताप्ने	112
त्यस्तालाई	112
थन्क्याएर	112
दखल	112
दमकलको	112
दर्ज्यानी	112
दिलाउँछ	112
दिलायो	112
दीर्घराज	112
दौडेर	112
द्रोण	112
धनकुमारी	112
धादिङबेसीमा	112
धुलाम्मे	112
नकुल	112
नगण्य	112
नदिएमा	112
नभइसकेको	112
नमिलेका	112
नाइजेरियामा	112
निवारणमा	112
पदमराज	112
परिणामतः	112
पाइपको	112
पालमा	112
पासवानको	112
पिपिए	112
पुनरावलोकनको	112
पूर्णरुपले	112
पेजबाट	112
पोइल	112
पोस्ने	112
प्रतिफलको	112
प्रस्तुतिकरण	112
फर्मुला	112
फेदीमा	112
फोनले	112
बर्जु	112
बिजेताले	112
बिनाकारण	112
बिहीबारका	112
बीमित	112
बुझ	112
बुझिसकेका	112
बेइजिङस्थित	112
ब्लुटुथ	112
भगाउने	112
भयका	112
भाइटीकाको	112
भान्साको	112
भावनाअनुसार	112
भाष्कर	112
भेटिनु	112
मनोविज्ञानको	112
महाकुलुङ	112
महेन्द्रनगरबाट	112
मार्की	112
मिर्मिरे	112
मोडालिटीमा	112
मोतीलाल	112
यहाँहरुका	112
यात्रुहरूले	112
रंगका	112
रणनीतिलाई	112
रमाउँछन्	112
राउतका	112
रुपनी	112
लमहीमा	112
लिंगको	112
लिक्विड	112
लियोन	112
लोनमा	112
वटाभन्दा	112
वडामै	112
वर्षभर	112
वस्तुतः	112
विकटता	112
विचित्रको	112
विधेयकबारे	112
विविधिकरण	112
विस्फोटन	112
विहारको	112
शल्यक्रियाको	112
शिलालेख	112
संसदमै	112
सन्दिपले	112
समेटी	112
सम्हाल्नु	112
सहुलियतको	112
साइजमा	112
साइनबोर्ड	112
साकोसका	112
साथको	112
सीलाई	112
सुखका	112
सुन्दरतालाई	112
सोचविचार	112
सोमबारै	112
स्टेटमेन्ट	112
हट्नु	112
हड्डीको	112
हिज्जे	112
१६३	112
९८५११२८४५०	112
€	112
To	111
them	111
अगुवाहरुको	111
अगुवाहरूले	111
अग्रमोर्चामा	111
अनुवादक	111
अभिभावकसँग	111
अवलोकनको	111
अवस्थाहरू	111
अस्तु	111
आइपीएल	111
आरोपितविरुद्ध	111
आर्चायले	111
आवाजहरु	111
आवाजहरू	111
आसनमा	111
आस्वा	111
इंग्ल्यान्डका	111
इच्छित	111
इभी	111
उडाएका	111
उत्पत्तिको	111
उत्सब	111
उत्साहपूर्ण	111
उल्लंघनको	111
ऋषिको	111
एसओएस	111
कक्षबाट	111
कन्फिगरेसन	111
कर्णप्रिय	111
कर्मचारीतन्त्रको	111
काग्रेसको	111
कानूनहरु	111
कार्कीविरुद्ध	111
किन्नुपर्ने	111
किमको	111
क्यानाडाको	111
क्रिप्टोकरेन्सी	111
खसे	111
खातुनलाई	111
गजलमा	111
गर्भबाट	111
गर्भवति	111
गर्वका	111
गायिकाले	111
गुच्छा	111
गुफाको	111
गोरखाली	111
घटाएका	111
चढ्नु	111
चमकदार	111
चमेली	111
चरणअन्तर्गत	111
चाम्सले	111
चारदेखि	111
चेकजाँचमा	111
चौमासिकमा	111
छद्म	111
छलीको	111
छाडेनन्	111
छेडागाड	111
जनक्रान्तिको	111
जनतालाइ	111
जनमैत्री	111
जनाइरहेका	111
जीविकोपार्जनको	111
जैसवालले	111
टहरो	111
ट्रम्पसँग	111
ड्ड	111
तहहरू	111
तालीममा	111
तिराउने	111
थरिका	111
दिनसम्मको	111
दिनू	111
दिपेन	111
दुतावासको	111
धान्नै	111
धीरेन्द्र	111
धुप	111
धुमिल	111
धुलाबारी	111
नआउँदासम्म	111
नमूनाको	111
नसकिँदै	111
नाँच	111
नाराहरु	111
निकुञ्जबाट	111
नितिन	111
निमेष	111
निर्देशकलाई	111
निर्माणस्थलमा	111
नैतिकवान	111
नैराश्यता	111
न्यायाधीशका	111
पराजीत	111
परिपाटीले	111
परिषद्सम्बन्धी	111
पालुवा	111
पुनस्र्थापनाको	111
पूर्वतिर	111
प्रतिष्ठानद्वारा	111
प्रभावितका	111
प्रर्याप्त	111
प्रिमियरमा	111
प्लेटका	111
फुटेजमा	111
फ्रिडम	111
बङ्गलादेशका	111
बङ्गलादेशमा	111
बाझिएका	111
बासिन्दाहरू	111
बाहनामा	111
बिआरआई	111
बिराएर	111
बुझेकी	111
बुझ्यो	111
बेली	111
बैना	111
बोल्नुपर्छ	111
भन्डारी	111
भरपर्दा	111
भवनभित्र	111
भागले	111
भारीले	111
भावलाई	111
भुमिकास्थान	111
भूवन	111
भृकुटीमण्डप	111
मंगलमय	111
मतदाताका	111
मन्त्रिपरिषदका	111
मन्दिरा	111
महाशिवरात्री	111
महेन्द्रनगरका	111
माग्छ	111
मानवअधिकारवादी	111
मानिनेछ	111
मार्क्सले	111
मित्रवत्	111
मिलिजुली	111
मुरली	111
मुर्रा	111
मुलुकबीचको	111
मोनोरेल	111
यादमा	111
यादवसहित	111
यूकेमा	111
रंगकर्मी	111
राख्नै	111
राजको	111
राजस्थानको	111
रोएर	111
रोज्नु	111
रौं	111
लक्ष्मीपूजा	111
लख	111
लगायतबाट	111
लाइनलाई	111
लुम्बिनीलाई	111
लेखाएका	111
वडाहरु	111
वन्न	111
वर्णित	111
वस्नेतले	111
वाइ	111
वान्टेड	111
विघटनका	111
विज्ञप्तिको	111
विषयबस्तु	111
वीपीको	111
वीरेन्द्रनगरको	111
वेलफेयर	111
वेलायत	111
व्यवसायीमा	111
शकुन्तला	111
शान्तिप्रक्रिया	111
शिक्षकमा	111
शिवजीको	111
शीर्षस्थ	111
शृङ्खलाको	111
श्रेष्ठमाथि	111
संचारमाध्यमले	111
संयोगवश	111
संयोजकत्वको	111
संयोजनको	111
संशोधनवादी	111
सक्दैनन	111
सञ्चारमा	111
सर्वाेच्चमा	111
सवालहरु	111
सहीत	111
सामाग्रि	111
सालयता	111
सिकाइएको	111
सिरानचोक	111
सूर्तिजन्य	111
सोका	111
सोताङ	111
सोधियो	111
स्टोन	111
स्वास्थ्योपचार	111
स्वीकारेर	111
हटाइ	111
हरिकला	111
हवन	111
हाइकिङ	111
हाल्छन्	111
हुनेहरूको	111
हुनेहरूमा	111
ह्याचरी	111
२०७४को	111
!"	110
2013	110
अध्यापनमा	110
अन्तरघात	110
अपेक्षाअनुसार	110
अपेक्षामा	110
अम्बा	110
आउनेहरु	110
आफूहरूसँग	110
आफैंसँग	110
आवासका	110
इन्टरटेन्मेन्ट	110
इलामबाट	110
उठाइएका	110
उत्थानशील	110
उत्रिनु	110
उपचारत	110
उपलब्धिहरु	110
उल्टाउने	110
ऋषिले	110
एमसीसीले	110
कर्मचारीहरुमा	110
कलिलै	110
कसैमाथि	110
कात्तिकको	110
काममै	110
किशोरीका	110
कुनकुन	110
केभीको	110
खोज्नेलाई	110
गतसाता	110
गद्य	110
गफमा	110
गराएमा	110
गरिएसँगै	110
गरिसक्यो	110
गर्दैनौ	110
गर्विलो	110
गल्तीहरू	110
गी	110
गुप्तेश्वर	110
गौतमसँग	110
ग्रामथान	110
ग्रीक	110
घटाउनुपर्ने	110
घरधुरीले	110
चन्द्रकुमार	110
चन्द्रप्रकाश	110
चित्लाङ	110
चिन्तनमा	110
चिसिएको	110
च्यातेर	110
छानामा	110
छायांकनको	110
छुँदा	110
छुर्पी	110
जनप्रतिनिधिहरूको	110
जबजको	110
जान्दछ	110
जान्दछन्	110
जिमी	110
जीवा	110
जोड्छ	110
ज्याकी	110
ठाँउबाट	110
डब्ल्यूएचओले	110
डिशहोम	110
डेउडा	110
तथ्याङ्कलाई	110
तराइमा	110
तहबीच	110
त्यहाका	110
थाक्रे	110
दर्शकहरूलाई	110
दलहरूमा	110
दाउपेच	110
दिदिबहिनी	110
दिनअगाडि	110
दिपिका	110
दिप्रुङ	110
दुर्योधन	110
देखाउनुहोस्	110
देवीदेवताको	110
धमलासँग	110
नन्दकिशोर	110
नबसेको	110
नयन	110
नाडाले	110
नालामा	110
निः	110
नियुक्तिलाई	110
नेटवर्क्स	110
नेदरल्याण्ड्स	110
नेल्सन	110
न्यायसंगत	110
पटकभन्दा	110
पठाएकोमा	110
पण्डितलाई	110
परामर्शको	110
परिवहन	110
परिवारहरु	110
पहुँचलाई	110
पाकिस्तानबाट	110
पार्किङमा	110
पालनमा	110
पुर्णिमा	110
पुसदेखि	110
पृष्ठपोषण	110
प्यासेन्जर	110
प्रकाशबहादुर	110
प्रतिक्षित	110
प्रदर्शनकारीको	110
प्रधानध्यापक	110
प्रसाईंलाई	110
प्रसासन	110
प्रहारमा	110
फैलाउनु	110
बन्डल	110
बहराइनका	110
बहाब	110
बालबालिकासहित	110
बासका	110
बिरामीहरूले	110
बिहानीको	110
बेहोर्दै	110
ब्राउनसुगर	110
ब्रेकिङ	110
भइरहेकोमा	110
भविष्यबारे	110
भुल्नु	110
मनाउनका	110
मनिटर	110
मर्दैन	110
महाकालीको	110
महामारीविरुद्ध	110
महिलामैत्री	110
महेशकुमार	110
मानन्धरलाई	110
मानहानी	110
मासुजन्य	110
मिश्राले	110
मुर्ती	110
मेक्सिकन	110
युवतीमा	110
रहमान	110
राखिदिने	110
राखिनु	110
रातिमा	110
रामराज	110
रिजालका	110
रेडिमेड	110
र्न	110
लगाउदा	110
लाभकारी	110
लिन्थे	110
ल्याउँदछ	110
वाटरप्रूफ	110
व्यापारीहरुलाई	110
व्हाइट	110
शमसेर	110
शरणार्थीका	110
शामिल	110
शासकहरूले	110
श्ययाको	110
संगितकार	110
संजीव	110
संरचनाहरुको	110
सखुवा	110
सङ्ग्रहमा	110
सधैँका	110
समापनमा	110
समितिकाे	110
सरकारमै	110
साईड	110
साप्ताहिकमा	110
सामसुङ	110
सुदुरपश्चिमका	110
सुनिरहेका	110
सुरक्षाकर्मीहरु	110
सू	110
सेनिटाईजर	110
स्ट्यान्ड	110
स्तरीकरण	110
स्थापनाले	110
स्रोतः	110
स्वरको	110
स्वराज	110
हटाइएका	110
हनुमानको	110
हरिशंकर	110
हिन्दुराष्ट्र	110
हुनुपथ्र्यो	110
१४१	110
१४८	110
१५२	110
१६२	110
१७औं	110
/-	109
feedback	109
अलार्म	109
अल्सर	109
आत्मरक्षा	109
आमनागरिकले	109
इंजेक्शन	109
इगो	109
इजलासका	109
इन्जिनको	109
उत्तरदायित्वको	109
उपत्यकाभित्रका	109
उपभोगका	109
उम्दा	109
एक्सपोजर	109
एजेन्डालाई	109
एपलाई	109
ओलम्पिकको	109
कमाउ	109
कम्ती	109
करोडौँको	109
कर्णालीलाई	109
कवितासङ्ग्रह	109
कुम्मायक	109
क्रियाकलापबाट	109
क्वीन	109
खानेपानीमन्त्री	109
खेल्नुपर्छ	109
खोजेकी	109
गाउँलेहरुले	109
गाउँहरुमा	109
ग्रेडको	109
घो	109
घ्यु	109
चापले	109
चुन्न	109
चोटको	109
चौधौं	109
चौपायाको	109
छात्रातर्फ	109
छोरासँग	109
जनचाहना	109
जन्तु	109
जससँग	109
जिताए	109
जीवनीमा	109
जेठाजु	109
टाइफाइड	109
टिम्स	109
डीआइजी	109
डेमोक्रेसी	109
ढाकाको	109
तत्पश्चात्	109
तस्बिरले	109
ताइवानी	109
तीव्ररुपमा	109
त्यसबेलाका	109
थुपार्ने	109
दबाबले	109
दरबारमार्गस्थित	109
दिइन्थ्यो	109
दुइटै	109
देउवासहित	109
देशब्यापी	109
द्वन्द्वलाई	109
धामको	109
धैरै	109
नखोजेको	109
नगरकोटीले	109
नरहेकोले	109
नलागेर	109
नलाग्दै	109
नविना	109
नामहरु	109
निःसन्देह	109
निकाल्नका	109
निखार	109
नियन्त्रणलाई	109
निराशामा	109
निर्माणबारे	109
निश्चिन्त	109
नेतृत्वकाे	109
न्यायाधीशहरूको	109
न्यूनचापीय	109
पकाउँदा	109
परिवर्तनहरु	109
पर्नेहरूमा	109
पलाँता	109
पशुपतिनाथमा	109
पहरेदार	109
पारिरहेका	109
पारीको	109
पुजापाठ	109
पूर्वप्रधानमन्त्रीसमेत	109
पोज	109
पोटास	109
प्यालेस्टाइनी	109
प्रतिकारमा	109
प्रतिभावान	109
प्रधानमन्त्रि	109
प्रफुल्ल	109
प्रमुखसहित	109
प्रसन्नता	109
प्रालिमा	109
प्रालिलाई	109
फायरिङ	109
फिफाको	109
बढाउनुहोस्	109
बदलिने	109
बनाऊ	109
बन्दुकधारीले	109
बसिरहने	109
बस्न्यातले	109
बाँच्छ	109
बाँडे	109
बालबच्चालाई	109
बिचलित	109
बिधामा	109
बिमामा	109
बुझ्छ	109
बैँकले	109
ब्रिटेनमा	109
भब्यताका	109
भरसक	109
भर्नुपर्ने	109
भुमिकाको	109
भ्यूटावर	109
मंगलबारका	109
मग्न	109
मतदातासँग	109
मध्यभागमा	109
मनिस	109
मरी	109
मुभी	109
मैनबत्ती	109
मोरङबाट	109
मोर्डन	109
युवापुस्ता	109
रसियामा	109
राँगाको	109
राजकुमारको	109
राज्यकोषबाट	109
राज्यप्रतिको	109
राष्ट्रसंघमा	109
रिजनल	109
रुद्रप्रसाद	109
रुपिया	109
रूसमा	109
रेस्टुरेन्टको	109
लण्डनस्थित	109
लहानका	109
लालमोहर	109
लोकगायक	109
वराहक्षेत्र	109
वरिष्ठताका	109
वान्तवा	109
विकशित	109
विज्ञापनका	109
विभागद्वारा	109
विमानमार्फत	109
विष्फोटमा	109
वीरताको	109
व्यग्र	109
व्यस्थापन	109
व्याजमा	109
शुरुका	109
शृंखलाको	109
श्रीलङ्कामा	109
संस्करणले	109
सचिवहरू	109
सभाकक्षमा	109
समग्रतामा	109
समितिसमेत	109
समूहमाथि	109
सयजना	109
सर्तक	109
सल्लाहकारहरु	109
सामान्यत	109
साहेब	109
सिरहाले	109
सिराहाको	109
सिलिन्डरको	109
सुनाउदै	109
सुनिताले	109
सेलाएको	109
सेवारत	109
सैनिकहरुको	109
स्ट्याण्डर्ड	109
स्मिथले	109
स्रष्टालाई	109
हानेपछि	109
हितविपरीत	109
हुदो	109
हुनेखाने	109
हुनेहरुले	109
१५६	109
१९२	109
…….	109
rights	108
अतिथिहरुमा	108
अतीत	108
अधिकारि	108
अध्ययनहरुले	108
अनुभब	108
अपाङ्गमैत्री	108
अबलोकन	108
अभिभावकहरुलाई	108
अरुबाट	108
असुलीमा	108
अस्थिरताले	108
आको	108
आत्मविश्वासका	108
आत्मियता	108
आयव्यय	108
आवाजका	108
उत्थानमा	108
उद्दारमा	108
उद्यमीहरुलाई	108
उपकरणहरुको	108
एडभेन्चर	108
एडिबी	108
एनएसएल	108
एबम्	108
ओठको	108
कपका	108
करिष्मा	108
काठे	108
कामभन्दा	108
कामीको	108
कारी	108
कार्यान्वयमा	108
क्याम्पसहरुमा	108
खण्डका	108
खतिवडाका	108
खेतीपातीको	108
खोटाङले	108
गंगामाया	108
गरिरहेछन्	108
गरिरह्यो	108
गुरुङसँग	108
घरेलू	108
चतुरबहादुर	108
चलाउनै	108
चाम्स	108
चोड्रन	108
चौतारामा	108
छाउगोठमा	108
छिद्र	108
जग्गाका	108
जजिरा	108
जनजीविका	108
जन्मेपछि	108
जर्बजस्ती	108
जिउमा	108
जिन्स	108
जीविकोपार्जनमा	108
झुलाघाट	108
टुङ्ग्याउन	108
टुर्स	108
टोयोटा	108
ट्याक्टरको	108
ट्राफिकको	108
ठड्याएर	108
डरलाग्दा	108
डाकेर	108
डित	108
डुबुल्की	108
ड्राइभरले	108
ढुंगेलको	108
तहहरुलाई	108
तिंकर	108
तुलाचनले	108
थपलियालाई	108
थममाया	108
थाल्छौं	108
थाल्यौँ	108
दर्तामा	108
दाङ्ग	108
दिइए	108
दीलिप	108
दुःखदायी	108
दुर्गादेवी	108
देखापर्न	108
देखिन्छिन्	108
देवको	108
दोभानमा	108
दोलखाले	108
दौडधुपमा	108
धर्मावलम्बीहरुको	108
धवल	108
धुवाँले	108
नजरबन्दमा	108
नभेटिएपछि	108
नाडी	108
नेपालीपन	108
पन्छी	108
परिवारजनलाई	108
पर्दो	108
पांग्रे	108
पाइपलाइनको	108
पात्रहरूको	108
पाला	108
पितालाई	108
पुनस्र्थापित	108
प्रत्याभुति	108
प्रवेशले	108
प्रवेशिका	108
प्राइमरी	108
फालेलुङ	108
फोटोसहित	108
फोम	108
बङ्गुर	108
बताउँनु	108
बनारसमा	108
बन्दाबन्दीमा	108
बर्दिबासमा	108
बहसले	108
बहुक्षेत्रीय	108
बाबर	108
बिद्यार्थीहरुले	108
बिन्दुहरू	108
बुधबारका	108
बेहोर्नुपर्ने	108
ब्युटिसियन	108
भइदिए	108
भइरहन्छन्	108
भीआईपी	108
भुइँचालो	108
मच्चाएका	108
मच्छिन्द्रनाथ	108
मञ्जुरी	108
मधुकुमार	108
मनाइरहँदा	108
मनीष	108
मन्त्रालयअन्तर्गतको	108
मभित्र	108
मरिन	108
मर्मअनुसार	108
मर्यादामा	108
महेन्द्रप्रसाद	108
मात्रिका	108
माधवले	108
मानसिकताबाट	108
मापक	108
मियो	108
मुन्ना	108
मुस्लो	108
मुहानको	108
मेकर	108
मेन्स	108
मेवाको	108
मोजा	108
म्याप	108
म्याराडोनाको	108
युवाहरूमा	108
योगमाया	108
राईविरुद्ध	108
राजकुमारले	108
रायोको	108
रिच	108
रेवान	108
रेस्क्यु	108
रोलमा	108
लागिसक्यो	108
लाजिम्पाटमा	108
लुकास	108
वर्मा	108
वास्तव	108
विद्यालयहरूको	108
शनिको	108
शाखाहरू	108
शिक्षालयको	108
शिष्ट	108
शुल्कका	108
श्रेष्ठसहित	108
सकेकोमा	108
सङ्गठनात्मक	108
सञ्चालकहरुको	108
सप	108
समपन्न	108
समुदायकै	108
सम्झिँदा	108
सहमतिबाटै	108
सिकारी	108
सिम्ता	108
सिल्भाले	108
सुनामी	108
सुशन	108
सेवामार्फत	108
हुनपुग्यो	108
हेडलाईन	108
होचा	108
होच्याउने	108
१७४	108
१८औँ	108
some	107
अंशको	107
अगुवाको	107
अङ्गमा	107
अध्यक्षहरुको	107
अनुपस्थिति	107
अनुशन्धान	107
अनुहारका	107
अपनाइने	107
असुलउपर	107
आजैका	107
आठबिसकोट	107
आरोहीको	107
आवेदनको	107
आसिन	107
इकाईले	107
इच्छाले	107
इन्जिनीयर	107
उकालोमा	107
उजूरी	107
उपकार	107
एकनाथ	107
एमालेभित्रको	107
एलिस	107
एसले	107
ओलीजीले	107
ओलीप्रति	107
औँल्याएका	107
औषधिजन्य	107
कर्णलाई	107
कर्नरमा	107
कर्पोरेसनले	107
कर्मलाई	107
कामदारहरुलाई	107
कार्यबहाक	107
किताबका	107
किलर	107
कुराहरूले	107
केन्द्रबाटै	107
केलियन	107
क्यापिटलका	107
क्रमसँगै	107
क्वारेन्टाइनका	107
खरीदमा	107
गणेशकुमार	107
गरेबमोजिम	107
गर्बुजाले	107
गाँजेको	107
गुणगान	107
गोताखोर	107
गोलबन्द	107
गोलीको	107
गोलीसहित	107
ग्राहकबाट	107
चन्द्रनिगाहपुर	107
चर	107
चलनचल्तीमा	107
चुनिएर	107
चेलीलाई	107
जनावरबाट	107
जन्माएर	107
जमाएर	107
जवर्जस्ती	107
जान्दछौं	107
जिरा	107
झापाकी	107
टाढैबाट	107
डलरले	107
डिग्रीमा	107
ढुंगानालाई	107
ढुंगेललाई	107
तमाङ	107
तर्कमा	107
तिम्ले	107
थिइ	107
दार्चुलाले	107
दुरगामी	107
धनले	107
धिं	107
नगए	107
नगएर	107
नपर्नु	107
नहुँदो	107
नाकाका	107
नाचमा	107
नारायणगढमा	107
नियमावलीअनुसार	107
नीतिहरूको	107
नेतृत्वप्रति	107
नेपालीबाट	107
नौटंकी	107
परिपत्रमा	107
परिवारहरुलाई	107
पर्या	107
पसले	107
पारो	107
पार्टनरमा	107
पार्टनरसँग	107
पेटिका	107
प्रणालीगत	107
प्रतिबन्धमा	107
प्रतिविम्बित	107
प्रह्लाद	107
प्राध्यापकले	107
प्रोसेसिङ	107
फस्टाउँदै	107
फिदिममा	107
फिनाले	107
फौजलाई	107
फ्ल्यास	107
बनाइँदै	107
बलान	107
बाढीपीडितलाई	107
बासिन्दाहरु	107
बिद्यार्थीले	107
बिपक्षी	107
बिश्वका	107
बुद्धत्व	107
बुनेका	107
बेटा	107
बेलुकीको	107
बोकाको	107
ब्यवसायमा	107
ब्राउजरमा	107
ब्रायन	107
ब्रिफिङमा	107
भनिसकेपछि	107
भाग्नु	107
भास्कुलर	107
भेट्यो	107
भोटले	107
मकहाँ	107
मधेशलाई	107
मन्त्रीज्यू	107
मरिरहेका	107
मलेशियामा	107
मस्कको	107
महोत्तरीले	107
माटोबाट	107
मात	107
माफि	107
मार्चदेखि	107
मिलोस	107
मिसनको	107
मृतककी	107
मोटरेवल	107
यतिमा	107
यहाँहरुलाई	107
रमाएको	107
राख्नेछन्	107
रानीले	107
रायन	107
रावणको	107
रुचाइएका	107
रुद्रबहादुर	107
रुलिङ	107
रोपिएका	107
रोलिङ	107
लक्ष्मीपुर	107
लक्ष्मीलाई	107
लक्ष्यहरु	107
लखेट्ने	107
लगाएरै	107
लत्याएर	107
लिभर	107
लुइटेल	107
लोग्नेको	107
लोप्चन	107
वरिष्ट	107
वरीयताको	107
वसोवास	107
विधयेक	107
विपरीतको	107
विश्वबजारमा	107
वैज्ञानिकहरुको	107
व्यायामको	107
शरतसिंह	107
शल्यक्रियापछि	107
शिवा	107
संजोग	107
सञ्चारमाध्यमबाट	107
सञ्जयकुमार	107
सदस्यहरुका	107
समर्थ	107
सम्प्रदायका	107
सर्दैन	107
सहमतीमा	107
सिक्नुहोस्	107
सीमान्त	107
सीसीएमसीको	107
सुखै	107
सुन्तलीले	107
सुरसार	107
सुवासले	107
सुस्तापूर्व	107
सुुरु	107
सूरु	107
स्काउटको	107
स्टिलको	107
स्तम्भमा	107
स्थापन	107
स्माइल	107
स्रष्टाको	107
हस्ताक्षरमा	107
हाँसेको	107
हाम्रोजस्तो	107
हिडिरहेको	107
हुँदाहुँदा	107
हेडलाइन	107
१०ः३०	107
,…	106
Here	106
just	106
well	106
अनुमतिका	106
अन्तराष्टिय	106
अरुकै	106
अर्घ्य	106
अष्टमी	106
आइहाल्छ	106
आउछन्	106
आकृष्ट	106
आतङ्कवादी	106
आमनिर्वाचन	106
आशिष्	106
आहृवान	106
इच्छाहरू	106
इनोभेसन	106
ईसाई	106
उजुरीमाथि	106
उद्घाटनपछि	106
उद्दारका	106
उन्माद	106
उल्लासमय	106
एघारौँ	106
एनिमल	106
एमसीए	106
एम्स	106
कन्चनपुर	106
कन्जुस्याइँ	106
कन्ट्रयाक्ट	106
कलेजहरुले	106
काभ्रेपलान्चोक	106
कार्यकता	106
कार्यविधी	106
कालखण्ड	106
किट्स	106
केदारप्रसाद	106
केसहरूमा	106
कोहलपुरको	106
क्रिसमसको	106
खानसँग	106
खुवाए	106
खेलमध्ये	106
खोजेँ	106
गणतन्त्रले	106
गनेर	106
गरीव	106
गर्नकालागि	106
गाउँपालिको	106
गुणहरु	106
गे	106
गोपनियता	106
घटनाक्रमको	106
घेरेको	106
चालमा	106
छात्राहरु	106
छुट्याएका	106
छोपिएको	106
जर्गेना	106
जवाफको	106
जायजेथा	106
जिन्दगीका	106
जिल्लावासी	106
जुट्यो	106
जोडि	106
ज्याकलिन	106
झिकेको	106
टिमुर	106
टुट्ने	106
ट्रेडिङले	106
ट्वेन्टी	106
डिश	106
डुंगामा	106
ढिलाइले	106
तलाई	106
तलाबाट	106
तुल	106
त्यसबेलादेखि	106
थ्रोट	106
दयानिधी	106
दिदाँ	106
दिदीबहिनीलाई	106
दुखि	106
दोषिलाई	106
धनीराम	106
नजान्दा	106
नजीक	106
नतिजाका	106
नब्बे	106
नामेट	106
निकाल्नुपर्ने	106
निम	106
निष्प्रभावी	106
नेतामाथि	106
न्यायपालिकामा	106
पचरौता	106
पढाईको	106
पदार्थहरु	106
परिसुचक	106
परिस्थितिहरू	106
पशुमा	106
पहरी	106
पाइपलाइनमा	106
पार्टिले	106
पुगेसँगै	106
पुनरावेदक	106
पुरेर	106
पूर्वराजाले	106
पेलेको	106
पोइन्टहरू	106
प्रचण्डमाथि	106
प्रतिविम्ब	106
प्रतिष्ठानबाट	106
प्रभावकारीता	106
प्रमोशन	106
फक्स	106
फर्किन्छ	106
फलाउन	106
फाइबरको	106
फोटोफिचर	106
फ्याक्टर	106
बग्यो	106
बचपन	106
बजारस्थित	106
बडु	106
बदनियत	106
बनाउनुहुन्छ	106
बाँ	106
बाटाे	106
बाह्रखरी	106
बिक्ने	106
बिनय	106
बिल्ला	106
बिस्वास	106
बीना	106
बोल्दैन	106
ब्रोइलर	106
भन्नेमै	106
भविष्यप्रति	106
भावनाबाट	106
भित्ते	106
भूमरीमा	106
मण्डप	106
मयुर	106
मलेसियालाई	106
महानिरीक्षकमा	106
मागिरहेको	106
मालेका	106
मुक्ती	106
मुताविक	106
मुद्धालाई	106
मूला	106
मेघावाट	106
मोटरसाइकलसहित	106
मौलाना	106
यहाँहरु	106
युगका	106
यौनसम्बन्ध	106
रंगिन	106
रक्षकको	106
रहनको	106
रहनुका	106
रहनुभएकी	106
राजनीतिसँग	106
राजवंशीको	106
रिपो	106
रियलमा	106
रेफ्रीको	106
रोकायाको	106
लगाइनेछ	106
लडाकुलाई	106
ललाई	106
लागियो	106
लेखेकै	106
लोकमा	106
वनाएको	106
वरियता	106
वर्गमिटर	106
वाषिर्क	106
विधानविपरीत	106
विवादकै	106
विशेषज्ञहरू	106
विश्लेषकहरू	106
विश्वासी	106
वीपीले	106
वृहत्तर	106
व्यहोरेका	106
शरीरभित्र	106
शैतानले	106
संक्रमितमा	106
सत्रदेखि	106
सभापतिहरुको	106
समाउने	106
समापनको	106
समावेशीता	106
सर्वशक्तिमान	106
सवारीचालक	106
सहनशीलताको	106
सिक्काको	106
सिख	106
सिरियलमा	106
सुम्पेको	106
सोचौं	106
स्वराजले	106
हकअधिकार	106
हारसँगै	106
हालसम्मका	106
हिँड्डुल	106
हुदैन्	106
होटललाई	106
60	105
???	105
Email	105
F	105
bikashnews.com	105
अङग्रेजी	105
अधिकारकर्मीले	105
अधिकारले	105
अध्यादेशलाई	105
अनिकाल	105
अनुसूचीमा	105
अफ्	105
अमेरिकासँगको	105
अरुमा	105
अलराउन्डर	105
अल्ट्रासाउन्ड	105
अवतरणको	105
असारमै	105
अस्वस्थ्य	105
आमिरले	105
आविस्कार	105
इजिप्टमा	105
इन्डोर	105
उद्धेश्यका	105
उपकरणका	105
उपाध्यायका	105
उमेशलाल	105
एजेन्टलाई	105
एनिमिया	105
एपिसोडमा	105
एम्बाप्पे	105
एसएस	105
एसियामै	105
ऐनामा	105
ऐले	105
औसतभन्दा	105
कठिनाइहरू	105
कताबाट	105
कमलाको	105
कमाएकी	105
कर्जन्हा	105
कार्कीसँग	105
कार्यहरुलाई	105
काश्मीर	105
किर्तिपुर	105
कुलमानको	105
कोटिंग	105
क्विन्स	105
क्षतिबाट	105
गजुर	105
गरिदैन	105
गरुन	105
गुरागाईं	105
गेम्स	105
घटित	105
चन्द्रयान	105
चमेलिया	105
चराहरु	105
चलि	105
चाहीं	105
छांै	105
छुट्टीको	105
जनाकै	105
जनावरहरूको	105
जन्मेदेखि	105
जरिमाना	105
जलचर	105
जाडोयाममा	105
जानेहरुको	105
जीर्णोद्धार	105
जीवाश्म	105
जुनको	105
झाडा	105
झारपात	105
झारा	105
झारिएको	105
टुट्न	105
ट्विटमा	105
डाक्नेश्वरी	105
डोटीले	105
तहसम्मका	105
तानसेनको	105
तिलको	105
तीनमध्ये	105
त्यसप्रकारको	105
त्यहाको	105
थन्किएर	105
थालेकाे	105
दंगीशरण	105
दर्शकमा	105
दिलाई	105
दैलेखले	105
दौडाहामा	105
धा	105
धितालको	105
ध्वंश	105
नगदमा	105
नजिकिएको	105
नपाका	105
नरोक्न	105
नर्सरीमा	105
नशालु	105
नसामा	105
नाचेको	105
नाचेर	105
निःस्वार्थ	105
निकुन्ज	105
निरन्जन	105
निलम्बनको	105
निवारणको	105
नेताबीचको	105
पक्कि	105
पक्षकै	105
पक्षघात	105
पढाए	105
पढ्नको	105
पदार्थका	105
पीएम	105
प्याकेजिङ्ग	105
प्रचण्डकै	105
प्रतिक्षालय	105
प्रतिबद्धताका	105
प्रध्यापक	105
प्रबन्धकको	105
प्रबृत्ति	105
प्रष्टीकरण	105
प्रावधानका	105
प्रेमनाथ	105
फाउण्डेसनको	105
फैलिएसँगै	105
फैसलाबाट	105
फोरेर	105
फ्लुको	105
बच्नु	105
बर्गका	105
बाँडफाँडमा	105
बार्सा	105
बालिकाहरु	105
बीज	105
बुझेँ	105
बेमेल	105
बेरमै	105
बैजनी	105
बैठकबारे	105
ब्यवहारिक	105
भनिएकाे	105
भनिएकोमा	105
भित्रन	105
भूषण	105
भोलानाथ	105
मतगणनाका	105
मतिर	105
मधेसकेन्द्रित	105
मन्टेश्वरी	105
महतारा	105
महानगरिय	105
माघसम्म	105
मालिकार्जुन	105
मिल्ला	105
मुखर्जीले	105
मुगल	105
मुम्बइ	105
मुलुकमै	105
मूल्यसूची	105
मेहनतको	105
मोडिएको	105
म्याकबुक	105
रक्तअल्पता	105
राख्नकोलागि	105
रिभर्स	105
रुपयाँ	105
रूपा	105
रेलगाडीको	105
लिले	105
लुतो	105
ल्याउदा	105
विषयहरुको	105
शिल्पाले	105
सचेतता	105
सत्यराज	105
सदस्यहरुबाट	105
सदस्यिय	105
सानुकुमार	105
सामान्यीकरण	105
साला	105
सीमाभन्दा	105
सूजन	105
स्कटल्यान्ड	105
स्त्रीको	105
स्वघोषित	105
हाकिमको	105
हुनसक्दैन	105
हुनुभएन	105
हेडक्वाटर	105
होइनौँ	105
१४७	105
१९९	105
2021,	104
£	104
अक्षम्य	104
अगष्टमा	104
अधिकांशमा	104
अध्यापक	104
अनुमतिमा	104
अनुसन्धानात्मक	104
अमरेशकुमार	104
अयोध्यामा	104
अर्थव्यवस्थामा	104
अर्थोपेडिक	104
अल्टिच्युड	104
आइडलका	104
आइतवारदेखि	104
आत्तिएको	104
आशु	104
इंग्ल्यान्डको	104
इक्रा	104
इन्डस्ट्रिज	104
इन्स्टल	104
उधृत	104
उपाध्यक्षसमेत	104
ऊर्जालाई	104
एकअर्का	104
एकपटकमा	104
एकसरो	104
एकीकरणमा	104
एग्रिकल्चर	104
एपोलो	104
ओढाई	104
कमलमणि	104
कमिला	104
कमिसनका	104
काजक्रिया	104
काठमा	104
काठमाडौबाट	104
काफ्लेलाई	104
कामदारहरूलाई	104
कार्यरत्	104
कार्यालयहरुबाट	104
कीटनाशक	104
कुकुरहरू	104
क्याथोलिक	104
क्लवलाई	104
खबरसँग	104
खलङ्गा	104
खाडीबाट	104
खोजिए	104
गठवन्धनका	104
गठवन्धनको	104
गर्भवतीलाई	104
गायव	104
ग्लुकोज	104
घटाउनका	104
घरभित्रको	104
चटक्कै	104
चाख्न	104
चौदण्डीगढी	104
जमल	104
जयजयकार	104
जागा	104
जामको	104
जितलाई	104
जिल्लाहरुबाट	104
जैसवाल	104
ज्योतिले	104
टुक्रे	104
ट्याटू	104
ठान्न	104
डमी	104
डिम्ब	104
डिष्ट्रिक्ट	104
डीभी	104
डेनमार्कका	104
ड्राई	104
तताएको	104
तथ्याङ्कको	104
तमलोपा	104
तरवार	104
तुम्बाहाम्फे	104
तुरून्तै	104
थपिन्छ	104
थबटेन	104
दुर्घटनाले	104
दुष्प्रचार	104
द्रूत	104
धरानलाई	104
धिरेन	104
नगरबासीलाई	104
नभईकन	104
नयाँबजार	104
नाडाका	104
नारायणगढको	104
निर्क्योल	104
निर्ममतापूर्वक	104
निष्पक्षताको	104
पक्षी	104
पढाउँदा	104
पदकबाट	104
परवाह	104
परियोजनाहरूमा	104
परीक्षार्थीले	104
पर्खन	104
पाटे	104
पाणिनि	104
पुर्याइएका	104
पुर्वाधारको	104
प्रवेस	104
प्रसादका	104
फण्डको	104
फर्कन्छ	104
फ्ल्याटमा	104
बढाउनुको	104
बतासे	104
बराइली	104
बर्खिलाप	104
बलभद्र	104
बलायरले	104
बलिदानबाट	104
बलिरहेको	104
बस्दैन	104
बाधाहरू	104
बालेनलाई	104
बिलको	104
बोटको	104
बोनसहरू	104
ब्यूरोको	104
भन्यौ	104
भौतिकवाद	104
मँ	104
मंत्री	104
मकैमा	104
मङ्गलबारदेखि	104
मन्तव्यमा	104
मर्दै	104
महंगोमा	104
मानस	104
माल्दिभ्सका	104
मिच्दै	104
मुसलधारे	104
मूर्तिकला	104
मूलको	104
मेलबेट	104
मेसेन्जर	104
यक्ष	104
यसप्रकारका	104
युइएफए	104
युवाहरुका	104
यूनिट	104
रबी	104
रहिरहन	104
राख्छिन्	104
राख्नुपर्नेमा	104
रिसाए	104
रेटमा	104
रेमिट्यान्सले	104
रोक्नुहोस्	104
र्घटनामा	104
लागिसकेका	104
लाग्छु	104
लालसा	104
लिगल	104
ल्याबको	104
विघटनविरुद्धको	104
विद्यार्थीहरूका	104
विनाकारण	104
विपीन	104
विवेकपूर्ण	104
वुधवार	104
व्यपार	104
व्यवसायीबीच	104
शुरुआती	104
शुसिल	104
शोभित	104
श्रमजीवि	104
संन्यास	104
सजावटी	104
सत	104
सदस्यहरुसँग	104
सनक	104
सन्धिले	104
सम्झिएँ	104
सम्भोग	104
सरेपछि	104
सर्वेक्षणका	104
सर्वोपरी	104
सलहको	104
सातु	104
सानाठूला	104
सामग्रीसहित	104
सारंगी	104
सिकाइका	104
सिचाइ	104
सुदूरपश्चिमाञ्चल	104
सुपुत्र	104
सुव्यवस्थित	104
सूचनाअनुसार	104
सोमबहादुर	104
स्केच	104
स्टाइलिश	104
स्थानमै	104
स्थापनादेखि	104
स्पेक्ट्रम	104
स्याम्पल	104
स्लाइड	104
स्वास्थ्यकर्मीका	104
हडप्ने	104
हल्दिबारी	104
हव	104
हिस्साको	104
हुुन्छ	104
१९६७	104
****	103
Download	103
USB	103
articles,	103
e	103
himal	103
only	103
अध्यात्मिक	103
अनिलले	103
अनेकन्	103
अन्तरसरकारी	103
अभिनयका	103
अर	103
असक्त	103
असामाजिक	103
अहिलेजस्तो	103
आएकाहरुको	103
आत्तिएका	103
आदेशविरुद्ध	103
आन्द्राको	103
आन्द्रामा	103
आर्सनललाई	103
आस्बा	103
इकोसिस्टम	103
उठी	103
एएनआई	103
एकवर्ष	103
एन्जिला	103
एभोकाडो	103
एमएल	103
ओमन	103
कनिष्ठ	103
कपिलदेव	103
कलाकारमा	103
काढेर	103
कार्यविधिले	103
कार्यालयहरूले	103
किनारबाट	103
किनिएको	103
कुटाइ	103
केन्द्रबिन्दुमा	103
कोलकातामा	103
क्रमको	103
खाद्यान्नका	103
खिचिएका	103
खेल्थे	103
गंगाधर	103
गन्तव्यतर्फ	103
गाउँलेहरूले	103
गुज्रिरहेका	103
गुणासम्म	103
ग्राहकहरुका	103
घटाउँदा	103
घुमिरहेका	103
चरणहरूमा	103
चारजनालाई	103
चाह	103
चाहिरहेको	103
चेतनारायण	103
चैन	103
चौबिसे	103
छायांकनका	103
छायानाथ	103
छिर्दा	103
छेकेर	103
छोरोको	103
जनजातिहरुको	103
जलमार्ग	103
जानलाई	103
जान्नुपर्छ	103
जीवनशैलीका	103
जीवनशैलीको	103
जेबी	103
जेसिजको	103
जोडिनेछ	103
झुकाउने	103
झुपडीमा	103
झुल	103
टिजरमा	103
टेड्रोस	103
ट्रंक	103
ट्विटरले	103
डण्डी	103
डब्लूएचओ	103
ड्राइभरको	103
ढंग	103
ढुङगा	103
तपाईँहरू	103
तस्वीरः	103
ताइवानले	103
तिरै	103
तिलौराकोट	103
तीनबुँदे	103
तोक्दा	103
थपिएपछि	103
थिएनौँ	103
दरबन्दीको	103
दर्शकबाट	103
दर्शाउँछ	103
दिनभरको	103
दिनसमेत	103
दिलाउनका	103
देवकी	103
देहमा	103
दोकान	103
दौडिरहेको	103
धब्बा	103
धोनीको	103
ध्रुवराज	103
नउठेको	103
नकर्मी	103
नजोडिएको	103
नबने	103
नवरात्र	103
नागरिकहरुका	103
निधनबाट	103
निर्क्यौल	103
निर्यातलाई	103
नोकर	103
पंक्तिकार	103
पत्रकारहरुका	103
पद्मश्री	103
परियो	103
परीक्षणहरू	103
पर्सागढी	103
पललाई	103
पार्टीबीचको	103
पुँजीवादले	103
पुससम्म	103
पौडेलसहित	103
प्रक्रियाअनुसार	103
प्रतिनिधिहरूलाई	103
प्रतिपदाका	103
प्रथामिकता	103
प्रदर्शनीका	103
प्रयोजनार्थ	103
प्रवर्तन	103
प्रवर्द्धक	103
प्रोजेक्टका	103
फलोअर्स	103
फाइटर	103
फाल्दा	103
फी	103
फोनपे	103
फ्रेममा	103
बङ्गाल	103
बचाऔं	103
बञ्चरो	103
बटर	103
बबरमहल	103
बराबरीसँगै	103
बर्दियाले	103
बल्न	103
बाजेले	103
बिद्या	103
बिसर्जन	103
बीमितले	103
बुझ्छु	103
बुट्टा	103
बेचिएको	103
बोगटान	103
ब्यवसायीले	103
ब्यवस्थापनको	103
ब्रान्च	103
भत्काएका	103
भन्	103
भारतीयहरु	103
भुपु	103
भेटलाई	103
मट्टीतेल	103
मठमा	103
महामन्त्रीको	103
माओवादीभित्र	103
मिमी	103
मिलिरहेको	103
मिलोमतो	103
मुकारुङ	103
मुभमेन्ट	103
म्याड्रिडका	103
यसमै	103
योजनाहरुलाई	103
रङ्गीन	103
रमझम	103
रहनेछु	103
रहेछौं	103
राष्ट्रबैंकले	103
रास्ट्र	103
रेडपाण्डाको	103
रोनाल्ड	103
रोमाञ्चित	103
लमा	103
लिओनेल	103
लेखिन्	103
लेखिरहेको	103
लेट	103
ल्याबका	103
वालमा	103
विग	103
विज्ञहरूका	103
वितरणमुखी	103
वीरगन्जस्थित	103
वृत	103
वेदप्रसाद	103
व्य	103
शान्तिपूर्वक	103
शीतलहर	103
श्रष्टा	103
संक्रमणकाल	103
संलग्नहरुलाई	103
सक्नेमा	103
समाते	103
समुहकी	103
सम्पदाले	103
सवालको	103
साझाका	103
सामाग्रीमा	103
सामिप्यता	103
सिंचाईको	103
सिपमुलक	103
सुज	103
सुधारेर	103
सुन्दरबजार	103
सेवासमेत	103
सोख	103
सोचनीय	103
स्टकमा	103
स्टलमा	103
स्तनधारी	103
स्याङ्तान	103
स्वास्थ्यकर्मीहरू	103
हङकङलाई	103
ा	103
१९१७	103
अगेन	102
अधिकृतसहित	102
अनलाईनबाट	102
अनुत्तीर्ण	102
अन्तरालपछि	102
अन्तीम	102
अपूर्व	102
अभियन्ताहरुले	102
अमेरिकाबीचको	102
अमेरिकामै	102
अरुबेला	102
अल्बर्ट	102
अष्ट	102
आँधीको	102
आभूषण	102
आयुक्तको	102
आर्जनका	102
आवातजावत	102
आवेशमा	102
उचाल्न	102
उठाउँछ	102
उठिबास	102
उड्दै	102
उत्तरगंगा	102
उत्पादकत्वमा	102
उपचारले	102
ऋणका	102
एजेण्डाहरु	102
एडम	102
एम्बुलेन्सले	102
ओड	102
ओभानो	102
करोडका	102
कर्मचारीबीच	102
काउन्सिलिङ	102
काटिन्छ	102
काट्यो	102
काठमाडौंकी	102
कानले	102
कानूनअनुसार	102
कार्यशालाको	102
कार्यसम्पादनको	102
कार्यालयसहित	102
कालोपट्टी	102
काेभिड	102
कुवरले	102
कृष्णलाई	102
केसिले	102
कोठालाई	102
कोरियाबीच	102
कोरेको	102
क्वारेनटाइनमा	102
खत्रीका	102
खर्चिएको	102
गणको	102
गरिदिनुहुन	102
गर्नुहुन	102
गाउँपालिकासँग	102
गितले	102
गुज्रेका	102
गुमाइसकेको	102
गोलभेँडा	102
गोलभेंडा	102
गौमुल	102
घडिमा	102
घर्तिले	102
चलिरह्यो	102
चाहिन्थ्यो	102
चाैधरी	102
चिन्हको	102
चेतनामुलक	102
चौकाको	102
चौधरीसँग	102
छाति	102
जनजीविकाको	102
जन्मजयन्तीका	102
जमराको	102
जागरुकता	102
जिल्ल	102
जैशीले	102
जोकोहीले	102
झ्यालमा	102
टाँगिएको	102
टुंगिने	102
टुटफुट	102
टुसा	102
ट्रष्टले	102
डडेल्धुराले	102
डिजाइनहरू	102
डेलिभरीको	102
ढले	102
ढुकुटीबाट	102
तिर्नुपर्नेछ	102
तीनकुनेमा	102
तेजप्रसाद	102
थकाई	102
थानीले	102
थुनिएर	102
थुन्ने	102
दम्पति	102
दरबारमार्गमा	102
दसौँ	102
दायराभित्र	102
दुराचार	102
देउरालीमा	102
दोसाँधमा	102
धना	102
नआएर	102
नजरबाट	102
नवमी	102
नसक्नुले	102
नागेश	102
नानीहरू	102
नायकले	102
नियोजनका	102
नियोजनको	102
निराकरणका	102
निर्धारणको	102
निर्माणधीन	102
निष्ठापूर्वक	102
नेपालसहितका	102
पत्नि	102
पदयात्राको	102
परमादेशबाट	102
पहलले	102
पाखो	102
पाटीको	102
पाण्डेयको	102
पार्टपुर्जा	102
पुनरुत्थानका	102
पूजन	102
पेनस्टक	102
पेस्तोलसहित	102
प्रकार्यहरू	102
प्रदेशस्तरमा	102
प्रमोसन	102
प्रश्नै	102
प्राविधिकहरु	102
प्लिज	102
फार्मका	102
फिगर	102
फुकाएर	102
फुर्वा	102
फुलेर	102
फ्रिकिक	102
बगेका	102
बढेकोमा	102
बन्दीलाई	102
बन्यजन्तु	102
बबी	102
बमलाई	102
बसाइमा	102
बस्तीहरुमा	102
बस्नुअघि	102
बस्यालको	102
बाँस्कोटालाई	102
बाड्ने	102
बाढीपहिरोले	102
बालगृह	102
बिघामा	102
बितेपछि	102
बिप्लव	102
बियरको	102
बीमक	102
बुद्धलाई	102
बेच्छन्	102
बेरोजगारको	102
बेसीशहर	102
भनसुन	102
भन्दिन	102
भन्नलाई	102
भागबण्डाको	102
भाग्यो	102
भानुभक्तको	102
भिन्दै	102
भिषामा	102
भीडभाडमा	102
भीमदत्तनगर	102
भेलाका	102
भोगी	102
भोजको	102
मध्यको	102
मन्त्रिस्तरीय	102
मर	102
मरणको	102
महाधिवेशनअन्तर्गत	102
महीनादेखि	102
मार्चपास	102
मार्ला	102
मिजार	102
मृत्य	102
मोहर	102
यहाँहरुले	102
रंगले	102
रणनीतिले	102
रसियाले	102
रानीपोखरीमा	102
रेडपाण्डा	102
रोमियो	102
लछारपछार	102
लाग्दथ्यो	102
लिमी	102
लुटतन्त्र	102
वकिललाई	102
वहाँलाई	102
विग्रह	102
विन्दा	102
विवरणलाई	102
व्याडमिन्टन	102
शाखाकी	102
शास्त्रले	102
शिवम	102
शेखरले	102
संवर्द्धन	102
सकिनु	102
सघाउँदै	102
सत्यतालाई	102
सदियौंदेखि	102
सभ्यतामा	102
समेट्नुपर्ने	102
सम्बन्धविच्छेदको	102
सरलीकृत	102
सर्वसाधरणले	102
सावुन	102
सिनामंगल	102
सिन्दूर	102
सिफरिस	102
सुइँको	102
सुकदेव	102
सूर्यले	102
स्वार्थभन्दा	102
हिंसाविरुद्ध	102
हितराज	102
हिन्दुहरूको	102
हिलाम्य	102
हुलहुज्जत	102
होश	102
ह्वावेले	102
्गा	102
२०७	102
२१औँ	102
४५६	102
).	101
28	101
ChatGPT	101
GB	101
New	101
her	101
अंगालो	101
अचम्मका	101
अधिकृतहरुलाई	101
अनलाइनलाई	101
अनियमिता	101
अन्तरसम्बन्धित	101
अपाङ्गताको	101
अर्बले	101
असन्तुष्टिलाई	101
असी	101
आइज	101
आइजी	101
आईपीएलको	101
आजसम्मको	101
आलेमगर	101
इटहरीले	101
ईशान	101
ईश्वरीप्रसाद	101
उखुबारीमा	101
उडड्यन	101
उदघोष	101
उद्देश्यलाई	101
उद्यानमा	101
उपकरणलाई	101
ऋषिराज	101
ओहोदाको	101
कञ्चनपुरबाट	101
काँग्रेससँग	101
कालापानीको	101
किनमेलका	101
किशोरीमाथि	101
कुपोषित	101
कैदीबन्दीले	101
कोषमार्फत	101
क्वालिफायर	101
खतराबाट	101
गजेन्द्रबहादुर	101
गराउनुपर्नेमा	101
गरिएकै	101
गरिदिनुपर्छ	101
गर्दो	101
गहनाको	101
गायनको	101
गुरिल्ला	101
गुर्जो	101
गैरराजनीतिक	101
घटुवा	101
घन्टे	101
चढी	101
चालेर	101
चाहिदैन	101
चियापानमा	101
जनउत्तरदायी	101
जनचेतनाका	101
जनवरीको	101
जयपुरी	101
जातिवादी	101
जात्राका	101
जात्रालाई	101
जारको	101
जिताउनु	101
जितिसकेका	101
जित्छु	101
जित्नुपर्ने	101
जिनपिङ	101
जोत्न	101
ज्याक्सन	101
टन्नै	101
टूर	101
ट्याङ्क	101
डन्डी	101
डिपार्टमेन्टल	101
डिभाइसको	101
तराईबाट	101
तालतलैया	101
ताललाई	101
तुलसीप्रसाद	101
थारुहरुको	101
दयाल	101
दलबीचको	101
दाँया	101
दादा	101
दिदीबहिनीहरु	101
दिनुहुँदै	101
दुरा	101
दुवईमा	101
दृश्यता	101
देखाउनको	101
देखाउनुभएको	101
देख्नै	101
देवताहरू	101
धीरज	101
धुम्बाराही	101
नगरपालिको	101
नजाओस्	101
नदीमाथि	101
नासाका	101
निःशूल्क	101
निर्वाण	101
निल्न	101
नेपालतिर	101
नोभेम्बरको	101
न्यौपानले	101
पदवी	101
पद्माकुमारी	101
परिश्रमको	101
पर्फमेन्स	101
पहुँचवाला	101
पाखुरामा	101
पाख्रिनले	101
पुस्तान्तरण	101
पृथ्वीराज	101
पृष्ठहरूमा	101
प्रतिभाका	101
प्रतिशतमात्रै	101
प्रेमीका	101
फुटबलबाट	101
फ्युजन	101
बग	101
बढनु	101
बताइरहँदा	101
बनाऔँ	101
बनाम	101
बन्नै	101
बसेकालाई	101
बहने	101
बाढि	101
बिछोड	101
बिहानैबाट	101
बीचका	101
बुद्धभूमि	101
बेनीघाट	101
बोगटीको	101
भदौसम्म	101
भवानीप्रसाद	101
भाषाहरू	101
भिभो	101
भेटिँदैन	101
भेदभावको	101
भोकको	101
मंचका	101
मःम	101
मतदानस्थलमा	101
मलेसियाली	101
मस्क	101
माइतीको	101
मार्को	101
मास्को	101
मुखर्जीको	101
मेस	101
मोडलिङमा	101
रचनात्मकता	101
राजश्वमा	101
राणाका	101
राणाकालमा	101
रानामगरले	101
रिपोर्टलाई	101
रिप्लाई	101
रुसबाट	101
रेकर्डबाट	101
र्यालीको	101
लिएन	101
लीन	101
ल्यान्डिङ	101
वर्षात्को	101
विकासप्रेमी	101
विजयादशमीको	101
विज्ञहरुसँग	101
विद्यालयस्तरीय	101
विपद्बाट	101
विशेषका	101
विश्लेषकहरुले	101
विश्लेषणात्मक	101
विहारमा	101
वृत्तका	101
वृद्धवृद्धाको	101
वेबमा	101
व्यवसायीहरुका	101
शत्रुता	101
शहरीकरण	101
शोका	101
संघर्षपूर्ण	101
सङ्गीता	101
सजीव	101
सन्तानकी	101
सन्दुक	101
समर्थकमा	101
सर्वसम्मतले	101
सर्वेन्द्रनाथ	101
सलमानलाई	101
सवारीले	101
सशक्तीकरणका	101
साथीभाइको	101
सिराहामा	101
सिवाय	101
सीमानाकामा	101
सीमासम्म	101
सुनसरीबाट	101
सुनुवाईमा	101
सेनिटाइजरको	101
सोँच	101
सोडा	101
सोह्रखुट्टे	101
स्थापनाकाल	101
स्वभावलाई	101
हाउसबाट	101
हातधुने	101
हिराको	101
हिस्सामा	101
हेटौडामा	101
होईन्	101
होमिन	101
०५९	101
१९५३	101
२०३	101
-'	100
Hidden	100
passion	100
read	100
stories,	100
there	100
would	100
अभिनेत्रीले	100
अभीष्ट	100
अर्कोपटक	100
अवलोकनमा	100
आँसुले	100
आईपीएस	100
आउनसक्छ	100
आरामले	100
इकाईमा	100
इन्टरनेशनलले	100
इन्द्रको	100
इरानसँग	100
ईटा	100
ईमेज	100
उदेक	100
उपमहानगरपालिकालाई	100
उपार्जन	100
उभ्याएर	100
एकताबाट	100
एकाग्र	100
एबीसी	100
एयरवेज	100
एसेम्बल	100
ओगटेका	100
ओमानका	100
ओराली	100
कटिङ	100
कट्टेलको	100
कन्हैया	100
कभर्डहलमा	100
कानुनि	100
कान्तिपुरका	100
कामदारहरूले	100
कामेश्वर	100
कार्तिकमा	100
कार्यकारीको	100
कार्यान्वयनसँगै	100
काश्मिर	100
किन्नुहोस्	100
किशोरकिशोरी	100
कुर्ची	100
कृषकहरू	100
क्यामरुन	100
क्र्यास	100
क्षणहरू	100
क्षयरोगका	100
खाइने	100
गगनचुम्बी	100
गराइरहेकी	100
गाग्री	100
गोविन्दबहादुर	100
चक्रवर्ती	100
चटपटे	100
चरिकोटमा	100
चाडमा	100
चुनेको	100
चोरले	100
च्यालेन्जर्स	100
छर्रा	100
छाैँ	100
छिटोमा	100
छुट्याउनु	100
जङ्गी	100
जनालाइ	100
जर्मनीलाई	100
जलविद्युतमा	100
जागरूकता	100
जिन्दगीभर	100
जोडतोडले	100
टाल	100
ट्रेडर्स	100
डटकमबाट	100
डल्फिन	100
डायरीमा	100
डुब्यो	100
तताएर	100
तात्विक	100
तोड्नु	100
थारुहरु	100
थुपै्र	100
थ्रेट	100
दरो	100
दार्जिलिङमा	100
दुवैजनालाई	100
देखिएकै	100
देखिन्	100
देशमाथि	100
धुवाँको	100
नबनाए	100
नलागोस्	100
निदाउने	100
निर्धारणमा	100
नेपालीभाषी	100
नेपालीहरूका	100
नेमार	100
पङ्क्ति	100
पट्टा	100
पनौतीमा	100
परकम्प	100
पर्नेगरी	100
पाँचजनाको	100
पाउछन्	100
पाउदैन	100
पाठ्यपुस्तकमा	100
पालिकाभित्र	100
पिरलो	100
पुछ्दै	100
पुर्नगठन	100
पुर्याउँछन्	100
पृथ्वीबाट	100
प्रकोपमा	100
प्रतिवद्वता	100
प्रहारले	100
प्राप्तीका	100
प्रेमकथा	100
प्रेमध्वज	100
प्रोपाइटर	100
फलेका	100
फुटबलले	100
फुल्न	100
फुसको	100
फेर्नु	100
फोका	100
फोल्डर	100
बग्रेल्ती	100
बजेटबारे	100
बनाउनेबारे	100
बरामत	100
बर्बर	100
बस्तीहरु	100
बालकल्याण	100
बालगोपालेश्वर	100
बिमलेन्द्र	100
बुझियो	100
बेसिक	100
बोलाउनुभएको	100
भताभुङ्ग	100
भनिसकेका	100
भिडेका	100
भिड्नेछन्	100
भेटेकी	100
मजदुरहरूको	100
मध्यका	100
मलेखु	100
महसुलमा	100
महाजात्रा	100
महारानीको	100
माउण्टेन	100
माघीको	100
मान्दछन्	100
मुखी	100
मूल्यवान्	100
मोवाइलमा	100
मोस्टबेट	100
यथास्थितिवादी	100
यसविरुद्ध	100
युनिश	100
युवतीहरुलाई	100
रंगमञ्च	100
रक्तचापका	100
रहिम	100
राप्ति	100
रामानन्द	100
राष्ट्रहरुमा	100
रूपैयाँसम्म	100
रेखाहरू	100
रोकिराखेको	100
रोधी	100
लाओस	100
लिची	100
लिनुका	100
लिनुपर्नेछ	100
लेप्चा	100
लेभलको	100
वनप्लस	100
वर्षपहिले	100
वालुवा	100
विद्रोहलाई	100
विलियन	100
वेबसाईट	100
वेवारिसे	100
व्यावस्थापकहरि	100
शिक्षकबाट	100
शीर्षकका	100
शुरुको	100
श्रब्य	100
संघसंस्थालाई	100
संस्थाद्वारा	100
सक्दैनथे	100
सचिवहरुको	100
सभाध्यक्षतामा	100
समझदार	100
समझदारीका	100
समपूरक	100
समीक्षाका	100
समेट्नु	100
सम्भ्रान्त	100
सम्हालिरहेका	100
सरकारद्धारा	100
सरकारलाइ	100
सरोकारवालाहरू	100
साबेलले	100
सीमाक्षेत्रमा	100
सुकी	100
सुकुम्बासीलाई	100
सुगरसहित	100
सुते	100
सुरुआतमा	100
सुरुसुरुमा	100
स्तरबाटै	100
स्मारकमा	100
स्लिम	100
स्वरूपको	100
हत्याउने	100
हप्ते	100
हलहरुमा	100
हिमनदी	100
हिरोको	100
हुँदादेखि	100
हुलास	100
हेरि	100
हेरिसकेका	100
होप	100
